credito_id,cliente_id,fecha_desembolso,producto_credito,monto_credito,plazo_meses,tasa_interes_mensual,valor_cuota_pactada,canal_originacion,score_interno_originacion,relacion_cuota_ingreso,politica_aprobacion,estado_credito_operativo,tasa_outlier,mora_30,max_dias_mora_6m,pct_pagadas_tiempo,n_cuotas_con_mora,fecha_registro,departamento,ciudad,edad,genero,estrato,nivel_educativo,ocupacion,ingreso_mensual_estimado,canal_adquisicion,score_externo,tiene_producto_ahorro,numero_dependientes,dispositivo_principal,email_hash,score_externo_nulo,edad_sospechosa,total_eventos,dias_activo,logins,pagos_iniciados,pagos_exitosos,pagos_fallidos,consultas_saldo,simulaciones_credito,solicitudes_soporte,pct_exitosos,pct_abandonados,sesion_promedio_seg,tasa_conversion_pago,prob_mora,banda_riesgo
CR000001,CL00001,2025-03-25,Crédito libre inversión,2000000,9,0.0301,257000,App,677,0.1606,Automática,Finalizado,0,0,18,0.6666666666666666,2,2024-03-25,Valle del Cauca,Cali,41,M,1,Técnico/Tecnólogo,Comerciante,1600000.0,Campaña digital,444.0,False,2,Android,hash_732413,0,0,4,189,2,0,0,1,0,1,0,0.5,0.25,135.75,0.0,0.6562256584256795,"Muy alto
(> 60%)"
CR000002,CL00002,2025-09-08,Avance de nómina,2150000,3,0.0261,754000,Web,859,0.2278,Automática,Finalizado,0,0,0,1.0,0,2025-09-27,Tolima,Ibagué,35,F,3,Técnico/Tecnólogo,Pensionado,3310000.0,Referido,580.0,False,3,iOS,hash_130099,0,0,8,177,4,0,0,1,1,1,0,0.875,0.0,162.75,0.0,0.3318259320823238,"Medio
(15-35%)"
CR000003,CL00003,2024-06-28,Microcrédito,4350000,6,0.0398,829000,Aliado,805,0.3528,Manual,Mora moderada,0,1,48,0.6666666666666666,2,2024-01-19,Bogotá D.C.,Bogotá,42,F,2,Universitario,Independiente,2350000.0,Campaña digital,564.0,False,0,iOS,hash_166668,0,0,18,796,7,4,2,0,3,1,0,0.8888888888888888,0.1111111111111111,160.0,0.5,0.6344155328038944,"Muy alto
(> 60%)"
CR000004,CL00003,2024-03-22,Avance de nómina,950000,12,0.0233,92000,App,861,0.0391,Automática,Finalizado,0,0,7,0.6666666666666666,2,2024-01-19,Bogotá D.C.,Bogotá,42,F,2,Universitario,Independiente,2350000.0,Campaña digital,564.0,False,0,iOS,hash_166668,0,0,18,796,7,4,2,0,3,1,0,0.8888888888888888,0.1111111111111111,160.0,0.5,0.37829388945430426,"Alto
(35-60%)"
CR000005,CL00003,2026-01-30,Crédito consumo digital,1450000,9,0.0211,179000,Aliado,865,0.0762,Automática,Activo,0,0,0,1.0,0,2024-01-19,Bogotá D.C.,Bogotá,42,F,2,Universitario,Independiente,2350000.0,Campaña digital,564.0,False,0,iOS,hash_166668,0,0,18,796,7,4,2,0,3,1,0,0.8888888888888888,0.1111111111111111,160.0,0.5,0.34790264089971756,"Medio
(15-35%)"
CR000006,CL00005,2026-01-28,Microcrédito,1300000,6,0.0253,236000,App,776,0.2593,Automática,Mora moderada,0,1,33,0.3333333333333333,2,2025-12-12,Cundinamarca,Soacha,34,F,1,Universitario,Empleado,910000.0,Aliado comercial,515.0,False,2,Android,hash_782416,0,0,10,104,3,2,2,1,2,0,0,0.6,0.3,205.8,1.0,0.7458883925370873,"Muy alto
(> 60%)"
CR000007,CL00006,2024-08-11,Crédito libre inversión,3800000,12,0.0293,380000,Web,867,0.1105,Automática,Finalizado,0,0,24,0.8333333333333334,1,2024-03-12,Valle del Cauca,Cali,34,F,2,Técnico/Tecnólogo,Empleado,3440000.0,Referido,466.0,True,0,iOS,hash_308859,0,0,8,647,0,1,0,2,2,1,0,0.75,0.0,174.125,0.0,0.45152860806051875,"Alto
(35-60%)"
CR000008,CL00007,2025-06-24,Crédito libre inversión,10800000,12,0.0319,1098000,Aliado,875,0.2845,Automática,Mora severa,0,1,88,0.6666666666666666,2,2025-03-21,Antioquia,Medellín,52,M,3,Universitario,Conductor/Repartidor,3860000.0,App orgánico,600.0,True,0,Android,hash_238286,0,0,12,383,5,0,1,1,3,1,1,0.5833333333333334,0.25,160.08333333333334,0.0,0.5182802464335405,"Alto
(35-60%)"
CR000009,CL00008,2024-10-19,Microcrédito,1300000,18,0.0314,96000,App,606,0.064,Manual,Mora severa,0,1,79,0.6666666666666666,2,2023-12-30,Cundinamarca,Soacha,44,F,4,Técnico/Tecnólogo,Desempleado,1500000.0,Campaña digital,456.0,True,0,Android,hash_305776,0,0,13,725,5,2,2,1,2,0,1,0.5384615384615384,0.3076923076923077,144.3846153846154,1.0,0.6942284745416,"Muy alto
(> 60%)"
CR000010,CL00010,2025-04-16,Crédito libre inversión,2100000,24,0.0336,129000,App,874,0.0502,Automática,Mora moderada,0,1,54,0.8333333333333334,1,2024-12-10,Cundinamarca,Soacha,41,F,3,Posgrado,Conductor/Repartidor,2220000.0,Referido,576.0,True,0,Android,hash_162021,0,0,12,450,3,1,2,0,2,1,3,0.5833333333333334,0.1666666666666666,154.75,2.0,0.4343338401220364,"Alto
(35-60%)"
CR000011,CL00011,2025-09-11,Crédito consumo digital,350000,12,0.0252,34000,App,783,0.0262,Automática,Activo,0,0,0,1.0,0,2025-07-30,Antioquia,Medellín,31,F,4,Técnico/Tecnólogo,Desempleado,1300000.0,Referido,573.0,False,1,Android,hash_435299,0,0,12,192,4,3,0,0,2,1,1,0.6666666666666666,0.25,198.66666666666663,0.0,0.5510922132222299,"Alto
(35-60%)"
CR000012,CL00011,2026-01-11,Crédito libre inversión,1300000,12,0.0315,132000,Web,756,0.1015,Automática,Activo,0,0,0,0.75,0,2025-07-30,Antioquia,Medellín,31,F,4,Técnico/Tecnólogo,Desempleado,1300000.0,Referido,573.0,False,1,Android,hash_435299,0,0,12,192,4,3,0,0,2,1,1,0.6666666666666666,0.25,198.66666666666663,0.0,0.5982791503102729,"Alto
(35-60%)"
CR000013,CL00012,2025-03-29,Crédito libre inversión,6300000,9,0.0268,797000,Web,870,0.2271,Automática,Finalizado,0,0,0,1.0,0,2024-01-24,Antioquia,Medellín,31,M,4,Universitario,Empleado,3510000.0,Campaña digital,665.0,False,0,Android,hash_925626,0,0,7,678,4,1,1,0,1,0,0,1.0,0.0,207.8571428571429,1.0,0.22437783782295984,"Medio
(15-35%)"
CR000014,CL00013,2026-01-19,Crédito consumo digital,1700000,6,0.0259,310000,App,866,0.0664,Automática,Activo,0,0,0,1.0,0,2024-10-26,Valle del Cauca,Cali,38,M,5,Técnico/Tecnólogo,Empleado,4670000.0,Aliado comercial,692.0,False,0,Android,hash_505105,0,0,10,449,2,2,3,1,1,1,0,0.8,0.1,139.3,1.5,0.18786779012434374,"Medio
(15-35%)"
CR000015,CL00014,2026-02-12,Crédito consumo digital,600000,3,0.0222,209000,Web,610,0.275,Manual,Activo,0,0,0,0.6666666666666666,0,2025-09-30,Cundinamarca,Soacha,19,F,1,Técnico/Tecnólogo,Estudiante,760000.0,App orgánico,435.0,False,3,Android,hash_335419,0,0,10,177,3,2,1,0,2,0,1,0.4,0.5,145.4,0.5,0.6955583732926897,"Muy alto
(> 60%)"
CR000016,CL00015,2025-12-14,Crédito consumo digital,1400000,12,0.0286,139000,App,836,0.0468,Automática,Activo,0,0,16,0.6,1,2026-01-02,Antioquia,Medellín,19,M,4,Bachiller,Empleado,2970000.0,App orgánico,506.0,False,4,iOS,hash_479270,0,0,24,117,6,6,1,2,5,0,1,0.7916666666666666,0.0833333333333333,159.5,0.1666666666666666,0.40911569055493485,"Alto
(35-60%)"
CR000017,CL00015,2025-12-13,Crédito libre inversión,4400000,6,0.022,791000,Web,727,0.2663,Automática,Mora severa,0,1,77,0.4,2,2026-01-02,Antioquia,Medellín,19,M,4,Bachiller,Empleado,2970000.0,App orgánico,506.0,False,4,iOS,hash_479270,0,0,24,117,6,6,1,2,5,0,1,0.7916666666666666,0.0833333333333333,159.5,0.1666666666666666,0.7272562517503965,"Muy alto
(> 60%)"
CR000018,CL00015,2025-12-05,Crédito consumo digital,1450000,9,0.0377,193000,App,868,0.065,Automática,Activo,0,0,26,0.6,1,2026-01-02,Antioquia,Medellín,19,M,4,Bachiller,Empleado,2970000.0,App orgánico,506.0,False,4,iOS,hash_479270,0,0,24,117,6,6,1,2,5,0,1,0.7916666666666666,0.0833333333333333,159.5,0.1666666666666666,0.3603463284090253,"Alto
(35-60%)"
CR000019,CL00016,2024-11-14,Crédito libre inversión,4350000,9,0.0309,561000,App,857,0.2397,Automática,Finalizado,0,0,0,1.0,0,2023-03-05,Atlántico,Barranquilla,30,F,2,Sin información,Empleado,2340000.0,Aliado comercial,577.0,True,1,Web,hash_503777,0,0,7,801,0,1,0,0,1,1,2,0.5714285714285714,0.1428571428571428,142.42857142857142,0.0,0.5219833398955069,"Alto
(35-60%)"
CR000020,CL00017,2025-10-17,Crédito consumo digital,4200000,9,0.0275,533000,App,894,0.1444,Automática,Activo,0,0,15,0.6666666666666666,2,2024-11-22,Caldas,Manizales,26,F,2,Técnico/Tecnólogo,Empleado,3690000.0,App orgánico,658.0,False,1,iOS,hash_466081,0,0,10,492,3,0,2,0,3,1,0,0.8,0.2,174.3,0.0,0.19277795270676637,"Medio
(15-35%)"
CR000021,CL00018,2024-11-27,Crédito consumo digital,850000,6,0.0234,154000,Call center,874,0.0533,Automática,Finalizado,0,0,3,0.8333333333333334,1,2024-03-23,Antioquia,Medellín,39,M,5,Bachiller,Comerciante,2890000.0,Referido,651.0,False,1,Android,hash_771553,0,0,12,637,6,2,0,0,2,0,2,0.6666666666666666,0.1666666666666666,127.41666666666669,0.0,0.3041344745319091,"Medio
(15-35%)"
CR000022,CL00020,2025-04-07,Crédito consumo digital,1950000,3,0.034,695000,Aliado,900,0.1421,Automática,Finalizado,0,0,0,1.0,0,2023-08-14,Bogotá D.C.,Bogotá,22,M,5,Universitario,Empleado,4890000.0,Referido,706.0,True,2,Android,hash_838096,0,0,13,928,6,2,1,1,1,0,2,0.6153846153846154,0.1538461538461538,116.0,0.5,0.2216147420869759,"Medio
(15-35%)"
CR000023,CL00023,2026-01-26,Crédito consumo digital,4100000,9,0.0322,532000,App,900,0.1354,Automática,Activo,0,0,0,1.0,0,2025-11-13,Cundinamarca,Soacha,37,F,5,Sin información,Empleado,3930000.0,Referido,669.0,False,0,Android,hash_429231,0,0,5,122,0,2,0,0,1,0,1,0.6,0.2,69.0,0.0,0.21649825034115658,"Medio
(15-35%)"
CR000024,CL00026,2025-10-28,Crédito consumo digital,2050000,12,0.0308,207000,App,867,0.0674,Automática,Activo,0,0,2,0.8333333333333334,1,2025-10-21,Santander,Bucaramanga,37,F,3,Técnico/Tecnólogo,Independiente,3070000.0,Aliado comercial,618.0,False,0,Android,hash_796454,0,0,6,145,2,1,0,0,0,1,2,0.5,0.1666666666666666,190.33333333333331,0.0,0.2549404302143881,"Medio
(15-35%)"
CR000025,CL00027,2024-03-03,Crédito consumo digital,1300000,12,0.0248,127000,App,845,0.0357,Automática,Mora severa,0,0,0,1.0,0,2023-05-23,Bogotá D.C.,Bogotá,24,F,5,Técnico/Tecnólogo,Independiente,3560000.0,Call center,616.0,True,1,iOS,hash_737787,0,0,4,938,3,0,0,0,1,0,0,0.75,0.25,156.75,0.0,0.22451008641896034,"Medio
(15-35%)"
CR000026,CL00028,2025-05-15,Crédito consumo digital,850000,12,0.0212,81000,Aliado,708,0.075,Automática,Mora severa,0,0,15,0.8333333333333334,1,2025-11-13,Santander,Bucaramanga,40,F,4,Sin información,Estudiante,1080000.0,Referido,548.0,False,0,iOS,hash_900819,0,0,18,153,9,3,0,0,4,1,0,0.9444444444444444,0.0555555555555555,150.05555555555554,0.0,0.5069190249899003,"Alto
(35-60%)"
CR000027,CL00028,2025-10-03,Crédito libre inversión,1950000,6,0.0311,361000,Aliado,667,0.3343,Automática,Finalizado,0,0,14,0.5,3,2025-11-13,Santander,Bucaramanga,40,F,4,Sin información,Estudiante,1080000.0,Referido,548.0,False,0,iOS,hash_900819,0,0,18,153,9,3,0,0,4,1,0,0.9444444444444444,0.0555555555555555,150.05555555555554,0.0,0.6813868950749817,"Muy alto
(> 60%)"
CR000028,CL00028,2025-12-20,Crédito libre inversión,2550000,6,0.0284,468000,App,661,0.4333,Manual,Activo,0,0,22,0.5,2,2025-11-13,Santander,Bucaramanga,40,F,4,Sin información,Estudiante,1080000.0,Referido,548.0,False,0,iOS,hash_900819,0,0,18,153,9,3,0,0,4,1,0,0.9444444444444444,0.0555555555555555,150.05555555555554,0.0,0.7060033079139094,"Muy alto
(> 60%)"
CR000029,CL00029,2025-10-10,Crédito consumo digital,3300000,6,0.0322,614000,App,877,0.1616,Automática,Finalizado,0,0,0,1.0,0,2024-05-09,Norte de Santander,Cúcuta,30,F,2,Técnico/Tecnólogo,Microempresario,3800000.0,Call center,645.0,False,0,Android,hash_737938,0,0,10,611,1,3,1,0,1,0,3,0.6,0.1,183.4,0.3333333333333333,0.22703704879099415,"Medio
(15-35%)"
CR000030,CL00030,2025-12-18,Crédito libre inversión,4350000,12,0.0217,416000,App,864,0.1195,Automática,Activo,0,0,0,1.0,0,2025-11-06,Cundinamarca,Soacha,33,M,3,Universitario,Empleado,3480000.0,Referido,636.0,False,0,Android,hash_332076,0,0,9,156,2,3,2,1,0,0,1,0.5555555555555556,0.2222222222222222,149.22222222222223,0.6666666666666666,0.2997649884048579,"Medio
(15-35%)"
CR000031,CL00031,2026-01-29,Crédito libre inversión,9600000,18,0.0204,643000,Aliado,900,0.1448,Automática,Activo,0,0,0,1.0,0,2024-06-03,Bolívar,Cartagena,30,M,3,Universitario,Independiente,4440000.0,Campaña digital,615.0,True,0,Android,hash_403602,0,0,6,495,1,0,1,0,1,1,2,0.6666666666666666,0.0,92.5,0.0,0.28038374260473287,"Medio
(15-35%)"
CR000032,CL00033,2025-08-11,Crédito consumo digital,4000000,12,0.0383,422000,App,900,0.1275,Automática,Activo,0,0,0,1.0,0,2025-07-30,Caldas,Manizales,36,M,4,Bachiller,Independiente,3310000.0,Referido,675.0,False,1,Android,hash_296846,0,0,6,219,2,1,1,0,0,1,1,0.6666666666666666,0.1666666666666666,120.33333333333331,1.0,0.27388883759205723,"Medio
(15-35%)"
CR000033,CL00034,2026-02-01,Microcrédito,700000,6,0.0255,127000,App,811,0.083,Automática,Activo,0,0,0,0.6666666666666666,0,2026-01-04,Bogotá D.C.,Bogotá,25,F,1,Técnico/Tecnólogo,Comerciante,1530000.0,Aliado comercial,476.0,True,1,Android,hash_347536,0,0,22,109,6,2,0,2,4,1,4,0.6818181818181818,0.0454545454545454,168.54545454545453,0.0,0.5497017691114958,"Alto
(35-60%)"
CR000034,CL00034,2025-08-01,Crédito libre inversión,1200000,12,0.0332,123000,Web,730,0.0804,Automática,Mora moderada,0,1,32,0.6666666666666666,2,2026-01-04,Bogotá D.C.,Bogotá,25,F,1,Técnico/Tecnólogo,Comerciante,1530000.0,Aliado comercial,476.0,True,1,Android,hash_347536,0,0,22,109,6,2,0,2,4,1,4,0.6818181818181818,0.0454545454545454,168.54545454545453,0.0,0.6843910687378784,"Muy alto
(> 60%)"
CR000035,CL00035,2025-03-21,Crédito consumo digital,4050000,6,0.0373,766000,Web,900,0.152,Automática,Finalizado,0,0,0,1.0,0,2024-12-01,Atlántico,Barranquilla,44,M,3,Posgrado,Microempresario,5040000.0,Campaña digital,684.0,False,2,Android,hash_732405,0,0,8,262,6,0,0,0,0,0,2,0.625,0.125,85.875,0.0,0.22368012993378428,"Medio
(15-35%)"
CR000036,CL00036,2025-09-29,Crédito consumo digital,950000,12,0.0211,90000,Aliado,572,0.0448,Manual,Activo,0,0,0,1.0,0,2025-02-16,Cundinamarca,Soacha,24,M,2,Técnico/Tecnólogo,Independiente,2010000.0,Campaña digital,588.0,True,1,Android,hash_647473,1,0,17,389,4,4,1,2,3,1,0,0.7647058823529411,0.1176470588235294,153.1764705882353,0.25,0.47005674093876915,"Alto
(35-60%)"
CR000037,CL00036,2025-11-03,Crédito libre inversión,6550000,6,0.0248,1188000,App,462,0.591,Excepción,Activo,0,0,27,0.3333333333333333,3,2025-02-16,Cundinamarca,Soacha,24,M,2,Técnico/Tecnólogo,Independiente,2010000.0,Campaña digital,588.0,True,1,Android,hash_647473,1,0,17,389,4,4,1,2,3,1,0,0.7647058823529411,0.1176470588235294,153.1764705882353,0.25,0.6201188090543532,"Muy alto
(> 60%)"
CR000038,CL00037,2025-10-10,Crédito libre inversión,6450000,6,0.0267,1178000,Web,889,0.5746,Excepción,Mora moderada,0,1,52,0.6666666666666666,2,2025-07-20,Norte de Santander,Cúcuta,38,M,1,Posgrado,Empleado,2050000.0,Campaña digital,601.0,False,1,Android,hash_976533,0,0,8,232,2,0,1,0,4,0,0,0.875,0.125,147.625,0.0,0.6194236459416516,"Muy alto
(> 60%)"
CR000039,CL00038,2025-09-19,Crédito consumo digital,1900000,12,0.0338,195000,App,679,0.0759,Automática,Mora severa,0,1,73,0.3333333333333333,4,2025-06-29,Antioquia,Medellín,19,F,3,Bachiller,Desempleado,760000.0,Referido,418.0,False,2,Android,hash_209162,0,0,8,204,2,2,0,0,2,0,1,0.625,0.25,160.75,0.0,0.7376555984052654,"Muy alto
(> 60%)"
CR000040,CL00039,2025-11-29,Crédito consumo digital,2650000,6,0.0263,483000,App,854,0.1543,Automática,Activo,0,0,0,1.0,0,2024-03-21,Tolima,Ibagué,23,M,4,Universitario,Empleado,3130000.0,Campaña digital,670.0,True,2,Android,hash_431119,0,0,13,621,2,3,3,1,1,2,0,0.8461538461538461,0.0769230769230769,202.23076923076923,1.0,0.23045414397554376,"Medio
(15-35%)"
CR000041,CL00039,2024-06-27,Crédito libre inversión,4450000,12,0.0183,417000,App,864,0.1332,Automática,Mora moderada,0,0,0,1.0,0,2024-03-21,Tolima,Ibagué,23,M,4,Universitario,Empleado,3130000.0,Campaña digital,670.0,True,2,Android,hash_431119,0,0,13,621,2,3,3,1,1,2,0,0.8461538461538461,0.0769230769230769,202.23076923076923,1.0,0.2228922863666752,"Medio
(15-35%)"
CR000042,CL00040,2025-09-01,Microcrédito,2350000,3,0.0408,848000,App,900,0.2024,Automática,Mora severa,0,1,74,0.6666666666666666,1,2025-12-08,Bolívar,Cartagena,38,M,3,Bachiller,Microempresario,4190000.0,App orgánico,610.0,False,2,iOS,hash_831862,0,0,14,134,6,2,1,0,2,0,3,0.5714285714285714,0.2142857142857142,128.28571428571428,0.5,0.37235336934145463,"Alto
(35-60%)"
CR000043,CL00040,2026-01-09,Avance de nómina,1800000,6,0.0187,320000,Web,840,0.0764,Automática,Activo,0,0,0,0.75,0,2025-12-08,Bolívar,Cartagena,38,M,3,Bachiller,Microempresario,4190000.0,App orgánico,610.0,False,2,iOS,hash_831862,0,0,14,134,6,2,1,0,2,0,3,0.5714285714285714,0.2142857142857142,128.28571428571428,0.5,0.29083398185002984,"Medio
(15-35%)"
CR000044,CL00041,2023-10-04,Microcrédito,3800000,3,0.0396,1368000,App,827,0.45,Manual,Finalizado,0,0,0,1.0,0,2023-06-28,Atlántico,Barranquilla,43,F,4,Técnico/Tecnólogo,Independiente,3040000.0,Campaña digital,699.0,False,1,Android,hash_795532,0,0,8,929,3,1,3,0,0,0,1,0.875,0.0,105.625,3.0,0.30608567415152405,"Medio
(15-35%)"
CR000046,CL00043,2025-03-30,Crédito consumo digital,1550000,9,0.0294,199000,Call center,900,0.0812,Automática,Finalizado,0,0,0,1.0,0,2024-03-07,Santander,Bucaramanga,35,M,5,Técnico/Tecnólogo,Empleado,2450000.0,App orgánico,690.0,False,2,Android,hash_869460,0,0,5,519,2,0,0,0,1,0,1,0.4,0.4,172.8,0.0,0.28378825465085744,"Medio
(15-35%)"
CR000047,CL00044,2026-01-05,Crédito consumo digital,1150000,12,0.0308,116000,Aliado,900,0.0391,Automática,Activo,0,0,0,0.75,0,2024-12-25,Cundinamarca,Soacha,33,F,4,Bachiller,Microempresario,2970000.0,App orgánico,704.0,False,0,Android,hash_791319,0,0,10,364,1,2,1,1,2,1,2,0.7,0.0,112.9,0.5,0.20299580477826754,"Medio
(15-35%)"
CR000048,CL00044,2025-09-09,Avance de nómina,900000,3,0.0192,312000,Aliado,900,0.1051,Automática,Finalizado,0,0,0,1.0,0,2024-12-25,Cundinamarca,Soacha,33,F,4,Bachiller,Microempresario,2970000.0,App orgánico,704.0,False,0,Android,hash_791319,0,0,10,364,1,2,1,1,2,1,2,0.7,0.0,112.9,0.5,0.2175438916561195,"Medio
(15-35%)"
CR000049,CL00045,2024-11-13,Crédito consumo digital,700000,3,0.0224,244000,App,787,0.0949,Automática,Finalizado,0,0,0,1.0,0,2024-10-23,Cundinamarca,Soacha,21,No informa,2,Universitario,Microempresario,3240000.0,Aliado comercial,497.0,True,1,Android,hash_921935,0,0,4,278,1,1,1,0,0,0,0,1.0,0.0,115.0,1.0,0.4146670362409904,"Alto
(35-60%)"
CR000050,CL00046,2025-07-23,Crédito consumo digital,1850000,12,0.0298,186000,App,811,0.0724,Automática,Activo,0,0,0,1.0,0,2025-01-21,Cundinamarca,Soacha,29,F,5,Técnico/Tecnólogo,Estudiante,1120000.0,Referido,613.0,False,4,iOS,hash_348724,0,0,13,378,3,2,0,1,5,0,1,0.6153846153846154,0.2307692307692307,205.84615384615384,0.0,0.3334371979693206,"Medio
(15-35%)"
CR000051,CL00047,2025-10-26,Crédito libre inversión,3250000,18,0.0247,226000,Call center,786,0.1378,Automática,Activo,0,0,19,0.8333333333333334,1,2025-08-08,Risaralda,Pereira,31,F,2,Sin información,Comerciante,1640000.0,Campaña digital,569.0,False,0,Android,hash_799746,0,0,10,256,4,2,0,0,2,0,2,0.8,0.0,139.2,0.0,0.5449683021500054,"Alto
(35-60%)"
CR000052,CL00048,2026-01-30,Crédito consumo digital,1650000,6,0.027,302000,Call center,800,0.1175,Automática,Activo,0,0,0,1.0,0,2025-01-03,Tolima,Ibagué,47,M,2,Universitario,Independiente,2370000.0,App orgánico,554.0,False,1,iOS,hash_892173,0,0,15,464,4,2,1,2,3,1,1,0.6666666666666666,0.1333333333333333,161.4,0.5,0.47011503437661367,"Alto
(35-60%)"
CR000053,CL00050,2025-05-11,Crédito libre inversión,3750000,12,0.0186,351000,App,803,0.1526,Automática,Mora moderada,0,0,25,0.3333333333333333,4,2023-09-17,Bogotá D.C.,Bogotá,19,M,3,Bachiller,Pensionado,2300000.0,App orgánico,523.0,False,1,Android,hash_362091,0,0,7,787,2,0,0,0,4,0,1,0.5714285714285714,0.2857142857142857,185.14285714285717,0.0,0.577476984726488,"Alto
(35-60%)"
CR000054,CL00051,2025-12-12,Crédito libre inversión,7550000,3,0.0335,2687000,App,726,0.9842,Excepción,Mora moderada,0,1,49,0.0,3,2024-08-07,Bogotá D.C.,Bogotá,39,M,3,Técnico/Tecnólogo,Comerciante,2730000.0,Campaña digital,530.0,False,0,Android,hash_774533,0,0,10,585,3,1,2,0,2,1,0,0.8,0.2,135.0,2.0,0.5847475905885493,"Alto
(35-60%)"
CR000055,CL00052,2025-06-28,Crédito consumo digital,3250000,6,0.0325,605000,Aliado,782,0.1576,Automática,Mora moderada,0,1,46,0.6666666666666666,2,2024-04-01,Santander,Bucaramanga,32,F,4,Técnico/Tecnólogo,Empleado,3840000.0,App orgánico,606.0,False,3,iOS,hash_571869,0,0,12,516,3,1,2,0,3,0,3,0.5833333333333334,0.1666666666666666,126.08333333333331,2.0,0.49136533535298677,"Alto
(35-60%)"
CR000056,CL00054,2025-01-05,Crédito consumo digital,1400000,12,0.0252,137000,Web,809,0.0628,Automática,Mora moderada,0,0,24,0.8333333333333334,1,2023-06-21,Valle del Cauca,Cali,42,M,1,Posgrado,Microempresario,2180000.0,Referido,550.0,False,2,Android,hash_741593,0,0,5,818,1,1,0,0,2,0,0,1.0,0.0,166.2,0.0,0.4164284257178952,"Alto
(35-60%)"
CR000057,CL00056,2025-10-23,Crédito consumo digital,2050000,6,0.0217,368000,App,900,0.1553,Automática,Finalizado,0,0,23,0.8333333333333334,1,2025-08-08,Santander,Bucaramanga,45,M,2,Bachiller,Empleado,2370000.0,App orgánico,609.0,False,0,Android,hash_503551,0,0,10,162,2,3,1,1,2,1,0,0.7,0.2,117.4,0.3333333333333333,0.31213258308376124,"Medio
(15-35%)"
CR000059,CL00057,2024-11-12,Microcrédito,1100000,9,0.0389,147000,Web,775,0.0739,Automática,Mora moderada,0,1,32,0.6666666666666666,2,2023-01-28,Bogotá D.C.,Bogotá,28,F,4,Técnico/Tecnólogo,Independiente,1990000.0,Aliado comercial,512.0,True,1,Android,hash_755244,0,0,6,709,2,0,0,0,2,0,1,0.5,0.3333333333333333,132.0,0.0,0.6797612830711554,"Muy alto
(> 60%)"
CR000060,CL00058,2024-05-02,Microcrédito,3300000,6,0.0263,602000,App,849,0.2427,Automática,Finalizado,0,0,7,0.8333333333333334,1,2023-10-13,Antioquia,Medellín,33,F,6,Técnico/Tecnólogo,Independiente,2480000.0,Aliado comercial,667.0,False,0,Android,hash_805356,0,0,5,744,1,0,1,0,2,0,1,0.6,0.2,195.0,0.0,0.2768048999922535,"Medio
(15-35%)"
CR000061,CL00059,2026-01-05,Crédito consumo digital,1750000,9,0.0346,230000,Call center,860,0.105,Automática,Activo,0,0,0,1.0,0,2025-06-08,Bolívar,Cartagena,39,M,3,Bachiller,Independiente,2190000.0,Campaña digital,639.0,False,1,iOS,hash_223728,0,0,11,234,3,0,3,1,2,0,2,0.4545454545454545,0.2727272727272727,224.54545454545453,0.0,0.2883767595676127,"Medio
(15-35%)"
CR000062,CL00059,2025-06-27,Avance de nómina,1400000,12,0.0273,138000,App,815,0.063,Automática,Activo,0,0,0,1.0,0,2025-06-08,Bolívar,Cartagena,39,M,3,Bachiller,Independiente,2190000.0,Campaña digital,639.0,False,1,iOS,hash_223728,0,0,11,234,3,0,3,1,2,0,2,0.4545454545454545,0.2727272727272727,224.54545454545453,0.0,0.3437687561548294,"Medio
(15-35%)"
CR000064,CL00060,2026-02-06,Crédito consumo digital,3350000,9,0.0228,416000,App,900,0.1115,Automática,Activo,0,0,7,0.3333333333333333,1,2025-03-17,Cundinamarca,Soacha,46,F,3,Técnico/Tecnólogo,Independiente,3730000.0,Referido,648.0,False,0,Android,hash_181972,0,0,13,308,3,2,2,1,4,0,0,0.8461538461538461,0.0769230769230769,155.76923076923077,1.0,0.2264662999895867,"Medio
(15-35%)"
CR000065,CL00061,2024-03-09,Crédito consumo digital,1150000,6,0.0321,214000,App,848,0.096,Automática,Finalizado,0,0,6,0.8333333333333334,1,2023-04-06,Bogotá D.C.,Bogotá,31,M,2,Técnico/Tecnólogo,Empleado,2230000.0,Referido,607.0,False,0,Web,hash_900511,0,0,9,899,2,1,3,0,2,1,0,1.0,0.0,191.55555555555557,3.0,0.24328870720591414,"Medio
(15-35%)"
CR000066,CL00062,2025-12-17,Avance de nómina,700000,9,0.0229,87000,App,870,0.0361,Automática,Activo,0,0,0,1.0,0,2025-04-09,Bogotá D.C.,Bogotá,34,F,4,Posgrado,Independiente,2410000.0,App orgánico,625.0,True,0,iOS,hash_591121,0,0,8,181,2,0,2,0,0,1,2,0.625,0.125,130.5,0.0,0.3026160724642615,"Medio
(15-35%)"
CR000067,CL00063,2023-08-08,Crédito consumo digital,2150000,12,0.0305,217000,App,748,0.0702,Automática,Mora moderada,0,0,0,1.0,0,2023-02-04,Bogotá D.C.,Bogotá,25,F,2,Sin información,Empleado,3090000.0,Call center,487.0,False,3,iOS,hash_547244,0,0,9,1016,5,2,1,0,1,0,0,1.0,0.0,200.22222222222223,0.5,0.4465449134728502,"Alto
(35-60%)"
CR000068,CL00064,2025-08-03,Crédito libre inversión,7800000,12,0.0309,788000,App,808,0.2765,Automática,Mora severa,0,1,64,0.8333333333333334,1,2024-01-30,Valle del Cauca,Cali,24,M,4,Universitario,Independiente,2850000.0,Call center,528.0,False,2,Android,hash_457546,0,0,9,699,5,2,1,0,0,0,1,0.7777777777777778,0.1111111111111111,144.0,0.5,0.6885000046631359,"Muy alto
(> 60%)"
CR000070,CL00065,2025-04-08,Crédito consumo digital,5500000,3,0.0355,1965000,App,900,0.3124,Automática,Mora severa,0,1,88,0.6666666666666666,1,2024-02-07,Bogotá D.C.,Bogotá,44,M,2,Bachiller,Empleado,6290000.0,Campaña digital,732.0,True,3,Web,hash_359438,0,0,16,758,2,3,3,2,5,0,1,0.75,0.0625,186.6875,1.0,0.17768914291059343,"Medio
(15-35%)"
CR000071,CL00067,2025-07-07,Crédito consumo digital,2800000,9,0.024,350000,Aliado,900,0.0882,Automática,Finalizado,0,0,19,0.8333333333333334,1,2024-12-27,Bogotá D.C.,Bogotá,35,F,2,Técnico/Tecnólogo,Microempresario,3970000.0,Campaña digital,728.0,False,0,Android,hash_637970,0,0,12,380,3,2,1,1,4,0,0,0.9166666666666666,0.0,194.91666666666663,0.5,0.14522258761648776,"Bajo
(< 15%)"
CR000072,CL00067,2025-01-16,Crédito consumo digital,2600000,6,0.0301,480000,Aliado,900,0.1209,Automática,Finalizado,0,0,0,1.0,0,2024-12-27,Bogotá D.C.,Bogotá,35,F,2,Técnico/Tecnólogo,Microempresario,3970000.0,Campaña digital,728.0,False,0,Android,hash_637970,0,0,12,380,3,2,1,1,4,0,0,0.9166666666666666,0.0,194.91666666666663,0.5,0.14507618828453603,"Bajo
(< 15%)"
CR000073,CL00068,2024-10-03,Crédito consumo digital,3200000,12,0.0333,328000,Call center,900,0.0682,Automática,Finalizado,0,0,0,1.0,0,2024-03-24,Antioquia,Medellín,46,M,5,Universitario,Empleado,4810000.0,App orgánico,739.0,True,2,Android,hash_328931,0,0,14,656,3,2,2,0,4,1,2,0.8571428571428571,0.0,154.64285714285714,1.0,0.10872162226279808,"Bajo
(< 15%)"
CR000074,CL00069,2024-05-11,Crédito libre inversión,2900000,6,0.0266,529000,Aliado,754,0.258,Automática,Finalizado,0,0,18,0.8333333333333334,1,2023-05-20,Antioquia,Medellín,40,M,2,Universitario,Estudiante,2050000.0,Call center,500.0,False,1,Android,hash_835226,0,0,10,850,5,2,1,0,1,0,0,1.0,0.0,167.3,0.5,0.6510777002052294,"Muy alto
(> 60%)"
CR000075,CL00072,2025-08-31,Crédito libre inversión,3350000,9,0.0259,422000,App,889,0.1796,Automática,Activo,0,0,0,1.0,0,2025-07-22,Bolívar,Cartagena,51,F,2,Técnico/Tecnólogo,Microempresario,2350000.0,Campaña digital,657.0,False,2,iOS,hash_177525,0,0,8,172,3,2,1,0,2,0,0,0.875,0.125,153.75,0.5,0.2385606580718325,"Medio
(15-35%)"
CR000076,CL00073,2026-01-07,Avance de nómina,800000,12,0.0265,79000,Web,844,1.2,Automática,Mora moderada,0,1,54,0.0,3,2023-08-27,Bogotá D.C.,Bogotá,36,M,1,Técnico/Tecnólogo,Independiente,2040000.0,App orgánico,543.0,True,1,iOS,hash_992015,0,0,11,554,2,0,0,2,4,1,2,0.6363636363636364,0.0,123.54545454545456,0.0,0.5485152823515143,"Alto
(35-60%)"
CR000077,CL00074,2025-06-24,Crédito consumo digital,4300000,9,0.0383,574000,Call center,900,0.0939,Automática,Finalizado,0,0,0,1.0,0,2025-09-05,Bogotá D.C.,Bogotá,52,F,3,Bachiller,Empleado,6110000.0,Aliado comercial,758.0,False,0,Android,hash_591830,0,0,8,164,3,1,0,0,3,0,1,0.75,0.125,181.625,0.0,0.10877156987647563,"Bajo
(< 15%)"
CR000078,CL00075,2026-01-08,Crédito consumo digital,1400000,6,0.0293,258000,Call center,880,0.0733,Automática,Activo,0,0,0,0.75,0,2025-01-26,Antioquia,Medellín,19,F,3,Universitario,Empleado,3520000.0,Campaña digital,588.0,True,0,Android,hash_457820,0,0,6,347,2,0,1,1,0,1,0,0.8333333333333334,0.0,148.83333333333334,0.0,0.32128501884336935,"Medio
(15-35%)"
CR000079,CL00076,2024-10-22,Microcrédito,900000,12,0.0306,91000,App,810,0.0384,Automática,Mora moderada,0,0,17,0.6666666666666666,2,2024-07-27,Bogotá D.C.,Bogotá,44,F,4,Universitario,Independiente,2370000.0,Referido,592.0,True,2,Android,hash_279689,0,0,10,616,2,2,2,0,4,0,0,0.8,0.2,192.7,1.0,0.4155846841422672,"Alto
(35-60%)"
CR000080,CL00077,2025-05-15,Crédito consumo digital,650000,6,0.0277,119000,App,725,0.0613,Automática,Mora severa,0,1,76,0.8333333333333334,1,2026-01-13,Antioquia,Medellín,37,F,4,Bachiller,Microempresario,1940000.0,Campaña digital,580.0,True,3,Android,hash_317516,0,0,10,72,5,0,2,0,3,0,0,0.9,0.1,134.6,0.0,0.5478989922239382,"Alto
(35-60%)"
CR000081,CL00077,2025-08-25,Avance de nómina,1000000,12,0.0296,100000,App,870,0.0515,Automática,Activo,0,0,0,1.0,0,2026-01-13,Antioquia,Medellín,37,F,4,Bachiller,Microempresario,1940000.0,Campaña digital,580.0,True,3,Android,hash_317516,0,0,10,72,5,0,2,0,3,0,0,0.9,0.1,134.6,0.0,0.39905962437431425,"Alto
(35-60%)"
CR000082,CL00078,2025-11-06,Crédito consumo digital,1850000,6,0.0227,333000,Aliado,900,0.1041,Automática,Activo,0,0,1,0.6666666666666666,1,2025-04-27,Cundinamarca,Soacha,33,F,2,Técnico/Tecnólogo,Empleado,3200000.0,Call center,622.0,True,3,Android,hash_435064,0,0,10,299,2,3,2,0,1,0,2,0.6,0.2,156.3,0.6666666666666666,0.2559275347484593,"Medio
(15-35%)"
CR000083,CL00079,2025-08-17,Microcrédito,600000,6,0.0343,112000,App,832,0.0457,Automática,Finalizado,0,0,0,1.0,0,2023-12-29,Atlántico,Barranquilla,37,M,2,Técnico/Tecnólogo,Pensionado,2450000.0,Campaña digital,501.0,True,1,Android,hash_112306,0,0,11,665,5,0,0,0,4,1,1,0.7272727272727273,0.1818181818181818,194.54545454545453,0.0,0.364541995423034,"Alto
(35-60%)"
CR000085,CL00081,2025-12-29,Crédito consumo digital,1450000,12,0.0388,153000,App,608,0.0827,Manual,Activo,0,0,1,0.75,1,2023-11-05,Bolívar,Cartagena,34,F,3,Universitario,Independiente,1850000.0,App orgánico,588.0,False,0,iOS,hash_768958,1,0,9,837,2,1,2,0,4,0,0,1.0,0.0,122.0,2.0,0.4208230506621551,"Alto
(35-60%)"
CR000086,CL00082,2023-06-24,Crédito libre inversión,5550000,9,0.0304,714000,App,846,0.2412,Automática,Mora severa,0,1,70,0.8333333333333334,1,2023-06-04,Bogotá D.C.,Bogotá,40,M,5,Sin información,Empleado,2960000.0,Aliado comercial,594.0,False,2,Android,hash_961641,0,0,9,891,1,1,3,0,3,1,0,0.7777777777777778,0.2222222222222222,103.11111111111111,3.0,0.5536131144863038,"Alto
(35-60%)"
CR000087,CL00083,2025-12-01,Crédito libre inversión,2350000,6,0.0254,427000,Aliado,759,0.1787,Automática,Activo,0,0,1,0.6,1,2025-08-01,Antioquia,Medellín,51,M,4,Bachiller,Empleado,2390000.0,Call center,522.0,True,0,iOS,hash_927679,0,0,9,229,4,2,2,0,1,0,0,0.8888888888888888,0.1111111111111111,135.44444444444446,1.0,0.5083247801001223,"Alto
(35-60%)"
CR000088,CL00086,2025-06-13,Crédito libre inversión,4050000,3,0.0306,1433000,Call center,675,0.549,Manual,Finalizado,0,0,14,0.6666666666666666,1,2025-12-22,Antioquia,Medellín,31,M,2,Bachiller,Empleado,2610000.0,Campaña digital,425.0,False,2,iOS,hash_261081,0,0,15,114,7,2,1,0,4,0,1,0.8,0.1333333333333333,139.86666666666667,0.5,0.6098222907177603,"Muy alto
(> 60%)"
CR000089,CL00088,2025-07-04,Crédito consumo digital,1100000,6,0.0284,202000,App,863,0.1074,Automática,Finalizado,0,0,15,0.5,3,2024-09-25,Tolima,Ibagué,39,F,1,Universitario,Independiente,1880000.0,App orgánico,507.0,False,0,Android,hash_666605,0,0,14,495,4,3,1,0,3,0,2,0.6428571428571429,0.2142857142857142,102.78571428571428,0.3333333333333333,0.4149577071677913,"Alto
(35-60%)"
CR000090,CL00089,2025-12-13,Crédito consumo digital,1600000,3,0.0282,564000,App,617,0.5127,Manual,Finalizado,0,0,28,0.3333333333333333,2,2025-11-10,Antioquia,Medellín,31,M,3,Técnico/Tecnólogo,Desempleado,1100000.0,Campaña digital,440.0,True,1,iOS,hash_539358,0,0,13,132,4,1,2,1,2,1,2,0.3846153846153846,0.3846153846153846,203.92307692307693,2.0,0.681806054291555,"Muy alto
(> 60%)"
CR000092,CL00091,2026-02-07,Crédito consumo digital,1000000,3,0.0202,347000,Aliado,864,0.1896,Automática,Activo,0,0,10,0.3333333333333333,1,2025-08-09,Valle del Cauca,Cali,37,M,3,Bachiller,Conductor/Repartidor,1830000.0,App orgánico,497.0,True,1,Android,hash_141743,0,0,12,257,7,2,0,1,0,1,1,0.75,0.0833333333333333,167.25,0.0,0.45131471705493825,"Alto
(35-60%)"
CR000093,CL00092,2024-08-16,Crédito consumo digital,6950000,6,0.0213,1246000,Aliado,900,0.2351,Automática,Finalizado,0,0,0,1.0,0,2023-10-14,Bogotá D.C.,Bogotá,46,M,3,Técnico/Tecnólogo,Microempresario,5300000.0,Referido,676.0,True,0,Android,hash_769221,0,0,8,913,3,1,0,1,1,0,0,0.75,0.125,163.75,0.0,0.20176347145802823,"Medio
(15-35%)"
CR000094,CL00093,2023-10-03,Crédito libre inversión,5400000,9,0.0225,669000,App,900,0.1436,Automática,Finalizado,0,0,22,0.8333333333333334,1,2023-07-20,Bogotá D.C.,Bogotá,29,M,4,Técnico/Tecnólogo,Comerciante,4660000.0,App orgánico,693.0,True,4,Android,hash_925992,0,0,21,918,5,3,3,0,4,2,4,0.7142857142857143,0.0952380952380952,178.04761904761904,1.0,0.15161967036205662,"Medio
(15-35%)"
CR000095,CL00093,2024-08-04,Microcrédito,4150000,12,0.0325,423000,App,900,0.0908,Automática,Finalizado,0,0,0,1.0,0,2023-07-20,Bogotá D.C.,Bogotá,29,M,4,Técnico/Tecnólogo,Comerciante,4660000.0,App orgánico,693.0,True,4,Android,hash_925992,0,0,21,918,5,3,3,0,4,2,4,0.7142857142857143,0.0952380952380952,178.04761904761904,1.0,0.15732326506056393,"Medio
(15-35%)"
CR000096,CL00093,2025-12-15,Crédito consumo digital,2450000,12,0.023,236000,Aliado,900,0.0506,Automática,Activo,0,0,0,0.8,0,2023-07-20,Bogotá D.C.,Bogotá,29,M,4,Técnico/Tecnólogo,Comerciante,4660000.0,App orgánico,693.0,True,4,Android,hash_925992,0,0,21,918,5,3,3,0,4,2,4,0.7142857142857143,0.0952380952380952,178.04761904761904,1.0,0.10695636379120241,"Bajo
(< 15%)"
CR000097,CL00094,2025-07-21,Crédito consumo digital,450000,3,0.0247,157000,Aliado,760,0.1256,Automática,Finalizado,0,0,6,0.6666666666666666,1,2024-11-06,Bogotá D.C.,Bogotá,33,M,5,Universitario,Desempleado,1250000.0,Call center,602.0,False,1,Android,hash_614241,0,0,10,489,6,1,0,0,0,1,2,0.7,0.1,161.7,0.0,0.45709308176058444,"Alto
(35-60%)"
CR000098,CL00095,2025-10-31,Crédito libre inversión,3300000,24,0.0327,200000,App,877,0.0778,Automática,Mora moderada,0,1,54,0.8333333333333334,1,2023-08-18,Antioquia,Medellín,32,F,4,Universitario,Comerciante,2640000.0,Campaña digital,697.0,True,1,Android,hash_893567,0,0,22,736,8,1,3,0,7,1,2,0.6818181818181818,0.2272727272727272,134.54545454545453,3.0,0.38180454033031763,"Alto
(35-60%)"
CR000099,CL00095,2023-09-10,Crédito libre inversión,2950000,18,0.0181,194000,App,859,0.0755,Automática,Finalizado,0,0,17,0.8333333333333334,1,2023-08-18,Antioquia,Medellín,32,F,4,Universitario,Comerciante,2640000.0,Campaña digital,697.0,True,1,Android,hash_893567,0,0,22,736,8,1,3,0,7,1,2,0.6818181818181818,0.2272727272727272,134.54545454545453,3.0,0.3249566471931072,"Medio
(15-35%)"
CR000100,CL00096,2026-01-27,Crédito consumo digital,2950000,3,0.0289,1041000,Web,891,0.2361,Automática,Finalizado,0,0,18,0.6666666666666666,1,2024-08-08,Antioquia,Medellín,21,F,4,Sin información,Empleado,4410000.0,Campaña digital,630.0,False,0,Android,hash_115216,0,0,16,594,1,2,2,4,5,0,2,0.625,0.0,191.8125,1.0,0.2376178150205042,"Medio
(15-35%)"
CR000101,CL00096,2024-12-09,Crédito libre inversión,4850000,6,0.0235,876000,Aliado,900,0.1986,Automática,Finalizado,0,0,23,0.6666666666666666,2,2024-08-08,Antioquia,Medellín,21,F,4,Sin información,Empleado,4410000.0,Campaña digital,630.0,False,0,Android,hash_115216,0,0,16,594,1,2,2,4,5,0,2,0.625,0.0,191.8125,1.0,0.22260789447255946,"Medio
(15-35%)"
CR000102,CL00097,2024-10-01,Microcrédito,3350000,9,0.0413,453000,Call center,724,0.2157,Automática,Mora severa,0,1,109,0.3333333333333333,4,2023-09-29,Meta,Villavicencio,39,M,1,Universitario,Conductor/Repartidor,2100000.0,App orgánico,505.0,False,0,Android,hash_421898,0,0,5,727,0,2,0,0,1,1,1,0.8,0.0,277.6,0.0,0.7084465849698317,"Muy alto
(> 60%)"
CR000103,CL00099,2026-01-16,Avance de nómina,1000000,9,0.0211,123000,App,886,0.0355,Automática,Activo,0,0,0,1.0,0,2024-08-12,Santander,Bucaramanga,36,M,3,Técnico/Tecnólogo,Conductor/Repartidor,3460000.0,Campaña digital,612.0,False,0,Android,hash_451889,0,0,11,561,3,1,0,2,5,0,0,0.6363636363636364,0.1818181818181818,116.72727272727272,0.0,0.21504396544497217,"Medio
(15-35%)"
CR000104,CL00100,2024-03-01,Avance de nómina,1000000,9,0.0219,124000,App,900,0.0286,Automática,Mora severa,0,1,112,0.8333333333333334,1,2023-03-12,Bogotá D.C.,Bogotá,34,M,4,Universitario,Microempresario,4340000.0,Aliado comercial,665.0,False,2,Android,hash_631985,0,0,14,1008,3,3,2,1,4,0,1,0.8571428571428571,0.0,131.07142857142858,0.6666666666666666,0.2891843361663501,"Medio
(15-35%)"
CR000105,CL00101,2025-09-03,Avance de nómina,1950000,9,0.0267,247000,Web,858,0.0911,Automática,Activo,0,0,0,1.0,0,2024-02-11,Atlántico,Barranquilla,22,M,4,Sin información,Empleado,2710000.0,Aliado comercial,576.0,True,0,iOS,hash_881712,0,0,14,598,3,2,1,1,4,1,2,0.7142857142857143,0.0714285714285714,169.21428571428572,0.5,0.3536302483129124,"Alto
(35-60%)"
CR000106,CL00102,2025-07-27,Avance de nómina,550000,12,0.0262,54000,App,707,0.0482,Automática,Activo,0,0,25,0.5,3,2024-05-15,Cundinamarca,Soacha,32,F,3,Bachiller,Estudiante,1120000.0,Aliado comercial,451.0,True,0,Android,hash_203533,0,0,7,582,2,1,2,0,1,0,0,1.0,0.0,135.14285714285714,2.0,0.5578193041553506,"Alto
(35-60%)"
CR000107,CL00103,2025-04-11,Microcrédito,1850000,12,0.0273,183000,Aliado,853,0.0614,Automática,Mora moderada,0,1,46,0.6666666666666666,2,2025-03-01,Bogotá D.C.,Bogotá,33,M,4,Técnico/Tecnólogo,Independiente,2980000.0,Campaña digital,646.0,False,0,Android,hash_387360,0,0,7,423,2,0,3,0,0,0,0,1.0,0.0,116.71428571428572,0.0,0.3857931404775664,"Alto
(35-60%)"
CR000108,CL00104,2025-10-12,Crédito consumo digital,1000000,3,0.0254,350000,Aliado,852,0.1311,Automática,Finalizado,0,0,0,1.0,0,2025-11-28,Antioquia,Medellín,28,M,2,Sin información,Empleado,2670000.0,Campaña digital,585.0,False,0,Android,hash_597488,0,0,17,125,5,0,2,0,9,1,0,0.6470588235294118,0.3529411764705882,162.7058823529412,0.0,0.4425571475585399,"Alto
(35-60%)"
CR000110,CL00105,2025-08-24,Microcrédito,4750000,24,0.0391,309000,App,883,0.1202,Automática,Activo,0,0,10,0.8333333333333334,1,2025-07-17,Valle del Cauca,Cali,34,F,3,Técnico/Tecnólogo,Microempresario,2570000.0,Campaña digital,674.0,False,2,iOS,hash_972437,0,0,4,217,3,1,0,0,0,0,0,1.0,0.0,222.5,0.0,0.2108670926137645,"Medio
(15-35%)"
CR000111,CL00106,2025-09-25,Microcrédito,3150000,12,0.0385,333000,Web,900,0.0626,Automática,Activo,0,0,0,1.0,0,2025-11-30,Caldas,Manizales,40,M,4,Universitario,Empleado,5320000.0,App orgánico,756.0,True,1,Android,hash_254226,0,0,8,106,3,2,0,0,3,0,0,0.875,0.125,154.375,0.0,0.11725312227235792,"Bajo
(< 15%)"
CR000112,CL00107,2025-09-10,Microcrédito,1800000,12,0.0272,178000,App,885,0.0693,Automática,Activo,0,0,0,1.0,0,2024-11-08,Valle del Cauca,Cali,55,F,3,Universitario,Comerciante,2640000.0,Aliado comercial,592.0,True,1,Android,hash_592461,0,0,5,331,3,0,0,0,2,0,0,0.8,0.2,132.6,0.0,0.3332969496253302,"Medio
(15-35%)"
CR000113,CL00108,2026-01-06,Crédito libre inversión,2400000,24,0.0217,129000,Web,831,0.0502,Automática,Activo,0,0,0,0.75,0,2025-11-30,Atlántico,Barranquilla,38,M,2,Técnico/Tecnólogo,Comerciante,2640000.0,Campaña digital,596.0,False,0,iOS,hash_392717,0,0,11,119,5,3,0,1,1,0,1,0.8181818181818182,0.0,124.1818181818182,0.0,0.30936265699309073,"Medio
(15-35%)"
CR000114,CL00108,2026-02-08,Crédito consumo digital,900000,12,0.035,93000,Web,876,0.0362,Automática,Activo,0,0,0,0.6666666666666666,0,2025-11-30,Atlántico,Barranquilla,38,M,2,Técnico/Tecnólogo,Comerciante,2640000.0,Campaña digital,596.0,False,0,iOS,hash_392717,0,0,11,119,5,3,0,1,1,0,1,0.8181818181818182,0.0,124.1818181818182,0.0,0.26187943864663255,"Medio
(15-35%)"
CR000115,CL00108,2025-07-13,Microcrédito,3500000,12,0.0371,367000,App,853,0.1428,Automática,Activo,0,0,3,0.8333333333333334,1,2025-11-30,Atlántico,Barranquilla,38,M,2,Técnico/Tecnólogo,Comerciante,2640000.0,Campaña digital,596.0,False,0,iOS,hash_392717,0,0,11,119,5,3,0,1,1,0,1,0.8181818181818182,0.0,124.1818181818182,0.0,0.4185850919451623,"Alto
(35-60%)"
CR000116,CL00109,2025-01-07,Crédito consumo digital,750000,9,0.0343,98000,App,838,0.0402,Automática,Finalizado,0,0,0,1.0,0,2024-05-30,Antioquia,Medellín,39,M,3,Técnico/Tecnólogo,Pensionado,2440000.0,Call center,600.0,False,3,Android,hash_572697,0,0,8,653,3,0,3,0,2,0,0,0.875,0.125,202.0,0.0,0.27692493872652957,"Medio
(15-35%)"
CR000117,CL00109,2025-05-15,Crédito consumo digital,750000,6,0.0247,136000,Aliado,895,0.0557,Automática,Mora severa,0,1,72,0.8333333333333334,1,2024-05-30,Antioquia,Medellín,39,M,3,Técnico/Tecnólogo,Pensionado,2440000.0,Call center,600.0,False,3,Android,hash_572697,0,0,8,653,3,0,3,0,2,0,0,0.875,0.125,202.0,0.0,0.3092279747064131,"Medio
(15-35%)"
CR000118,CL00110,2025-11-12,Crédito libre inversión,1400000,9,0.0195,171000,App,746,0.0847,Automática,Activo,0,0,20,0.6666666666666666,1,2025-01-19,Antioquia,Medellín,35,F,2,Universitario,Pensionado,2020000.0,Referido,497.0,True,0,Android,hash_251899,0,0,8,416,2,2,2,0,0,0,1,0.875,0.0,116.5,1.0,0.4508901713085006,"Alto
(35-60%)"
CR000119,CL00111,2024-05-11,Crédito consumo digital,900000,9,0.0356,119000,Web,742,0.0753,Automática,Mora moderada,0,0,27,0.8333333333333334,1,2023-06-19,Caldas,Manizales,19,F,2,Universitario,Independiente,1580000.0,Campaña digital,495.0,False,1,Android,hash_810872,0,0,9,971,2,0,2,0,3,1,1,0.6666666666666666,0.2222222222222222,92.88888888888889,0.0,0.579947986952924,"Alto
(35-60%)"
CR000120,CL00113,2025-08-04,Microcrédito,2050000,3,0.0379,736000,Call center,850,0.1524,Automática,Finalizado,0,0,0,1.0,0,2024-10-21,Bolívar,Cartagena,37,F,1,Bachiller,Empleado,4830000.0,App orgánico,706.0,True,1,Android,hash_355821,0,0,8,360,2,2,1,1,1,0,1,0.625,0.125,166.0,0.5,0.18176249174540426,"Medio
(15-35%)"
CR000121,CL00114,2023-07-09,Crédito libre inversión,7800000,9,0.0181,947000,Aliado,900,0.1821,Automática,Finalizado,0,0,0,1.0,0,2023-03-03,Bogotá D.C.,Bogotá,61,M,4,Bachiller,Empleado,5200000.0,Call center,759.0,False,1,iOS,hash_566589,0,0,9,570,4,0,3,0,1,0,0,0.7777777777777778,0.2222222222222222,188.33333333333331,0.0,0.12889065830156768,"Bajo
(< 15%)"
CR000122,CL00115,2025-06-25,Microcrédito,7950000,12,0.0319,808000,Aliado,715,0.2825,Automática,Mora moderada,0,1,37,0.5,3,2025-05-11,Antioquia,Medellín,34,M,5,Bachiller,Microempresario,2860000.0,Aliado comercial,586.0,False,0,iOS,hash_109927,0,0,6,196,2,0,0,1,2,1,0,0.6666666666666666,0.1666666666666666,156.0,0.0,0.6117630725803006,"Muy alto
(> 60%)"
CR000123,CL00116,2024-11-29,Crédito libre inversión,1450000,3,0.0243,507000,Aliado,609,0.1928,Manual,Finalizado,0,0,7,0.6666666666666666,1,2023-07-31,Cundinamarca,Soacha,39,M,2,Bachiller,Independiente,2630000.0,App orgánico,588.0,False,1,Android,hash_892038,1,0,7,675,0,2,1,0,3,1,0,0.7142857142857143,0.2857142857142857,146.0,0.5,0.5273202915947766,"Alto
(35-60%)"
CR000124,CL00117,2025-06-26,Crédito libre inversión,2150000,12,0.0276,213000,App,853,0.0734,Automática,Activo,0,0,0,1.0,0,2025-01-22,Antioquia,Medellín,36,F,3,Universitario,Empleado,2900000.0,Aliado comercial,655.0,False,1,iOS,hash_773217,0,0,10,375,4,2,1,1,2,0,0,0.9,0.0,117.2,0.5,0.21162332277792653,"Medio
(15-35%)"
CR000125,CL00119,2025-06-12,Crédito libre inversión,2700000,18,0.0267,191000,Call center,889,0.099,Automática,Mora moderada,0,0,0,1.0,0,2023-08-15,Bogotá D.C.,Bogotá,47,F,4,Técnico/Tecnólogo,Comerciante,1930000.0,App orgánico,613.0,True,0,Android,hash_636069,0,0,10,903,1,2,1,2,2,2,0,0.6,0.2,143.8,0.5,0.31503449667005956,"Medio
(15-35%)"
CR000127,CL00121,2025-09-03,Microcrédito,1250000,6,0.0399,238000,App,657,0.2674,Automática,Mora moderada,0,1,45,0.8333333333333334,1,2025-04-30,Bogotá D.C.,Bogotá,44,M,1,Posgrado,Empleado,890000.0,App orgánico,596.0,True,0,Android,hash_814221,0,0,8,327,1,0,3,1,1,0,2,0.375,0.25,149.0,0.0,0.6393551558182147,"Muy alto
(> 60%)"
CR000128,CL00123,2025-08-14,Microcrédito,6400000,12,0.0312,648000,Aliado,900,0.1403,Automática,Activo,0,0,0,1.0,0,2024-05-25,Bogotá D.C.,Bogotá,50,M,2,Bachiller,Empleado,4620000.0,App orgánico,711.0,False,0,Android,hash_356812,0,0,13,616,5,4,0,0,1,1,1,0.9230769230769232,0.0,199.15384615384616,0.0,0.12988735181818922,"Bajo
(< 15%)"
CR000129,CL00123,2024-09-27,Crédito consumo digital,1950000,12,0.0255,191000,Aliado,900,0.0413,Automática,Finalizado,0,0,5,0.8333333333333334,1,2024-05-25,Bogotá D.C.,Bogotá,50,M,2,Bachiller,Empleado,4620000.0,App orgánico,711.0,False,0,Android,hash_356812,0,0,13,616,5,4,0,0,1,1,1,0.9230769230769232,0.0,199.15384615384616,0.0,0.09668215937833677,"Bajo
(< 15%)"
CR000130,CL00125,2025-07-17,Crédito consumo digital,2250000,9,0.0252,283000,App,865,0.0515,Automática,Finalizado,0,0,0,1.0,0,2024-02-22,Caldas,Manizales,42,F,4,Técnico/Tecnólogo,Empleado,5500000.0,App orgánico,678.0,True,4,iOS,hash_853790,0,0,7,756,3,1,1,0,0,1,0,0.8571428571428571,0.1428571428571428,210.42857142857144,1.0,0.09953591058864035,"Bajo
(< 15%)"
CR000131,CL00126,2025-08-03,Crédito consumo digital,750000,9,0.0213,92000,Web,855,0.0398,Automática,Mora severa,0,1,86,0.6666666666666666,2,2024-08-11,Antioquia,Medellín,58,M,2,Universitario,Independiente,2310000.0,Call center,603.0,True,2,Android,hash_355719,0,0,10,454,4,0,1,1,3,0,1,0.7,0.1,162.6,0.0,0.44501266018303853,"Alto
(35-60%)"
CR000132,CL00127,2024-06-22,Crédito consumo digital,1850000,6,0.0255,336000,App,858,0.1057,Automática,Mora severa,0,1,73,0.5,3,2023-07-17,Bogotá D.C.,Bogotá,26,M,2,Sin información,Independiente,3180000.0,Referido,523.0,True,2,Android,hash_396794,0,0,12,861,2,1,2,2,3,1,0,0.5,0.3333333333333333,75.75,2.0,0.563048744599,"Alto
(35-60%)"
CR000133,CL00127,2025-01-14,Crédito consumo digital,900000,3,0.0309,319000,App,803,0.1003,Automática,Finalizado,0,0,0,1.0,0,2023-07-17,Bogotá D.C.,Bogotá,26,M,2,Sin información,Independiente,3180000.0,Referido,523.0,True,2,Android,hash_396794,0,0,12,861,2,1,2,2,3,1,0,0.5,0.3333333333333333,75.75,2.0,0.5104828973625868,"Alto
(35-60%)"
CR000134,CL00128,2024-07-03,Crédito consumo digital,1150000,6,0.0239,208000,App,804,0.0589,Automática,Finalizado,0,0,0,1.0,0,2023-02-12,Atlántico,Barranquilla,30,F,4,Universitario,Empleado,3530000.0,Referido,630.0,False,1,Android,hash_102159,0,0,11,1007,3,2,4,1,0,0,0,0.9090909090909092,0.0,178.63636363636363,2.0,0.22510914572923837,"Medio
(15-35%)"
CR000135,CL00130,2024-07-22,Crédito consumo digital,600000,3,0.0324,213000,App,822,0.1392,Automática,Finalizado,0,0,0,1.0,0,2023-02-27,Bogotá D.C.,Bogotá,31,M,1,Bachiller,Comerciante,1530000.0,App orgánico,492.0,False,1,iOS,hash_191873,0,0,6,1068,2,2,1,0,1,0,0,1.0,0.0,145.5,0.5,0.4100103425784466,"Alto
(35-60%)"
CR000136,CL00131,2024-12-21,Crédito consumo digital,1150000,24,0.0337,71000,App,840,0.0281,Automática,Mora moderada,0,0,0,1.0,0,2023-02-20,Atlántico,Barranquilla,20,F,3,Bachiller,Microempresario,2530000.0,App orgánico,522.0,True,0,Android,hash_533797,0,0,8,1126,2,3,1,0,2,0,0,1.0,0.0,198.0,0.3333333333333333,0.3966629723908817,"Alto
(35-60%)"
CR000137,CL00133,2024-05-09,Crédito consumo digital,700000,6,0.0362,132000,App,798,0.066,Automática,Mora moderada,0,1,47,0.8333333333333334,1,2023-01-24,Cundinamarca,Soacha,25,F,2,Técnico/Tecnólogo,Empleado,2000000.0,Campaña digital,476.0,False,3,Web,hash_902121,0,0,10,972,4,1,0,0,2,1,1,0.6,0.3,111.7,0.0,0.6195541165562282,"Muy alto
(> 60%)"
CR000138,CL00134,2025-03-05,Crédito consumo digital,2800000,12,0.0348,289000,App,777,0.1055,Automática,Finalizado,0,0,13,0.6666666666666666,2,2023-05-07,Bogotá D.C.,Bogotá,41,F,3,Bachiller,Empleado,2740000.0,App orgánico,605.0,False,1,Android,hash_326377,0,0,6,1056,2,0,2,0,2,0,0,1.0,0.0,109.33333333333331,0.0,0.32101249894399836,"Medio
(15-35%)"
CR000139,CL00135,2026-01-01,Crédito consumo digital,2250000,12,0.0206,214000,App,900,0.0575,Automática,Activo,0,0,0,1.0,0,2025-07-26,Tolima,Ibagué,27,M,3,Bachiller,Empleado,3720000.0,App orgánico,632.0,True,0,Android,hash_622904,0,0,9,229,3,3,1,0,2,0,0,0.7777777777777778,0.2222222222222222,137.55555555555554,0.3333333333333333,0.1437345690645729,"Bajo
(< 15%)"
CR000140,CL00137,2026-02-04,Microcrédito,2000000,12,0.0334,205000,App,658,0.1694,Automática,Activo,0,0,0,0.6666666666666666,0,2025-07-22,Risaralda,Pereira,28,F,2,Universitario,Estudiante,1210000.0,Campaña digital,491.0,True,2,iOS,hash_449173,0,0,10,217,3,3,1,0,2,0,0,0.7,0.3,162.2,0.3333333333333333,0.6846011260771444,"Muy alto
(> 60%)"
CR000141,CL00138,2025-12-31,Crédito consumo digital,1600000,3,0.0322,568000,Web,900,0.1919,Automática,Finalizado,0,0,8,0.6666666666666666,1,2025-08-01,Bogotá D.C.,Bogotá,33,M,2,Posgrado,Empleado,2960000.0,Aliado comercial,601.0,True,2,Web,hash_819132,0,0,12,154,4,3,0,0,3,1,1,0.75,0.1666666666666666,207.91666666666663,0.0,0.2727966483933105,"Medio
(15-35%)"
CR000142,CL00139,2023-09-06,Microcrédito,2250000,24,0.0297,132000,App,723,0.0545,Automática,Mora severa,0,1,49,0.6666666666666666,2,2023-08-11,Antioquia,Medellín,44,F,3,Universitario,Empleado,2420000.0,Aliado comercial,565.0,True,4,Android,hash_977751,0,0,14,809,6,0,2,2,2,0,0,0.7142857142857143,0.1428571428571428,152.78571428571428,0.0,0.529851708769988,"Alto
(35-60%)"
CR000143,CL00140,2024-04-21,Microcrédito,3500000,9,0.0434,478000,Aliado,806,0.1382,Automática,Finalizado,0,0,0,1.0,0,2023-07-31,Bogotá D.C.,Bogotá,24,No informa,4,Universitario,Pensionado,3460000.0,App orgánico,577.0,False,2,Android,hash_171916,0,0,13,943,1,1,1,0,4,2,1,0.9230769230769232,0.0,173.69230769230768,1.0,0.42621316481901095,"Alto
(35-60%)"
CR000144,CL00140,2024-02-27,Avance de nómina,900000,6,0.0262,164000,Web,861,0.0474,Automática,Finalizado,0,0,0,1.0,0,2023-07-31,Bogotá D.C.,Bogotá,24,No informa,4,Universitario,Pensionado,3460000.0,App orgánico,577.0,False,2,Android,hash_171916,0,0,13,943,1,1,1,0,4,2,1,0.9230769230769232,0.0,173.69230769230768,1.0,0.24544974816365628,"Medio
(15-35%)"
CR000145,CL00141,2025-08-27,Microcrédito,2000000,6,0.0406,382000,App,705,0.1882,Automática,Mora severa,0,1,70,0.5,3,2023-10-01,Bogotá D.C.,Bogotá,38,M,3,Universitario,Conductor/Repartidor,2030000.0,Referido,598.0,False,0,Android,hash_504911,0,0,5,778,2,2,0,0,0,0,1,0.8,0.0,217.4,0.0,0.6007058305109727,"Muy alto
(> 60%)"
CR000146,CL00142,2025-09-06,Microcrédito,10200000,12,0.0385,1078000,Web,900,0.1939,Automática,Activo,0,0,0,1.0,0,2024-12-02,Cundinamarca,Soacha,49,F,3,Técnico/Tecnólogo,Microempresario,5560000.0,App orgánico,781.0,False,0,Android,hash_594670,0,0,12,490,4,1,2,0,3,2,0,0.8333333333333334,0.1666666666666666,107.58333333333331,2.0,0.2050744080894268,"Medio
(15-35%)"
CR000147,CL00142,2025-10-04,Crédito consumo digital,3300000,18,0.0371,255000,Aliado,900,0.0459,Automática,Activo,0,0,0,1.0,0,2024-12-02,Cundinamarca,Soacha,49,F,3,Técnico/Tecnólogo,Microempresario,5560000.0,App orgánico,781.0,False,0,Android,hash_594670,0,0,12,490,4,1,2,0,3,2,0,0.8333333333333334,0.1666666666666666,107.58333333333331,2.0,0.16978153223226272,"Medio
(15-35%)"
CR000148,CL00144,2026-01-16,Crédito consumo digital,550000,24,0.023,30000,Call center,821,0.0101,Automática,Activo,0,0,0,1.0,0,2024-09-06,Caldas,Manizales,38,F,2,Bachiller,Empleado,2980000.0,App orgánico,481.0,False,0,Android,hash_655393,0,0,11,578,3,2,3,0,1,0,1,0.8181818181818182,0.0909090909090909,123.54545454545456,1.5,0.39902884683836004,"Alto
(35-60%)"
CR000149,CL00145,2024-04-20,Crédito consumo digital,1350000,12,0.0291,135000,Web,834,0.0823,Automática,Mora severa,0,0,4,0.8333333333333334,1,2023-12-26,Bogotá D.C.,Bogotá,39,M,3,Posgrado,Comerciante,1640000.0,Aliado comercial,465.0,False,0,Android,hash_807062,0,0,7,652,2,1,0,0,1,0,3,0.2857142857142857,0.2857142857142857,129.42857142857142,0.0,0.47756514965528873,"Alto
(35-60%)"
CR000150,CL00146,2024-07-13,Crédito consumo digital,1150000,12,0.0382,121000,App,829,0.042,Automática,Mora severa,0,1,93,0.6666666666666666,2,2023-10-25,Bolívar,Cartagena,44,F,2,Bachiller,Independiente,2880000.0,Referido,589.0,True,0,iOS,hash_655839,0,0,16,792,4,2,3,1,2,1,3,0.5625,0.1875,141.0625,1.5,0.5054799508389537,"Alto
(35-60%)"
CR000151,CL00146,2024-02-09,Crédito consumo digital,550000,9,0.0388,74000,App,874,0.0257,Automática,Mora severa,0,1,111,0.8333333333333334,1,2023-10-25,Bolívar,Cartagena,44,F,2,Bachiller,Independiente,2880000.0,Referido,589.0,True,0,iOS,hash_655839,0,0,16,792,4,2,3,1,2,1,3,0.5625,0.1875,141.0625,1.5,0.5156286027186423,"Alto
(35-60%)"
CR000152,CL00148,2025-04-25,Avance de nómina,1500000,12,0.0237,145000,App,776,0.0665,Automática,Mora moderada,0,1,44,0.6666666666666666,2,2023-03-16,Bolívar,Cartagena,23,F,1,Universitario,Empleado,2180000.0,Campaña digital,502.0,False,3,iOS,hash_963413,0,0,9,917,5,2,0,1,1,0,0,0.5555555555555556,0.3333333333333333,111.11111111111111,0.0,0.6678856837470083,"Muy alto
(> 60%)"
CR000153,CL00149,2026-01-08,Microcrédito,1850000,3,0.031,655000,Web,831,0.1809,Automática,Finalizado,0,0,0,1.0,0,2024-06-18,Bogotá D.C.,Bogotá,41,F,3,Técnico/Tecnólogo,Microempresario,3620000.0,Call center,660.0,False,0,iOS,hash_617965,0,0,10,657,1,3,0,0,2,1,1,0.9,0.0,115.1,0.0,0.20403155954413962,"Medio
(15-35%)"
CR000154,CL00150,2025-07-16,Microcrédito,3700000,6,0.0448,717000,App,874,0.1707,Automática,Finalizado,0,0,0,1.0,0,2025-10-30,Cundinamarca,Soacha,39,F,5,Bachiller,Empleado,4200000.0,App orgánico,634.0,False,1,Web,hash_118557,0,0,15,149,6,0,1,0,2,0,3,0.7333333333333333,0.0666666666666666,229.86666666666667,0.0,0.21100970979921288,"Medio
(15-35%)"
CR000155,CL00151,2026-01-05,Microcrédito,3250000,6,0.0273,595000,Web,678,0.3814,Manual,Activo,0,0,4,0.5,1,2024-12-19,Valle del Cauca,Cali,39,M,1,Posgrado,Empleado,1560000.0,Aliado comercial,477.0,False,0,Android,hash_126081,0,0,5,298,1,1,1,0,2,0,0,0.8,0.2,152.4,1.0,0.7166214164319734,"Muy alto
(> 60%)"
CR000156,CL00152,2026-01-23,Avance de nómina,400000,6,0.0206,72000,App,819,0.0266,Automática,Activo,0,0,2,0.3333333333333333,2,2025-07-26,Norte de Santander,Cúcuta,39,F,4,Universitario,Empleado,2710000.0,App orgánico,632.0,False,1,Android,hash_443003,0,0,9,145,3,0,1,1,2,1,0,0.6666666666666666,0.2222222222222222,191.44444444444449,0.0,0.28687039640685613,"Medio
(15-35%)"
CR000157,CL00152,2025-05-08,Crédito consumo digital,1050000,12,0.0233,101000,App,900,0.0373,Automática,Activo,0,0,21,0.8333333333333334,1,2025-07-26,Norte de Santander,Cúcuta,39,F,4,Universitario,Empleado,2710000.0,App orgánico,632.0,False,1,Android,hash_443003,0,0,9,145,3,0,1,1,2,1,0,0.6666666666666666,0.2222222222222222,191.44444444444449,0.0,0.2083770693470492,"Medio
(15-35%)"
CR000158,CL00153,2025-10-18,Avance de nómina,250000,9,0.021,31000,Call center,808,0.0156,Automática,Activo,0,0,1,0.8333333333333334,1,2023-10-30,Risaralda,Pereira,29,M,4,Universitario,Pensionado,1990000.0,Referido,526.0,False,2,Android,hash_871152,0,0,20,822,10,3,1,0,2,1,1,0.9,0.05,144.25,0.3333333333333333,0.3899001181940994,"Alto
(35-60%)"
CR000159,CL00153,2024-04-20,Crédito libre inversión,1500000,9,0.0239,187000,App,800,0.094,Automática,Mora moderada,0,0,8,0.6666666666666666,2,2023-10-30,Risaralda,Pereira,29,M,4,Universitario,Pensionado,1990000.0,Referido,526.0,False,2,Android,hash_871152,0,0,20,822,10,3,1,0,2,1,1,0.9,0.05,144.25,0.3333333333333333,0.4100097563582024,"Alto
(35-60%)"
CR000160,CL00154,2025-08-09,Avance de nómina,450000,6,0.0291,83000,App,828,0.0324,Automática,Finalizado,0,0,0,1.0,0,2024-09-07,Valle del Cauca,Cali,38,F,3,Universitario,Microempresario,2560000.0,App orgánico,626.0,True,4,Android,hash_857582,0,0,24,563,8,5,0,3,4,3,1,0.6666666666666666,0.1666666666666666,178.16666666666666,0.0,0.2502897184362269,"Medio
(15-35%)"
CR000161,CL00154,2024-11-02,Crédito consumo digital,2000000,9,0.0243,250000,Aliado,826,0.0977,Automática,Finalizado,0,0,0,1.0,0,2024-09-07,Valle del Cauca,Cali,38,F,3,Universitario,Microempresario,2560000.0,App orgánico,626.0,True,4,Android,hash_857582,0,0,24,563,8,5,0,3,4,3,1,0.6666666666666666,0.1666666666666666,178.16666666666666,0.0,0.24088664497230167,"Medio
(15-35%)"
CR000162,CL00155,2025-11-22,Crédito libre inversión,3700000,12,0.0329,378000,App,750,0.1919,Automática,Activo,0,0,0,1.0,0,2025-07-20,Meta,Villavicencio,39,M,1,Técnico/Tecnólogo,Empleado,1970000.0,Aliado comercial,484.0,False,2,Android,hash_665148,0,0,18,266,2,5,2,0,7,1,0,0.7777777777777778,0.2222222222222222,114.0,0.4,0.5740597453567647,"Alto
(35-60%)"
CR000163,CL00155,2025-12-05,Crédito consumo digital,1000000,9,0.0241,125000,App,823,0.0635,Automática,Activo,0,0,0,0.8,0,2025-07-20,Meta,Villavicencio,39,M,1,Técnico/Tecnólogo,Empleado,1970000.0,Aliado comercial,484.0,False,2,Android,hash_665148,0,0,18,266,2,5,2,0,7,1,0,0.7777777777777778,0.2222222222222222,114.0,0.4,0.43208422787745504,"Alto
(35-60%)"
CR000164,CL00156,2026-02-15,Crédito consumo digital,2350000,12,0.03,236000,Web,888,0.0626,Automática,Activo,0,0,15,0.3333333333333333,1,2024-05-14,Antioquia,Medellín,29,F,2,Técnico/Tecnólogo,Comerciante,3770000.0,Campaña digital,625.0,False,0,Android,hash_851331,0,0,10,618,8,0,0,0,1,0,1,0.9,0.0,84.4,0.0,0.20820417486931542,"Medio
(15-35%)"
CR000165,CL00158,2025-06-21,Crédito libre inversión,11500000,6,0.0297,2121000,Web,900,0.3754,Manual,Mora severa,0,1,109,0.8333333333333334,1,2024-10-31,Bogotá D.C.,Bogotá,41,M,4,Posgrado,Empleado,5650000.0,Campaña digital,668.0,True,0,Android,hash_444407,0,0,8,495,1,0,1,0,2,1,3,0.5,0.125,154.375,0.0,0.4219432527416808,"Alto
(35-60%)"
CR000166,CL00159,2023-11-16,Avance de nómina,400000,3,0.022,139000,App,861,0.0891,Automática,Finalizado,0,0,3,0.6666666666666666,1,2023-10-08,Bogotá D.C.,Bogotá,24,M,1,Bachiller,Empleado,1560000.0,Call center,506.0,True,2,Android,hash_964950,0,0,6,680,1,2,1,0,1,0,1,0.8333333333333334,0.0,178.5,0.5,0.394674992731134,"Alto
(35-60%)"
CR000167,CL00161,2025-11-12,Microcrédito,1400000,3,0.0289,494000,App,828,0.3088,Automática,Finalizado,0,0,14,0.6666666666666666,1,2025-05-19,Atlántico,Barranquilla,26,M,2,Sin información,Empleado,1600000.0,Referido,531.0,False,4,Android,hash_249172,0,0,9,317,3,0,4,0,2,0,0,0.7777777777777778,0.2222222222222222,175.88888888888889,0.0,0.5405777533142958,"Alto
(35-60%)"
CR000168,CL00163,2025-11-04,Crédito libre inversión,4900000,6,0.0294,903000,Call center,834,0.2648,Automática,Finalizado,0,0,0,1.0,0,2024-10-14,Bolívar,Cartagena,48,F,4,Universitario,Microempresario,3410000.0,Referido,660.0,False,1,Android,hash_666605,0,0,7,469,2,1,0,0,0,2,2,0.7142857142857143,0.0,152.28571428571428,0.0,0.2610763676196468,"Medio
(15-35%)"
CR000169,CL00164,2025-07-13,Microcrédito,1950000,12,0.0364,203000,Aliado,900,0.0781,Automática,Activo,0,0,0,1.0,0,2023-06-03,Valle del Cauca,Cali,28,M,2,Universitario,Empleado,2600000.0,Call center,659.0,False,1,iOS,hash_731339,0,0,12,1051,5,1,1,2,3,0,0,0.6666666666666666,0.1666666666666666,170.25,1.0,0.21501513106671702,"Medio
(15-35%)"
CR000170,CL00165,2024-06-06,Microcrédito,2200000,3,0.0274,774000,App,899,0.2538,Automática,Finalizado,0,0,0,1.0,0,2023-05-01,Valle del Cauca,Cali,46,F,3,Bachiller,Comerciante,3050000.0,Referido,738.0,False,1,Android,hash_663329,0,0,19,986,4,4,3,1,5,0,2,0.6842105263157895,0.1578947368421052,191.26315789473685,0.75,0.19632562467537124,"Medio
(15-35%)"
CR000171,CL00165,2024-12-01,Crédito consumo digital,1450000,18,0.0389,113000,App,900,0.037,Automática,Activo,0,0,0,1.0,0,2023-05-01,Valle del Cauca,Cali,46,F,3,Bachiller,Comerciante,3050000.0,Referido,738.0,False,1,Android,hash_663329,0,0,19,986,4,4,3,1,5,0,2,0.6842105263157895,0.1578947368421052,191.26315789473685,0.75,0.17027525341443517,"Medio
(15-35%)"
CR000173,CL00167,2024-09-01,Microcrédito,1950000,3,0.0351,696000,Aliado,746,0.2559,Automática,Finalizado,0,0,0,1.0,0,2023-03-15,Cundinamarca,Soacha,44,F,2,Posgrado,Comerciante,2720000.0,App orgánico,517.0,False,3,Android,hash_833375,0,0,16,969,3,4,2,1,4,0,1,0.8125,0.0625,100.125,0.5,0.45462095906168154,"Alto
(35-60%)"
CR000174,CL00167,2023-05-29,Crédito consumo digital,850000,9,0.0291,109000,Aliado,765,0.0401,Automática,Mora moderada,0,1,48,0.6666666666666666,2,2023-03-15,Cundinamarca,Soacha,44,F,2,Posgrado,Comerciante,2720000.0,App orgánico,517.0,False,3,Android,hash_833375,0,0,16,969,3,4,2,1,4,0,1,0.8125,0.0625,100.125,0.5,0.5480439222393435,"Alto
(35-60%)"
CR000175,CL00168,2024-04-25,Crédito consumo digital,1400000,6,0.0324,261000,Call center,900,0.0942,Automática,Finalizado,0,0,0,1.0,0,2023-10-04,Cundinamarca,Soacha,55,F,4,Técnico/Tecnólogo,Conductor/Repartidor,2770000.0,Aliado comercial,512.0,False,1,Web,hash_129709,0,0,16,768,4,3,1,1,3,1,3,0.625,0.125,186.0,0.3333333333333333,0.3602327484011457,"Alto
(35-60%)"
CR000176,CL00169,2025-01-24,Avance de nómina,550000,6,0.0195,98000,Aliado,860,0.0274,Automática,Finalizado,0,0,0,1.0,0,2023-06-03,Santander,Bucaramanga,34,F,1,Técnico/Tecnólogo,Empleado,3580000.0,Campaña digital,601.0,False,0,Android,hash_128885,0,0,11,997,1,0,0,2,5,0,1,0.6363636363636364,0.0909090909090909,169.27272727272728,0.0,0.2804677964737477,"Medio
(15-35%)"
CR000177,CL00170,2024-10-14,Crédito libre inversión,3100000,6,0.0198,553000,App,793,0.2333,Automática,Finalizado,0,0,20,0.8333333333333334,1,2023-12-09,Norte de Santander,Cúcuta,28,F,1,Universitario,Comerciante,2370000.0,Campaña digital,498.0,False,1,Android,hash_700699,0,0,8,841,2,0,1,0,2,0,2,0.625,0.125,85.75,0.0,0.5854985404699914,"Alto
(35-60%)"
CR000178,CL00172,2025-10-24,Avance de nómina,1650000,6,0.0319,306000,Aliado,873,0.0789,Automática,Finalizado,0,0,0,1.0,0,2025-01-08,Bolívar,Cartagena,28,F,3,Universitario,Empleado,3880000.0,App orgánico,616.0,True,2,Android,hash_771813,0,0,8,260,2,1,1,0,3,0,1,0.625,0.25,151.75,1.0,0.2692744684043062,"Medio
(15-35%)"
CR000179,CL00173,2025-03-25,Crédito consumo digital,1700000,6,0.0298,314000,Call center,896,0.1303,Automática,Finalizado,0,0,26,0.8333333333333334,1,2023-10-19,Atlántico,Barranquilla,35,F,3,Posgrado,Empleado,2410000.0,App orgánico,585.0,True,2,Android,hash_734649,0,0,10,893,4,2,2,0,2,0,0,0.8,0.2,97.6,1.0,0.4347750101534386,"Alto
(35-60%)"
CR000180,CL00173,2023-11-06,Microcrédito,1550000,6,0.0361,292000,Web,762,0.1212,Automática,Finalizado,0,0,0,1.0,0,2023-10-19,Atlántico,Barranquilla,35,F,3,Posgrado,Empleado,2410000.0,App orgánico,585.0,True,2,Android,hash_734649,0,0,10,893,4,2,2,0,2,0,0,0.8,0.2,97.6,1.0,0.43659250584612386,"Alto
(35-60%)"
CR000181,CL00174,2024-09-03,Crédito consumo digital,650000,3,0.0223,226000,App,761,0.1412,Automática,Finalizado,0,0,6,0.0,3,2024-06-24,Valle del Cauca,Cali,39,M,2,Sin información,Microempresario,1600000.0,App orgánico,487.0,True,1,Android,hash_972882,0,0,5,599,3,1,0,0,0,0,1,0.8,0.0,113.4,0.0,0.4386892275652351,"Alto
(35-60%)"
CR000182,CL00175,2026-01-15,Crédito libre inversión,1350000,3,0.0273,475000,App,758,0.2411,Automática,Activo,0,0,15,0.6666666666666666,1,2025-03-18,Atlántico,Barranquilla,39,F,2,Universitario,Comerciante,1970000.0,Call center,539.0,False,3,Android,hash_882119,0,0,8,249,3,2,2,0,1,0,0,0.75,0.25,93.375,1.0,0.4950808143414545,"Alto
(35-60%)"
CR000183,CL00176,2025-05-19,Crédito consumo digital,1350000,12,0.0314,137000,App,900,0.0521,Automática,Activo,0,0,0,1.0,0,2023-10-11,Valle del Cauca,Cali,44,F,3,Técnico/Tecnólogo,Microempresario,2630000.0,App orgánico,580.0,True,1,Android,hash_783189,0,0,3,303,2,1,0,0,0,0,0,1.0,0.0,138.66666666666666,0.0,0.32408070081886414,"Medio
(15-35%)"
CR000184,CL00178,2024-09-05,Avance de nómina,1300000,24,0.0318,78000,App,831,0.0263,Automática,Activo,0,0,0,1.0,0,2023-11-30,Cundinamarca,Soacha,51,M,1,Universitario,Empleado,2970000.0,Aliado comercial,638.0,False,0,Android,hash_678921,0,0,8,658,1,4,1,0,1,0,1,0.75,0.125,159.125,0.25,0.2233147793609892,"Medio
(15-35%)"
CR000185,CL00180,2025-10-26,Crédito libre inversión,2350000,6,0.0182,417000,Web,875,0.1404,Automática,Finalizado,0,0,0,1.0,0,2025-05-11,Antioquia,Medellín,63,F,2,Técnico/Tecnólogo,Microempresario,2970000.0,App orgánico,665.0,True,1,iOS,hash_286720,0,0,11,284,2,2,2,0,4,0,1,0.7272727272727273,0.1818181818181818,157.45454545454547,1.0,0.20679494385752123,"Medio
(15-35%)"
CR000186,CL00181,2025-11-28,Crédito libre inversión,4400000,12,0.0203,417000,Aliado,900,0.086,Automática,Activo,0,0,0,1.0,0,2025-07-08,Bogotá D.C.,Bogotá,42,M,5,Bachiller,Independiente,4850000.0,Referido,691.0,False,2,Android,hash_862277,0,0,9,238,1,4,3,0,1,0,0,1.0,0.0,127.55555555555556,0.75,0.16255584054421401,"Medio
(15-35%)"
CR000187,CL00182,2024-10-29,Crédito consumo digital,7650000,3,0.0271,2689000,Web,787,0.693,Excepción,Mora moderada,0,1,34,0.6666666666666666,1,2024-03-14,Bogotá D.C.,Bogotá,27,F,3,Técnico/Tecnólogo,Empleado,3880000.0,App orgánico,594.0,True,4,iOS,hash_604655,0,0,7,550,0,0,1,0,2,0,4,0.4285714285714285,0.0,154.14285714285714,0.0,0.5329186401603486,"Alto
(35-60%)"
CR000188,CL00183,2025-11-11,Crédito consumo digital,400000,12,0.0246,39000,App,804,0.0639,Automática,Activo,0,0,0,0.8333333333333334,0,2024-06-27,Bolívar,Cartagena,25,M,2,Universitario,Desempleado,610000.0,Campaña digital,526.0,False,0,Android,hash_345160,0,0,18,631,5,1,4,1,3,2,1,0.8333333333333334,0.0555555555555555,140.66666666666666,4.0,0.4790261585621257,"Alto
(35-60%)"
CR000189,CL00183,2025-03-17,Microcrédito,1050000,12,0.0308,106000,Web,673,0.1738,Automática,Mora moderada,0,1,50,0.6666666666666666,2,2024-06-27,Bolívar,Cartagena,25,M,2,Universitario,Desempleado,610000.0,Campaña digital,526.0,False,0,Android,hash_345160,0,0,18,631,5,1,4,1,3,2,1,0.8333333333333334,0.0555555555555555,140.66666666666666,4.0,0.6894050201860739,"Muy alto
(> 60%)"
CR000190,CL00183,2025-05-22,Crédito consumo digital,250000,9,0.0342,33000,App,786,0.0541,Automática,Finalizado,0,0,0,1.0,0,2024-06-27,Bolívar,Cartagena,25,M,2,Universitario,Desempleado,610000.0,Campaña digital,526.0,False,0,Android,hash_345160,0,0,18,631,5,1,4,1,3,2,1,0.8333333333333334,0.0555555555555555,140.66666666666666,4.0,0.4989978595906003,"Alto
(35-60%)"
CR000191,CL00184,2024-05-09,Avance de nómina,650000,12,0.0262,64000,Web,728,0.0322,Automática,Finalizado,0,0,0,1.0,0,2023-09-10,Bogotá D.C.,Bogotá,41,F,2,Técnico/Tecnólogo,Empleado,1990000.0,App orgánico,493.0,False,3,Android,hash_751824,0,0,7,746,2,2,1,0,2,0,0,1.0,0.0,121.14285714285714,0.5,0.49007867170062847,"Alto
(35-60%)"
CR000192,CL00185,2026-01-11,Crédito libre inversión,2400000,6,0.0306,444000,App,826,0.1362,Automática,Activo,0,0,0,0.75,0,2025-06-20,Antioquia,Medellín,34,F,1,Universitario,Microempresario,3260000.0,Campaña digital,493.0,True,1,Web,hash_453330,0,0,9,282,4,0,1,0,3,0,1,0.8888888888888888,0.0,167.22222222222223,0.0,0.4276806748182227,"Alto
(35-60%)"
CR000193,CL00186,2025-01-26,Crédito consumo digital,1400000,18,0.025,98000,Call center,900,0.0222,Automática,Mora severa,0,1,98,0.8333333333333334,1,2023-07-25,Valle del Cauca,Cali,43,F,3,Sin información,Microempresario,4410000.0,App orgánico,555.0,False,2,Android,hash_596753,0,0,11,857,3,1,3,0,2,0,1,0.8181818181818182,0.0909090909090909,188.3636363636364,3.0,0.303014915087016,"Medio
(15-35%)"
CR000194,CL00186,2024-05-04,Crédito consumo digital,4550000,6,0.0246,825000,App,836,0.1871,Automática,Finalizado,0,0,3,0.8333333333333334,1,2023-07-25,Valle del Cauca,Cali,43,F,3,Sin información,Microempresario,4410000.0,App orgánico,555.0,False,2,Android,hash_596753,0,0,11,857,3,1,3,0,2,0,1,0.8181818181818182,0.0909090909090909,188.3636363636364,3.0,0.3692347245784216,"Alto
(35-60%)"
CR000195,CL00188,2025-02-25,Crédito consumo digital,1450000,3,0.0291,512000,App,900,0.2107,Automática,Finalizado,0,0,0,1.0,0,2024-11-27,Valle del Cauca,Cali,35,F,3,Universitario,Microempresario,2430000.0,Referido,615.0,True,0,Android,hash_139236,0,0,7,437,4,1,1,0,0,1,0,0.8571428571428571,0.1428571428571428,132.57142857142858,1.0,0.2860955812431277,"Medio
(15-35%)"
CR000196,CL00189,2024-03-24,Avance de nómina,900000,3,0.0312,319000,App,768,0.1498,Automática,Mora moderada,0,1,56,0.6666666666666666,1,2024-03-01,Bogotá D.C.,Bogotá,28,M,2,Bachiller,Independiente,2130000.0,Call center,507.0,False,2,Android,hash_887600,0,0,8,602,4,1,1,0,1,0,1,0.875,0.0,91.625,1.0,0.4858964130818506,"Alto
(35-60%)"
CR000197,CL00190,2025-05-28,Crédito libre inversión,2150000,12,0.0269,212000,Call center,854,0.1065,Automática,Activo,0,0,0,1.0,0,2025-08-27,Risaralda,Pereira,21,M,3,Bachiller,Empleado,1990000.0,Aliado comercial,659.0,False,1,Android,hash_859161,0,0,12,173,2,2,1,0,3,2,0,0.8333333333333334,0.1666666666666666,136.25,0.5,0.41393786829615975,"Alto
(35-60%)"
CR000198,CL00190,2025-09-21,Microcrédito,3100000,6,0.0433,598000,Aliado,868,0.3005,Automática,Mora moderada,0,1,40,0.8333333333333334,1,2025-08-27,Risaralda,Pereira,21,M,3,Bachiller,Empleado,1990000.0,Aliado comercial,659.0,False,1,Android,hash_859161,0,0,12,173,2,2,1,0,3,2,0,0.8333333333333334,0.1666666666666666,136.25,0.5,0.5697948959180998,"Alto
(35-60%)"
CR000199,CL00191,2025-11-06,Crédito libre inversión,3350000,12,0.022,321000,App,849,0.1249,Automática,Activo,0,0,0,0.8333333333333334,0,2025-10-21,Bogotá D.C.,Bogotá,32,M,4,Sin información,Independiente,2370000.0,Campaña digital,691.0,False,0,Web,hash_445876,0,0,9,129,3,1,2,0,3,0,0,1.0,0.0,99.77777777777776,2.0,0.2767177988258344,"Medio
(15-35%)"
CR000200,CL00192,2024-06-18,Crédito consumo digital,700000,3,0.0331,249000,Web,839,0.0886,Automática,Mora moderada,0,1,39,0.6666666666666666,1,2024-01-07,Atlántico,Barranquilla,45,F,2,Universitario,Empleado,2810000.0,Referido,571.0,True,0,Android,hash_325121,0,0,7,474,2,1,2,1,0,0,1,0.5714285714285714,0.1428571428571428,138.42857142857142,2.0,0.5295209964414953,"Alto
(35-60%)"
CR000201,CL00193,2025-11-07,Crédito libre inversión,3250000,6,0.0284,597000,App,682,0.4489,Manual,Mora severa,0,1,82,0.3333333333333333,3,2025-07-04,Antioquia,Medellín,38,F,5,Universitario,Desempleado,1330000.0,Call center,450.0,True,0,Web,hash_901555,0,0,6,247,1,1,1,1,1,0,1,0.5,0.1666666666666666,157.66666666666666,1.0,0.774401832680594,"Muy alto
(> 60%)"
CR000202,CL00194,2025-12-13,Crédito libre inversión,13800000,9,0.0244,1726000,App,900,0.3736,Manual,Activo,0,0,0,0.8,0,2023-10-07,Risaralda,Pereira,24,No informa,3,Bachiller,Empleado,4620000.0,Campaña digital,692.0,False,1,Android,hash_794245,0,0,19,868,8,2,1,2,2,2,1,0.631578947368421,0.2105263157894736,142.3684210526316,0.5,0.28801604460361224,"Medio
(15-35%)"
CR000203,CL00194,2025-09-11,Crédito consumo digital,1700000,9,0.0277,216000,App,858,0.0468,Automática,Activo,0,0,0,1.0,0,2023-10-07,Risaralda,Pereira,24,No informa,3,Bachiller,Empleado,4620000.0,Campaña digital,692.0,False,1,Android,hash_794245,0,0,19,868,8,2,1,2,2,2,1,0.631578947368421,0.2105263157894736,142.3684210526316,0.5,0.13785899338521218,"Bajo
(< 15%)"
CR000204,CL00195,2025-06-07,Microcrédito,6950000,3,0.0341,2477000,App,809,0.7097,Excepción,Finalizado,0,0,0,1.0,0,2026-01-07,Bogotá D.C.,Bogotá,38,F,4,Bachiller,Empleado,3490000.0,Campaña digital,643.0,True,3,iOS,hash_250862,0,0,7,83,4,0,0,0,1,0,2,0.7142857142857143,0.0,138.42857142857142,0.0,0.35345665909922647,"Alto
(35-60%)"
CR000205,CL00196,2024-08-04,Crédito consumo digital,1650000,12,0.0225,158000,App,770,0.0656,Automática,Mora moderada,0,1,54,0.8333333333333334,1,2023-11-18,Bogotá D.C.,Bogotá,40,F,1,Universitario,Empleado,2410000.0,App orgánico,450.0,True,1,Android,hash_331226,0,0,12,821,5,0,1,1,3,0,1,0.75,0.0833333333333333,200.41666666666663,0.0,0.6042250156593197,"Muy alto
(> 60%)"
CR000206,CL00197,2024-02-28,Crédito consumo digital,2150000,12,0.0341,221000,App,900,0.05,Automática,Finalizado,0,0,0,1.0,0,2023-05-08,Bogotá D.C.,Bogotá,27,F,3,Técnico/Tecnólogo,Empleado,4420000.0,Call center,716.0,False,1,Android,hash_245338,0,0,13,985,2,3,4,0,4,0,0,0.8461538461538461,0.1538461538461538,211.15384615384616,1.3333333333333333,0.07459929826095926,"Bajo
(< 15%)"
CR000207,CL00198,2024-03-30,Crédito consumo digital,800000,3,0.0253,280000,App,792,0.1167,Automática,Finalizado,0,0,12,0.3333333333333333,2,2023-03-30,Antioquia,Medellín,38,M,2,Técnico/Tecnólogo,Microempresario,2400000.0,Aliado comercial,511.0,True,0,Android,hash_727503,0,0,10,850,6,0,3,0,1,0,0,0.9,0.1,184.9,0.0,0.42316099389389383,"Alto
(35-60%)"
CR000209,CL00200,2025-11-17,Avance de nómina,250000,18,0.0293,18000,App,759,0.0178,Automática,Activo,0,0,13,0.8,1,2024-09-05,Atlántico,Barranquilla,25,M,2,Bachiller,Desempleado,1010000.0,Campaña digital,518.0,False,0,Android,hash_865710,0,0,18,557,1,5,3,1,5,0,2,0.8333333333333334,0.0,153.83333333333334,0.6,0.5297984931388577,"Alto
(35-60%)"
CR000210,CL00200,2025-12-19,Crédito libre inversión,250000,12,0.0216,24000,App,713,0.0238,Automática,Activo,0,0,0,1.0,0,2024-09-05,Atlántico,Barranquilla,25,M,2,Bachiller,Desempleado,1010000.0,Campaña digital,518.0,False,0,Android,hash_865710,0,0,18,557,1,5,3,1,5,0,2,0.8333333333333334,0.0,153.83333333333334,0.6,0.5536575711335171,"Alto
(35-60%)"
CR000211,CL00200,2024-11-13,Crédito libre inversión,1000000,6,0.0329,186000,Web,836,0.1842,Automática,Finalizado,0,0,17,0.5,3,2024-09-05,Atlántico,Barranquilla,25,M,2,Bachiller,Desempleado,1010000.0,Campaña digital,518.0,False,0,Android,hash_865710,0,0,18,557,1,5,3,1,5,0,2,0.8333333333333334,0.0,153.83333333333334,0.6,0.4777285815707557,"Alto
(35-60%)"
CR000212,CL00202,2025-11-24,Crédito libre inversión,5000000,12,0.0327,511000,Web,831,0.212,Automática,Activo,0,0,7,0.8,1,2025-08-22,Bolívar,Cartagena,42,M,4,Universitario,Empleado,2410000.0,App orgánico,624.0,True,0,Android,hash_385291,0,0,8,228,3,2,1,0,2,0,0,0.75,0.25,108.0,0.5,0.39309967313060823,"Alto
(35-60%)"
CR000213,CL00203,2025-04-12,Crédito consumo digital,1400000,12,0.0234,135000,Aliado,900,0.0458,Automática,Finalizado,0,0,0,1.0,0,2023-12-13,Antioquia,Medellín,47,F,4,Técnico/Tecnólogo,Empleado,2950000.0,Referido,613.0,False,2,Android,hash_840174,0,0,12,740,4,3,2,0,2,1,0,0.9166666666666666,0.0833333333333333,154.75,0.6666666666666666,0.24777407006595534,"Medio
(15-35%)"
CR000214,CL00204,2025-03-27,Crédito libre inversión,23300000,6,0.0239,4214000,App,900,0.548,Manual,Finalizado,0,0,0,1.0,0,2023-05-27,Cundinamarca,Soacha,47,F,6,Universitario,Microempresario,7690000.0,Campaña digital,850.0,True,1,Android,hash_306717,0,0,9,676,2,3,0,0,3,0,1,0.8888888888888888,0.0,208.55555555555557,0.0,0.1986610641001293,"Medio
(15-35%)"
CR000215,CL00205,2024-08-26,Microcrédito,2900000,9,0.0278,369000,App,822,0.1597,Automática,Finalizado,0,0,26,0.8333333333333334,1,2023-10-05,Norte de Santander,Cúcuta,22,F,3,Sin información,Comerciante,2310000.0,App orgánico,557.0,False,0,Android,hash_204843,0,0,9,679,2,0,2,0,5,0,0,1.0,0.0,155.44444444444446,0.0,0.62325978865572,"Muy alto
(> 60%)"
CR000216,CL00205,2024-04-11,Crédito consumo digital,550000,6,0.0288,101000,Aliado,900,0.0437,Automática,Finalizado,0,0,11,0.8333333333333334,1,2023-10-05,Norte de Santander,Cúcuta,22,F,3,Sin información,Comerciante,2310000.0,App orgánico,557.0,False,0,Android,hash_204843,0,0,9,679,2,0,2,0,5,0,0,1.0,0.0,155.44444444444446,0.0,0.3881797524390331,"Alto
(35-60%)"
CR000217,CL00206,2023-06-10,Crédito consumo digital,950000,6,0.0351,178000,App,888,0.0886,Automática,Finalizado,0,0,6,0.8333333333333334,1,2023-01-23,Bogotá D.C.,Bogotá,27,F,4,Posgrado,Pensionado,2010000.0,Campaña digital,590.0,False,0,Android,hash_648912,0,0,12,639,3,1,1,1,4,0,0,0.8333333333333334,0.0833333333333333,172.33333333333334,1.0,0.278915911776638,"Medio
(15-35%)"
CR000218,CL00207,2025-09-23,Crédito libre inversión,3350000,12,0.0244,325000,App,853,0.1236,Automática,Activo,0,0,29,0.5,3,2025-01-13,Santander,Bucaramanga,41,M,3,Técnico/Tecnólogo,Independiente,2630000.0,App orgánico,582.0,True,1,Web,hash_583414,0,0,13,369,4,3,1,1,1,0,2,0.5384615384615384,0.2307692307692307,145.0,0.3333333333333333,0.5006685892168584,"Alto
(35-60%)"
CR000219,CL00207,2025-03-23,Crédito libre inversión,4500000,6,0.0282,826000,App,868,0.3141,Automática,Finalizado,0,0,0,1.0,0,2025-01-13,Santander,Bucaramanga,41,M,3,Técnico/Tecnólogo,Independiente,2630000.0,App orgánico,582.0,True,1,Web,hash_583414,0,0,13,369,4,3,1,1,1,0,2,0.5384615384615384,0.2307692307692307,145.0,0.3333333333333333,0.5436025633951677,"Alto
(35-60%)"
CR000220,CL00208,2026-01-03,Crédito libre inversión,3500000,12,0.0274,346000,Web,816,0.1485,Automática,Mora moderada,0,1,48,0.75,1,2024-03-11,Bogotá D.C.,Bogotá,41,F,1,Sin información,Empleado,2330000.0,Referido,622.0,True,2,Android,hash_398845,0,0,3,299,2,0,0,0,1,0,0,0.3333333333333333,0.6666666666666666,184.0,0.0,0.5358991269400559,"Alto
(35-60%)"
CR000221,CL00209,2024-08-23,Microcrédito,5000000,24,0.0346,310000,App,900,0.1319,Automática,Mora moderada,0,0,0,1.0,0,2024-07-20,Bogotá D.C.,Bogotá,41,F,2,Universitario,Empleado,2350000.0,Call center,549.0,False,1,Android,hash_944124,0,0,5,522,2,1,1,0,1,0,0,0.8,0.2,245.0,1.0,0.45007394333101347,"Alto
(35-60%)"
CR000222,CL00210,2026-01-25,Crédito libre inversión,7300000,3,0.0226,2544000,Web,900,0.4855,Manual,Finalizado,0,0,0,1.0,0,2025-12-23,Cundinamarca,Soacha,68,M,3,Bachiller,Empleado,5240000.0,Campaña digital,736.0,False,3,Web,hash_168653,0,0,9,90,2,0,2,1,2,0,1,0.5555555555555556,0.2222222222222222,147.0,0.0,0.259444988683997,"Medio
(15-35%)"
CR000223,CL00210,2026-01-20,Crédito libre inversión,5800000,3,0.0336,2065000,App,888,0.3941,Manual,Finalizado,0,0,0,1.0,0,2025-12-23,Cundinamarca,Soacha,68,M,3,Bachiller,Empleado,5240000.0,Campaña digital,736.0,False,3,Web,hash_168653,0,0,9,90,2,0,2,1,2,0,1,0.5555555555555556,0.2222222222222222,147.0,0.0,0.2655039890872347,"Medio
(15-35%)"
CR000224,CL00211,2025-11-10,Crédito consumo digital,1550000,6,0.0303,286000,Call center,861,0.0897,Automática,Activo,0,0,0,0.8333333333333334,0,2024-03-21,Bogotá D.C.,Bogotá,42,F,3,Universitario,Empleado,3190000.0,Campaña digital,688.0,False,0,Android,hash_227101,0,0,6,743,1,2,2,0,1,0,0,0.8333333333333334,0.1666666666666666,203.5,1.0,0.20491429353869572,"Medio
(15-35%)"
CR000225,CL00212,2025-08-05,Crédito consumo digital,400000,12,0.0358,42000,App,746,0.0333,Automática,Mora moderada,0,1,51,0.5,3,2025-07-16,Santander,Bucaramanga,47,M,1,Bachiller,Independiente,1260000.0,Referido,392.0,False,1,iOS,hash_477218,0,0,17,260,6,1,2,2,2,2,1,0.7647058823529411,0.0588235294117647,159.35294117647058,2.0,0.6453019139213738,"Muy alto
(> 60%)"
CR000227,CL00214,2025-08-25,Microcrédito,2250000,6,0.0424,433000,Call center,874,0.1575,Automática,Finalizado,0,0,0,1.0,0,2025-01-28,Norte de Santander,Cúcuta,43,M,3,Posgrado,Independiente,2750000.0,App orgánico,577.0,False,0,Android,hash_916117,0,0,14,349,2,4,2,0,3,3,0,0.6428571428571429,0.3571428571428571,154.14285714285714,0.5,0.570643525928642,"Alto
(35-60%)"
CR000228,CL00214,2025-03-13,Crédito consumo digital,2350000,6,0.0236,425000,Aliado,860,0.1545,Automática,Mora moderada,0,1,51,0.8333333333333334,1,2025-01-28,Norte de Santander,Cúcuta,43,M,3,Posgrado,Independiente,2750000.0,App orgánico,577.0,False,0,Android,hash_916117,0,0,14,349,2,4,2,0,3,3,0,0.6428571428571429,0.3571428571428571,154.14285714285714,0.5,0.5701212998831696,"Alto
(35-60%)"
CR000229,CL00215,2025-11-21,Crédito consumo digital,500000,9,0.0222,62000,App,794,0.0405,Automática,Activo,0,0,11,0.4,3,2024-05-26,Cundinamarca,Soacha,33,M,1,Bachiller,Conductor/Repartidor,1530000.0,Campaña digital,543.0,False,0,Android,hash_114260,0,0,15,685,3,4,1,1,3,1,0,0.7333333333333333,0.2,139.8,0.25,0.447257574495881,"Alto
(35-60%)"
CR000230,CL00215,2026-02-06,Crédito consumo digital,550000,3,0.0384,198000,Web,780,0.1294,Automática,Activo,0,0,24,0.3333333333333333,1,2024-05-26,Cundinamarca,Soacha,33,M,1,Bachiller,Conductor/Repartidor,1530000.0,Campaña digital,543.0,False,0,Android,hash_114260,0,0,15,685,3,4,1,1,3,1,0,0.7333333333333333,0.2,139.8,0.25,0.44604761897982104,"Alto
(35-60%)"
CR000231,CL00216,2025-08-13,Crédito consumo digital,800000,6,0.0374,151000,App,800,0.0786,Automática,Mora moderada,0,1,43,0.5,3,2024-11-15,Antioquia,Medellín,44,M,2,Universitario,Pensionado,1920000.0,Referido,505.0,False,1,Android,hash_380092,0,0,4,423,0,0,1,2,1,0,0,0.5,0.0,121.0,0.0,0.47075385717767193,"Alto
(35-60%)"
CR000232,CL00217,2024-02-24,Microcrédito,2650000,12,0.0332,271000,Aliado,844,0.0695,Automática,Mora moderada,0,0,0,1.0,0,2023-02-20,Bolívar,Cartagena,28,F,3,Bachiller,Comerciante,3900000.0,App orgánico,683.0,False,3,Web,hash_844265,0,0,10,852,4,2,1,0,1,0,1,0.6,0.3,165.3,0.5,0.2202387182215114,"Medio
(15-35%)"
CR000233,CL00217,2024-02-07,Crédito libre inversión,7700000,18,0.0288,554000,Aliado,900,0.1421,Automática,Finalizado,0,0,0,1.0,0,2023-02-20,Bolívar,Cartagena,28,F,3,Bachiller,Comerciante,3900000.0,App orgánico,683.0,False,3,Web,hash_844265,0,0,10,852,4,2,1,0,1,0,1,0.6,0.3,165.3,0.5,0.2032343178196144,"Medio
(15-35%)"
CR000234,CL00218,2024-10-05,Avance de nómina,250000,3,0.0307,88000,App,783,0.0579,Automática,Finalizado,0,0,0,1.0,0,2024-07-05,Valle del Cauca,Cali,34,M,2,Universitario,Empleado,1520000.0,Aliado comercial,595.0,True,2,iOS,hash_109583,0,0,7,415,1,1,0,1,2,2,0,0.7142857142857143,0.1428571428571428,161.0,0.0,0.4251960181872457,"Alto
(35-60%)"
CR000235,CL00219,2023-11-06,Crédito libre inversión,5300000,24,0.031,316000,App,842,0.0806,Automática,Mora severa,0,0,0,1.0,0,2023-10-21,Antioquia,Medellín,31,F,3,Bachiller,Empleado,3920000.0,Campaña digital,600.0,False,0,Android,hash_906434,0,0,13,540,4,2,1,1,3,0,1,0.6923076923076923,0.1538461538461538,144.3846153846154,0.5,0.39141495915330937,"Alto
(35-60%)"
CR000236,CL00220,2024-01-20,Crédito consumo digital,1550000,9,0.0244,194000,Aliado,835,0.0956,Automática,Finalizado,0,0,6,0.8333333333333334,1,2023-07-24,Caldas,Manizales,37,M,2,Técnico/Tecnólogo,Empleado,2030000.0,Aliado comercial,611.0,False,3,Web,hash_688172,0,0,11,842,6,1,1,0,2,0,1,0.9090909090909092,0.0,138.72727272727272,1.0,0.3082286003400492,"Medio
(15-35%)"
CR000237,CL00221,2025-12-28,Crédito consumo digital,3950000,6,0.0224,711000,App,855,0.1943,Automática,Activo,0,0,5,0.75,1,2025-03-12,Caldas,Manizales,59,F,2,Bachiller,Empleado,3660000.0,Aliado comercial,551.0,True,3,Android,hash_777758,0,0,13,364,3,3,1,1,2,0,3,0.5384615384615384,0.1538461538461538,101.6923076923077,0.3333333333333333,0.4114997851910779,"Alto
(35-60%)"
CR000238,CL00221,2026-02-02,Crédito consumo digital,1200000,6,0.0357,226000,App,878,0.0617,Automática,Activo,0,0,0,0.6666666666666666,0,2025-03-12,Caldas,Manizales,59,F,2,Bachiller,Empleado,3660000.0,Aliado comercial,551.0,True,3,Android,hash_777758,0,0,13,364,3,3,1,1,2,0,3,0.5384615384615384,0.1538461538461538,101.6923076923077,0.3333333333333333,0.2819169107634223,"Medio
(15-35%)"
CR000239,CL00222,2023-11-04,Avance de nómina,650000,9,0.0214,80000,App,768,0.0964,Automática,Mora severa,0,1,82,0.3333333333333333,4,2023-04-02,Bogotá D.C.,Bogotá,19,F,3,Bachiller,Desempleado,830000.0,Aliado comercial,487.0,False,1,Android,hash_430322,0,0,11,897,3,2,3,0,1,0,1,0.8181818181818182,0.0909090909090909,166.1818181818182,1.5,0.717487183999848,"Muy alto
(> 60%)"
CR000240,CL00223,2025-11-19,Crédito consumo digital,1050000,6,0.0347,197000,Call center,726,0.1296,Automática,Activo,0,0,0,1.0,0,2025-07-24,Risaralda,Pereira,43,M,1,Bachiller,Empleado,1520000.0,App orgánico,571.0,True,0,Android,hash_724705,0,0,6,143,2,2,0,0,1,1,0,0.8333333333333334,0.1666666666666666,177.83333333333334,0.0,0.5074182365727192,"Alto
(35-60%)"
CR000241,CL00224,2024-07-11,Microcrédito,4450000,6,0.0427,856000,Aliado,798,0.265,Automática,Finalizado,0,0,29,0.8333333333333334,1,2024-03-21,Santander,Bucaramanga,20,F,3,Técnico/Tecnólogo,Conductor/Repartidor,3230000.0,Referido,541.0,True,0,Android,hash_550400,0,0,14,749,5,1,1,1,4,1,0,0.9285714285714286,0.0,169.42857142857142,1.0,0.6188756350775555,"Muy alto
(> 60%)"
CR000242,CL00224,2025-08-06,Microcrédito,3550000,18,0.0305,259000,App,847,0.0802,Automática,Mora moderada,0,1,36,0.5,3,2024-03-21,Santander,Bucaramanga,20,F,3,Técnico/Tecnólogo,Conductor/Repartidor,3230000.0,Referido,541.0,True,0,Android,hash_550400,0,0,14,749,5,1,1,1,4,1,0,0.9285714285714286,0.0,169.42857142857142,1.0,0.5821162865512732,"Alto
(35-60%)"
CR000243,CL00225,2026-02-01,Crédito consumo digital,2050000,9,0.0367,272000,Aliado,824,0.147,Automática,Activo,0,0,1,0.6666666666666666,1,2025-06-24,Caldas,Manizales,31,M,2,Universitario,Conductor/Repartidor,1850000.0,Referido,511.0,False,0,Android,hash_914468,0,0,6,265,2,2,1,0,1,0,0,1.0,0.0,247.33333333333331,0.5,0.4430594924883037,"Alto
(35-60%)"
CR000244,CL00226,2025-08-22,Crédito libre inversión,5150000,24,0.0237,284000,Web,900,0.0973,Automática,Activo,0,0,0,1.0,0,2023-07-07,Risaralda,Pereira,47,F,5,Posgrado,Pensionado,2920000.0,App orgánico,650.0,True,0,Android,hash_303141,0,0,9,801,3,1,1,0,2,1,1,0.7777777777777778,0.1111111111111111,308.1111111111111,1.0,0.20409197991740258,"Medio
(15-35%)"
CR000245,CL00226,2025-11-28,Microcrédito,2100000,12,0.0289,210000,Aliado,823,0.0719,Automática,Activo,0,0,0,1.0,0,2023-07-07,Risaralda,Pereira,47,F,5,Posgrado,Pensionado,2920000.0,App orgánico,650.0,True,0,Android,hash_303141,0,0,9,801,3,1,1,0,2,1,1,0.7777777777777778,0.1111111111111111,308.1111111111111,1.0,0.23864692311579655,"Medio
(15-35%)"
CR000246,CL00227,2025-02-04,Crédito consumo digital,2400000,18,0.0202,160000,App,771,0.0842,Automática,Activo,0,0,0,1.0,0,2024-02-01,Bolívar,Cartagena,37,M,2,Sin información,Empleado,1900000.0,Aliado comercial,581.0,True,0,Android,hash_131673,0,0,11,601,4,1,1,0,3,0,1,0.7272727272727273,0.1818181818181818,174.36363636363637,1.0,0.4543421130576975,"Alto
(35-60%)"
CR000247,CL00228,2024-09-12,Microcrédito,2250000,12,0.0359,234000,Aliado,862,0.0576,Automática,Finalizado,0,0,14,0.8333333333333334,1,2023-02-10,Bogotá D.C.,Bogotá,25,M,6,Técnico/Tecnólogo,Microempresario,4060000.0,Aliado comercial,637.0,True,4,Web,hash_764607,0,0,9,984,2,0,0,2,3,1,1,0.4444444444444444,0.2222222222222222,134.55555555555554,0.0,0.25295436317920594,"Medio
(15-35%)"
CR000248,CL00229,2026-01-25,Crédito libre inversión,5000000,12,0.0179,467000,App,789,0.2684,Automática,Mora moderada,0,0,30,0.3333333333333333,2,2025-05-13,Bolívar,Cartagena,29,F,2,Técnico/Tecnólogo,Independiente,1740000.0,Call center,565.0,False,1,Android,hash_498635,0,0,13,267,4,0,2,0,4,1,1,0.9230769230769232,0.0,165.53846153846155,0.0,0.6692542989623912,"Muy alto
(> 60%)"
CR000249,CL00229,2025-09-09,Crédito consumo digital,1500000,12,0.0317,152000,Web,900,0.0874,Automática,Mora moderada,0,1,32,0.6666666666666666,2,2025-05-13,Bolívar,Cartagena,29,F,2,Técnico/Tecnólogo,Independiente,1740000.0,Call center,565.0,False,1,Android,hash_498635,0,0,13,267,4,0,2,0,4,1,1,0.9230769230769232,0.0,165.53846153846155,0.0,0.45910862959592724,"Alto
(35-60%)"
CR000250,CL00230,2025-08-22,Crédito libre inversión,3900000,12,0.0324,397000,App,781,0.1521,Automática,Activo,0,0,0,1.0,0,2025-12-21,Bogotá D.C.,Bogotá,43,M,1,Sin información,Empleado,2610000.0,Campaña digital,527.0,False,1,iOS,hash_887199,0,0,14,108,0,4,4,2,4,0,0,0.7142857142857143,0.1428571428571428,162.57142857142858,1.0,0.5362079717989425,"Alto
(35-60%)"
CR000251,CL00230,2026-01-30,Crédito consumo digital,750000,18,0.0285,54000,App,770,0.0207,Automática,Activo,0,0,0,1.0,0,2025-12-21,Bogotá D.C.,Bogotá,43,M,1,Sin información,Empleado,2610000.0,Campaña digital,527.0,False,1,iOS,hash_887199,0,0,14,108,0,4,4,2,4,0,0,0.7142857142857143,0.1428571428571428,162.57142857142858,1.0,0.5004700520586489,"Alto
(35-60%)"
CR000252,CL00231,2024-11-21,Microcrédito,3050000,12,0.029,305000,App,804,0.1245,Automática,Mora moderada,0,0,10,0.5,3,2023-08-19,Caldas,Manizales,29,M,4,Sin información,Empleado,2450000.0,Referido,601.0,False,1,iOS,hash_958809,0,0,14,905,6,1,3,0,1,1,0,1.0,0.0,137.0,3.0,0.42155251613010775,"Alto
(35-60%)"
CR000253,CL00231,2024-11-26,Avance de nómina,1100000,3,0.0275,387000,Web,856,0.158,Automática,Finalizado,0,0,0,1.0,0,2023-08-19,Caldas,Manizales,29,M,4,Sin información,Empleado,2450000.0,Referido,601.0,False,1,iOS,hash_958809,0,0,14,905,6,1,3,0,1,1,0,1.0,0.0,137.0,3.0,0.3091199130852328,"Medio
(15-35%)"
CR000254,CL00232,2025-01-29,Crédito libre inversión,9200000,6,0.0194,1639000,App,900,0.4017,Manual,Finalizado,0,0,14,0.8333333333333334,1,2024-04-03,Norte de Santander,Cúcuta,38,F,3,Bachiller,Microempresario,4080000.0,App orgánico,642.0,False,0,Android,hash_939934,0,0,16,525,3,4,2,1,2,1,3,0.75,0.0,121.9375,0.5,0.3154297910598851,"Medio
(15-35%)"
CR000255,CL00232,2024-09-11,Crédito consumo digital,1450000,9,0.0286,185000,App,832,0.0453,Automática,Finalizado,0,0,0,1.0,0,2024-04-03,Norte de Santander,Cúcuta,38,F,3,Bachiller,Microempresario,4080000.0,App orgánico,642.0,False,0,Android,hash_939934,0,0,16,525,3,4,2,1,2,1,3,0.75,0.0,121.9375,0.5,0.19210326429960087,"Medio
(15-35%)"
CR000256,CL00233,2024-01-26,Crédito libre inversión,3450000,9,0.026,435000,App,900,0.0946,Automática,Finalizado,0,0,0,1.0,0,2023-10-01,Bogotá D.C.,Bogotá,36,M,4,Bachiller,Comerciante,4600000.0,App orgánico,743.0,True,1,Android,hash_929311,0,0,14,673,5,3,2,1,2,0,1,0.8571428571428571,0.0,116.07142857142856,0.6666666666666666,0.1517416337147337,"Medio
(15-35%)"
CR000257,CL00234,2023-09-02,Crédito consumo digital,1550000,9,0.0251,195000,App,706,0.1114,Automática,Finalizado,0,0,3,0.8333333333333334,1,2023-01-21,Bogotá D.C.,Bogotá,29,F,4,Universitario,Conductor/Repartidor,1750000.0,Aliado comercial,509.0,False,0,iOS,hash_438592,0,0,13,1035,2,5,3,0,0,2,1,0.9230769230769232,0.0,119.3846153846154,0.6,0.418782663097271,"Alto
(35-60%)"
CR000258,CL00234,2025-05-24,Crédito libre inversión,1350000,6,0.0253,245000,Aliado,776,0.14,Automática,Finalizado,0,0,0,1.0,0,2023-01-21,Bogotá D.C.,Bogotá,29,F,4,Universitario,Conductor/Repartidor,1750000.0,Aliado comercial,509.0,False,0,iOS,hash_438592,0,0,13,1035,2,5,3,0,0,2,1,0.9230769230769232,0.0,119.3846153846154,0.6,0.44527179842664466,"Alto
(35-60%)"
CR000259,CL00234,2023-05-15,Crédito libre inversión,3100000,6,0.025,563000,Aliado,682,0.3217,Automática,Mora severa,0,1,115,0.5,3,2023-01-21,Bogotá D.C.,Bogotá,29,F,4,Universitario,Conductor/Repartidor,1750000.0,Aliado comercial,509.0,False,0,iOS,hash_438592,0,0,13,1035,2,5,3,0,0,2,1,0.9230769230769232,0.0,119.3846153846154,0.6,0.5749943074875588,"Alto
(35-60%)"
CR000260,CL00235,2025-05-10,Microcrédito,2400000,6,0.0316,445000,Web,885,0.1382,Automática,Finalizado,0,0,0,1.0,0,2023-12-30,Valle del Cauca,Cali,57,M,3,Sin información,Empleado,3220000.0,Aliado comercial,763.0,False,2,Android,hash_871143,0,0,10,814,7,1,0,0,1,0,1,0.9,0.0,130.8,0.0,0.22717452546928205,"Medio
(15-35%)"
CR000261,CL00236,2024-10-15,Avance de nómina,650000,6,0.0301,120000,Aliado,873,0.0349,Automática,Finalizado,0,0,0,1.0,0,2023-12-09,Atlántico,Barranquilla,42,F,2,Sin información,Empleado,3440000.0,Campaña digital,593.0,False,1,Android,hash_359405,0,0,15,655,3,3,2,0,5,0,2,0.7333333333333333,0.1333333333333333,128.73333333333332,0.6666666666666666,0.29597341442360786,"Medio
(15-35%)"
CR000262,CL00236,2024-05-24,Crédito consumo digital,1600000,12,0.036,167000,Web,866,0.0485,Automática,Finalizado,0,0,0,1.0,0,2023-12-09,Atlántico,Barranquilla,42,F,2,Sin información,Empleado,3440000.0,Campaña digital,593.0,False,1,Android,hash_359405,0,0,15,655,3,3,2,0,5,0,2,0.7333333333333333,0.1333333333333333,128.73333333333332,0.6666666666666666,0.21448158786948254,"Medio
(15-35%)"
CR000263,CL00237,2024-07-05,Crédito consumo digital,1900000,6,0.0204,340000,Call center,838,0.1429,Automática,Mora severa,0,1,93,0.3333333333333333,4,2023-08-07,Atlántico,Barranquilla,19,M,4,Sin información,Independiente,2380000.0,Call center,544.0,True,1,Android,hash_894042,0,0,12,631,5,1,2,0,4,0,0,0.75,0.25,101.41666666666669,2.0,0.6557847605868087,"Muy alto
(> 60%)"
CR000264,CL00238,2025-06-23,Crédito libre inversión,5450000,6,0.019,970000,App,814,0.2608,Automática,Finalizado,0,0,27,0.6666666666666666,2,2024-04-10,Santander,Bucaramanga,38,F,3,Técnico/Tecnólogo,Empleado,3720000.0,Call center,583.0,True,1,Android,hash_635848,0,0,8,607,5,1,1,0,1,0,0,0.75,0.25,155.25,1.0,0.5160617502490205,"Alto
(35-60%)"
CR000265,CL00239,2025-08-12,Crédito consumo digital,2850000,12,0.0268,281000,App,900,0.0376,Automática,Activo,0,0,0,1.0,0,2025-12-23,Antioquia,Medellín,29,F,6,Bachiller,Empleado,7480000.0,Referido,766.0,True,0,iOS,hash_244575,0,0,14,110,3,0,1,1,4,2,3,0.6428571428571429,0.0714285714285714,233.92857142857144,0.0,0.09321385354756707,"Bajo
(< 15%)"
CR000267,CL00241,2025-04-11,Crédito consumo digital,3150000,6,0.0367,594000,App,859,0.1619,Automática,Finalizado,0,0,19,0.8333333333333334,1,2024-07-14,Bogotá D.C.,Bogotá,28,F,4,Posgrado,Empleado,3670000.0,Aliado comercial,577.0,True,3,iOS,hash_318827,0,0,17,602,4,2,3,4,1,0,3,0.4705882352941176,0.1176470588235294,140.0,1.5,0.36597287087097485,"Alto
(35-60%)"
CR000268,CL00241,2024-07-29,Crédito libre inversión,3100000,6,0.019,552000,Aliado,861,0.1504,Automática,Finalizado,0,0,0,1.0,0,2024-07-14,Bogotá D.C.,Bogotá,28,F,4,Posgrado,Empleado,3670000.0,Aliado comercial,577.0,True,3,iOS,hash_318827,0,0,17,602,4,2,3,4,1,0,3,0.4705882352941176,0.1176470588235294,140.0,1.5,0.368193425472239,"Alto
(35-60%)"
CR000269,CL00243,2025-09-07,Crédito consumo digital,450000,12,0.0224,43000,App,764,0.0341,Automática,Mora moderada,0,1,53,0.8333333333333334,1,2024-02-29,Santander,Bucaramanga,41,M,1,Técnico/Tecnólogo,Empleado,1260000.0,Campaña digital,587.0,True,2,Android,hash_152127,0,0,6,726,3,1,0,0,2,0,0,0.6666666666666666,0.3333333333333333,192.0,0.0,0.6260716040548364,"Muy alto
(> 60%)"
CR000270,CL00244,2025-01-21,Crédito consumo digital,1500000,6,0.0256,273000,App,861,0.1062,Automática,Mora severa,0,1,94,0.8333333333333334,1,2023-07-21,Bogotá D.C.,Bogotá,45,M,4,Bachiller,Empleado,-1.0,Call center,732.0,False,0,Android,hash_207724,0,0,5,631,3,1,0,0,0,1,0,0.6,0.4,234.8,0.0,0.43009349540208547,"Alto
(35-60%)"
CR000271,CL00245,2025-08-26,Avance de nómina,1300000,6,0.0188,231000,App,892,0.0589,Automática,Finalizado,0,0,0,1.0,0,2025-06-19,Bogotá D.C.,Bogotá,24,M,3,Técnico/Tecnólogo,Empleado,3920000.0,App orgánico,645.0,False,3,iOS,hash_600653,0,0,23,297,1,5,4,1,4,0,5,0.6956521739130435,0.0434782608695652,113.91304347826087,0.8,0.1578780802908142,"Medio
(15-35%)"
CR000272,CL00245,2025-08-07,Crédito consumo digital,2750000,6,0.0342,515000,App,799,0.1314,Automática,Finalizado,0,0,0,1.0,0,2025-06-19,Bogotá D.C.,Bogotá,24,M,3,Técnico/Tecnólogo,Empleado,3920000.0,App orgánico,645.0,False,3,iOS,hash_600653,0,0,23,297,1,5,4,1,4,0,5,0.6956521739130435,0.0434782608695652,113.91304347826087,0.8,0.2749707278508265,"Medio
(15-35%)"
CR000273,CL00245,2026-01-15,Crédito libre inversión,3950000,9,0.0256,497000,Web,870,0.1268,Automática,Activo,0,0,0,0.75,0,2025-06-19,Bogotá D.C.,Bogotá,24,M,3,Técnico/Tecnólogo,Empleado,3920000.0,App orgánico,645.0,False,3,iOS,hash_600653,0,0,23,297,1,5,4,1,4,0,5,0.6956521739130435,0.0434782608695652,113.91304347826087,0.8,0.24691598388500363,"Medio
(15-35%)"
CR000275,CL00246,2024-12-11,Avance de nómina,250000,3,0.0213,87000,App,795,0.0731,Automática,Finalizado,0,0,18,0.6666666666666666,1,2024-10-07,Tolima,Ibagué,33,F,1,Universitario,Conductor/Repartidor,1190000.0,Referido,460.0,False,0,Android,hash_472949,0,0,14,529,6,3,1,0,1,1,1,0.9285714285714286,0.0,146.28571428571428,0.3333333333333333,0.45836529365446615,"Alto
(35-60%)"
CR000276,CL00249,2025-09-20,Crédito libre inversión,4950000,12,0.026,486000,App,831,0.1136,Automática,Activo,0,0,0,1.0,0,2025-03-01,Valle del Cauca,Cali,54,M,5,Técnico/Tecnólogo,Comerciante,4280000.0,Referido,727.0,True,0,Web,hash_821754,0,0,5,247,0,1,1,0,2,0,1,0.8,0.0,154.6,1.0,0.22358590574079307,"Medio
(15-35%)"
CR000277,CL00249,2025-10-19,Crédito libre inversión,8000000,6,0.0201,1429000,App,897,0.3339,Automática,Finalizado,0,0,0,1.0,0,2025-03-01,Valle del Cauca,Cali,54,M,5,Técnico/Tecnólogo,Comerciante,4280000.0,Referido,727.0,True,0,Web,hash_821754,0,0,5,247,0,1,1,0,2,0,1,0.8,0.0,154.6,1.0,0.1942139512183198,"Medio
(15-35%)"
CR000278,CL00250,2024-05-27,Microcrédito,4100000,6,0.0304,758000,App,864,0.1909,Automática,Finalizado,0,0,0,1.0,0,2023-04-09,Risaralda,Pereira,40,F,3,Bachiller,Empleado,3970000.0,App orgánico,597.0,False,0,Android,hash_568255,0,0,9,992,1,3,1,0,3,0,1,0.7777777777777778,0.1111111111111111,180.77777777777777,0.3333333333333333,0.356288238075728,"Alto
(35-60%)"
CR000279,CL00252,2025-02-05,Crédito consumo digital,550000,6,0.0305,102000,App,879,0.0368,Automática,Finalizado,0,0,0,1.0,0,2024-04-27,Bogotá D.C.,Bogotá,45,F,2,Bachiller,Microempresario,2770000.0,App orgánico,652.0,True,1,Android,hash_234585,0,0,15,628,4,3,1,1,1,1,3,0.6666666666666666,0.0666666666666666,256.53333333333336,0.3333333333333333,0.20447423688760197,"Medio
(15-35%)"
CR000280,CL00252,2025-08-08,Crédito consumo digital,2250000,3,0.0339,801000,App,857,0.2892,Automática,Finalizado,0,0,0,1.0,0,2024-04-27,Bogotá D.C.,Bogotá,45,F,2,Bachiller,Microempresario,2770000.0,App orgánico,652.0,True,1,Android,hash_234585,0,0,15,628,4,3,1,1,1,1,3,0.6666666666666666,0.0666666666666666,256.53333333333336,0.3333333333333333,0.22501907667339618,"Medio
(15-35%)"
CR000281,CL00253,2025-06-01,Microcrédito,1750000,3,0.0354,625000,App,851,0.1766,Automática,Finalizado,0,0,0,1.0,0,2025-02-17,Bogotá D.C.,Bogotá,57,F,5,Sin información,Pensionado,3540000.0,Campaña digital,684.0,False,0,iOS,hash_193650,0,0,7,364,1,1,0,1,2,2,0,0.8571428571428571,0.0,111.57142857142856,0.0,0.17422351839280067,"Medio
(15-35%)"
CR000282,CL00254,2024-06-17,Crédito libre inversión,2850000,9,0.033,371000,Call center,768,0.132,Automática,Finalizado,0,0,0,1.0,0,2023-04-28,Bogotá D.C.,Bogotá,46,M,2,Técnico/Tecnólogo,Empleado,2810000.0,App orgánico,613.0,True,1,iOS,hash_576785,0,0,7,683,3,1,1,0,0,0,0,1.0,0.0,109.14285714285714,1.0,0.2946989270328338,"Medio
(15-35%)"
CR000283,CL00255,2025-08-24,Crédito consumo digital,4500000,3,0.0323,1598000,Aliado,900,0.3115,Automática,Finalizado,0,0,0,1.0,0,2025-11-23,Bogotá D.C.,Bogotá,21,M,3,Técnico/Tecnólogo,Empleado,5130000.0,Referido,711.0,True,3,iOS,hash_741462,0,0,7,88,1,1,1,0,4,0,0,1.0,0.0,208.57142857142856,1.0,0.23821367413805772,"Medio
(15-35%)"
CR000284,CL00256,2023-08-14,Crédito libre inversión,2750000,3,0.0251,963000,App,840,0.5016,Manual,Finalizado,0,0,6,0.6666666666666666,1,2023-07-01,Bogotá D.C.,Bogotá,31,F,2,Bachiller,Empleado,1920000.0,App orgánico,579.0,False,2,Android,hash_707317,0,0,10,838,6,0,1,1,0,1,0,0.7,0.2,213.4,0.0,0.5300915195124567,"Alto
(35-60%)"
CR000285,CL00258,2025-10-16,Crédito consumo digital,6050000,3,0.0249,2118000,App,900,0.2353,Automática,Finalizado,0,0,0,1.0,0,2024-05-19,Bogotá D.C.,Bogotá,29,M,3,Técnico/Tecnólogo,Microempresario,9000000.0,Campaña digital,850.0,False,1,Android,hash_579885,0,0,13,598,3,3,1,0,6,0,0,0.8461538461538461,0.1538461538461538,151.92307692307693,0.3333333333333333,0.20676903732744453,"Medio
(15-35%)"
CR000286,CL00258,2025-08-26,Crédito libre inversión,15100000,6,0.0329,2814000,App,900,0.3127,Automática,Finalizado,0,0,0,1.0,0,2024-05-19,Bogotá D.C.,Bogotá,29,M,3,Técnico/Tecnólogo,Microempresario,9000000.0,Campaña digital,850.0,False,1,Android,hash_579885,0,0,13,598,3,3,1,0,6,0,0,0.8461538461538461,0.1538461538461538,151.92307692307693,0.3333333333333333,0.248705004677354,"Medio
(15-35%)"
CR000288,CL00261,2025-12-31,Crédito libre inversión,3800000,3,0.026,1333000,Call center,695,0.6409,Excepción,Finalizado,0,0,6,0.3333333333333333,2,2025-11-19,Norte de Santander,Cúcuta,27,F,2,Bachiller,Conductor/Repartidor,2080000.0,Aliado comercial,408.0,False,0,Android,hash_495739,0,0,16,148,5,2,2,0,5,1,0,1.0,0.0,169.0,1.0,0.5665641758849634,"Alto
(35-60%)"
CR000289,CL00262,2026-01-09,Crédito consumo digital,2200000,6,0.0307,407000,App,882,0.1082,Automática,Activo,0,0,0,0.75,0,2024-12-08,Bogotá D.C.,Bogotá,35,M,5,Sin información,Empleado,3760000.0,Campaña digital,641.0,True,1,iOS,hash_830351,0,0,10,439,1,4,0,0,4,1,0,0.8,0.2,116.7,0.0,0.2500544062409229,"Medio
(15-35%)"
CR000290,CL00263,2025-11-06,Crédito consumo digital,500000,12,0.0331,51000,Aliado,818,0.0345,Automática,Mora moderada,0,1,46,0.5,2,2024-12-14,Antioquia,Medellín,19,M,2,Universitario,Independiente,1480000.0,Campaña digital,540.0,True,2,iOS,hash_951563,0,0,12,409,3,0,2,0,4,0,1,0.5,0.4166666666666667,203.16666666666663,0.0,0.626578466181229,"Muy alto
(> 60%)"
CR000291,CL00264,2025-09-20,Avance de nómina,300000,6,0.0234,54000,App,717,1.8,Automática,Mora moderada,0,1,45,0.0,6,2025-03-03,Valle del Cauca,Cali,26,M,2,Universitario,Estudiante,800000.0,Campaña digital,441.0,False,0,Android,hash_760501,0,0,12,357,5,3,1,0,1,2,0,0.9166666666666666,0.0833333333333333,168.66666666666666,0.3333333333333333,0.7217844896781588,"Muy alto
(> 60%)"
CR000292,CL00264,2026-01-01,Crédito consumo digital,850000,9,0.029,109000,Aliado,696,0.1363,Automática,Activo,0,0,4,0.25,2,2025-03-03,Valle del Cauca,Cali,26,M,2,Universitario,Estudiante,800000.0,Campaña digital,441.0,False,0,Android,hash_760501,0,0,12,357,5,3,1,0,1,2,0,0.9166666666666666,0.0833333333333333,168.66666666666666,0.3333333333333333,0.6834569507663955,"Muy alto
(> 60%)"
CR000293,CL00265,2025-06-05,Crédito libre inversión,900000,9,0.0189,110000,App,789,0.1068,Automática,Mora moderada,0,1,36,0.8333333333333334,1,2023-12-20,Bogotá D.C.,Bogotá,33,F,4,Universitario,Desempleado,1030000.0,Referido,516.0,False,0,Android,hash_297345,0,0,12,764,4,1,1,0,5,0,0,0.9166666666666666,0.0833333333333333,119.33333333333331,1.0,0.6139098614348015,"Muy alto
(> 60%)"
CR000294,CL00265,2024-09-07,Crédito consumo digital,450000,6,0.0297,83000,App,760,0.0806,Automática,Finalizado,0,0,18,0.5,3,2023-12-20,Bogotá D.C.,Bogotá,33,F,4,Universitario,Desempleado,1030000.0,Referido,516.0,False,0,Android,hash_297345,0,0,12,764,4,1,1,0,5,0,0,0.9166666666666666,0.0833333333333333,119.33333333333331,1.0,0.5464048264364112,"Alto
(35-60%)"
CR000295,CL00266,2026-01-01,Microcrédito,6900000,12,0.0359,718000,App,881,0.136,Automática,Activo,0,0,0,1.0,0,2024-01-03,Meta,Villavicencio,24,M,3,Universitario,Microempresario,5280000.0,Campaña digital,686.0,True,1,iOS,hash_377255,0,0,6,631,2,1,1,0,1,0,0,0.8333333333333334,0.1666666666666666,267.5,1.0,0.1791483348702896,"Medio
(15-35%)"
CR000296,CL00268,2025-12-13,Crédito consumo digital,950000,9,0.0251,119000,App,811,0.0569,Automática,Activo,0,0,17,0.6,1,2023-10-22,Risaralda,Pereira,22,M,3,Bachiller,Independiente,2090000.0,Referido,620.0,False,3,iOS,hash_990733,0,0,10,791,2,0,0,0,4,2,1,0.9,0.0,139.9,0.0,0.36649273914535635,"Alto
(35-60%)"
CR000297,CL00268,2025-11-18,Microcrédito,1300000,12,0.028,129000,App,900,0.0617,Automática,Activo,0,0,0,1.0,0,2023-10-22,Risaralda,Pereira,22,M,3,Bachiller,Independiente,2090000.0,Referido,620.0,False,3,iOS,hash_990733,0,0,10,791,2,0,0,0,4,2,1,0.9,0.0,139.9,0.0,0.29939157614638084,"Medio
(15-35%)"
CR000298,CL00271,2024-12-20,Microcrédito,3650000,3,0.042,1320000,Aliado,782,0.6502,Excepción,Finalizado,0,0,0,1.0,0,2023-09-19,Antioquia,Medellín,50,F,4,Bachiller,Conductor/Repartidor,2030000.0,App orgánico,596.0,False,1,iOS,hash_244378,0,0,10,641,1,1,5,0,0,0,1,0.9,0.0,134.2,5.0,0.4763357320133907,"Alto
(35-60%)"
CR000299,CL00272,2025-05-29,Crédito consumo digital,1800000,12,0.0207,171000,Aliado,844,0.0834,Automática,Mora moderada,0,0,29,0.6666666666666666,2,2025-10-23,Bogotá D.C.,Bogotá,22,M,1,Técnico/Tecnólogo,Empleado,2050000.0,Call center,603.0,False,0,Android,hash_145712,0,0,7,150,3,1,0,0,1,0,1,0.7142857142857143,0.1428571428571428,187.28571428571428,0.0,0.37824992758046067,"Alto
(35-60%)"
CR000300,CL00273,2024-05-23,Crédito consumo digital,1150000,12,0.0334,118000,Web,900,0.0393,Automática,Finalizado,0,0,0,1.0,0,2024-01-08,Valle del Cauca,Cali,48,M,2,Posgrado,Comerciante,3000000.0,Campaña digital,672.0,False,3,iOS,hash_614906,0,0,16,516,6,2,3,0,3,1,0,0.6875,0.3125,118.125,1.5,0.17490132264470531,"Medio
(15-35%)"
CR000301,CL00274,2025-08-25,Crédito libre inversión,3350000,9,0.0239,418000,App,900,0.1263,Automática,Activo,0,0,0,1.0,0,2025-12-05,Valle del Cauca,Cali,36,F,3,Universitario,Conductor/Repartidor,3310000.0,Campaña digital,654.0,False,0,Android,hash_132125,0,0,9,125,1,2,0,1,3,0,0,0.7777777777777778,0.1111111111111111,256.55555555555554,0.0,0.19458154117645138,"Medio
(15-35%)"
CR000302,CL00276,2025-06-13,Crédito libre inversión,800000,6,0.0187,142000,Aliado,604,0.1303,Manual,Mora moderada,0,1,50,0.3333333333333333,4,2024-05-14,Bogotá D.C.,Bogotá,41,M,2,Bachiller,Estudiante,1090000.0,App orgánico,387.0,True,0,Android,hash_872783,0,0,9,590,2,0,3,1,0,1,2,0.6666666666666666,0.0,256.22222222222223,0.0,0.7031299864845854,"Muy alto
(> 60%)"
CR000303,CL00277,2025-10-08,Avance de nómina,400000,18,0.0231,27000,App,798,0.0175,Automática,Activo,0,0,22,0.8333333333333334,1,2025-09-27,Antioquia,Medellín,38,F,4,Bachiller,Estudiante,1540000.0,Referido,542.0,True,3,iOS,hash_158453,0,0,13,159,4,3,1,1,0,3,0,0.9230769230769232,0.0,191.30769230769232,0.3333333333333333,0.4498709238772385,"Alto
(35-60%)"
CR000304,CL00278,2025-10-08,Crédito libre inversión,11000000,18,0.0274,782000,App,887,0.2327,Automática,Activo,0,0,0,1.0,0,2025-09-10,Bolívar,Cartagena,30,F,3,Sin información,Empleado,3360000.0,Aliado comercial,577.0,False,2,Android,hash_430515,0,0,15,216,3,3,3,0,3,0,2,0.8,0.0666666666666666,143.8,1.0,0.45287162377733386,"Alto
(35-60%)"
CR000305,CL00278,2025-08-19,Crédito consumo digital,850000,9,0.0256,107000,Aliado,861,0.0318,Automática,Activo,0,0,14,0.8333333333333334,1,2025-09-10,Bolívar,Cartagena,30,F,3,Sin información,Empleado,3360000.0,Aliado comercial,577.0,False,2,Android,hash_430515,0,0,15,216,3,3,3,0,3,0,2,0.8,0.0666666666666666,143.8,1.0,0.2904927995596974,"Medio
(15-35%)"
CR000306,CL00279,2024-07-24,Crédito libre inversión,8200000,12,0.029,819000,App,900,0.2834,Automática,Mora severa,0,0,6,0.6666666666666666,2,2023-02-08,Bogotá D.C.,Bogotá,37,M,3,Bachiller,Comerciante,2890000.0,App orgánico,630.0,True,1,Android,hash_935544,0,0,14,1015,6,3,2,0,2,1,0,0.8571428571428571,0.1428571428571428,170.0,0.6666666666666666,0.3609646584188596,"Alto
(35-60%)"
CR000307,CL00280,2026-01-19,Crédito libre inversión,19300000,6,0.0242,3494000,Web,900,0.5718,Excepción,Mora moderada,0,1,32,0.6666666666666666,1,2025-12-07,Bolívar,Cartagena,32,M,3,Bachiller,Empleado,6110000.0,Call center,703.0,False,2,iOS,hash_352773,0,0,5,93,1,1,1,0,2,0,0,1.0,0.0,255.8,1.0,0.331482847479191,"Medio
(15-35%)"
CR000308,CL00281,2024-02-07,Microcrédito,4450000,6,0.0415,853000,Aliado,885,0.2666,Automática,Mora severa,0,1,86,0.8333333333333334,1,2023-09-02,Risaralda,Pereira,37,M,3,Bachiller,Independiente,3200000.0,Campaña digital,687.0,False,2,Android,hash_169893,0,0,13,954,4,2,4,0,1,1,0,0.9230769230769232,0.0769230769230769,153.69230769230768,2.0,0.43354608770550795,"Alto
(35-60%)"
CR000309,CL00281,2024-07-08,Avance de nómina,900000,6,0.0249,163000,Call center,900,0.0509,Automática,Finalizado,0,0,0,1.0,0,2023-09-02,Risaralda,Pereira,37,M,3,Bachiller,Independiente,3200000.0,Campaña digital,687.0,False,2,Android,hash_169893,0,0,13,954,4,2,4,0,1,1,0,0.9230769230769232,0.0769230769230769,153.69230769230768,2.0,0.2271660755624896,"Medio
(15-35%)"
CR000310,CL00282,2025-12-21,Crédito consumo digital,1400000,6,0.0352,263000,Call center,863,0.0933,Automática,Activo,0,0,0,1.0,0,2024-12-21,Bogotá D.C.,Bogotá,43,F,3,Universitario,Empleado,2820000.0,App orgánico,638.0,False,1,iOS,hash_948182,0,0,5,244,1,1,2,0,0,0,1,0.8,0.0,209.0,2.0,0.20369529495346517,"Medio
(15-35%)"
CR000311,CL00283,2025-08-10,Crédito libre inversión,4150000,24,0.0327,252000,App,900,0.0773,Automática,Activo,0,0,2,0.8333333333333334,1,2023-03-22,Bogotá D.C.,Bogotá,52,M,4,Bachiller,Empleado,3260000.0,Campaña digital,668.0,True,1,Web,hash_530423,0,0,5,776,4,0,0,0,0,0,1,0.6,0.2,196.2,0.0,0.16124057253185994,"Medio
(15-35%)"
CR000312,CL00284,2024-10-26,Crédito consumo digital,1000000,9,0.0323,130000,Aliado,828,0.0546,Automática,Finalizado,0,0,0,1.0,0,2023-07-27,Risaralda,Pereira,24,M,4,Bachiller,Microempresario,2380000.0,Campaña digital,592.0,False,2,Android,hash_387740,0,0,7,794,1,0,3,0,2,1,0,1.0,0.0,109.85714285714286,0.0,0.339202604703387,"Medio
(15-35%)"
CR000313,CL00285,2023-09-01,Avance de nómina,2750000,9,0.0216,340000,Aliado,900,0.053,Automática,Finalizado,0,0,0,1.0,0,2023-06-04,Bogotá D.C.,Bogotá,57,F,6,Bachiller,Empleado,6420000.0,Referido,797.0,True,3,iOS,hash_836618,0,0,17,966,6,3,2,1,2,1,2,0.5882352941176471,0.2352941176470588,132.8235294117647,0.6666666666666666,0.10649021163617371,"Bajo
(< 15%)"
CR000314,CL00285,2024-10-03,Crédito libre inversión,8350000,12,0.0249,813000,App,900,0.1266,Automática,Finalizado,0,0,0,1.0,0,2023-06-04,Bogotá D.C.,Bogotá,57,F,6,Bachiller,Empleado,6420000.0,Referido,797.0,True,3,iOS,hash_836618,0,0,17,966,6,3,2,1,2,1,2,0.5882352941176471,0.2352941176470588,132.8235294117647,0.6666666666666666,0.14001117361566798,"Bajo
(< 15%)"
CR000315,CL00286,2025-08-15,Microcrédito,3200000,6,0.0265,584000,Aliado,616,0.1915,Manual,Mora moderada,0,1,47,0.3333333333333333,4,2025-08-09,Norte de Santander,Cúcuta,19,F,3,Técnico/Tecnólogo,Independiente,3050000.0,Call center,588.0,False,2,Android,hash_934569,1,0,13,240,1,2,5,0,4,0,1,0.8461538461538461,0.0769230769230769,154.76923076923077,2.5,0.6807084011292752,"Muy alto
(> 60%)"
CR000316,CL00286,2026-02-06,Crédito consumo digital,2150000,12,0.0204,204000,Aliado,670,0.0669,Automática,Activo,0,0,3,0.3333333333333333,1,2025-08-09,Norte de Santander,Cúcuta,19,F,3,Técnico/Tecnólogo,Independiente,3050000.0,Call center,588.0,False,2,Android,hash_934569,1,0,13,240,1,2,5,0,4,0,1,0.8461538461538461,0.0769230769230769,154.76923076923077,2.5,0.5119333522350593,"Alto
(35-60%)"
CR000317,CL00287,2025-09-10,Microcrédito,2500000,9,0.0292,320000,App,900,0.1049,Automática,Activo,0,0,0,1.0,0,2024-10-12,Antioquia,Medellín,34,F,3,Bachiller,Empleado,3050000.0,Campaña digital,613.0,True,0,iOS,hash_713008,0,0,8,463,4,2,0,0,1,0,0,0.25,0.75,123.125,0.0,0.31725873415142,"Medio
(15-35%)"
CR000318,CL00288,2024-09-30,Crédito libre inversión,2250000,9,0.0206,276000,Web,817,0.1015,Automática,Finalizado,0,0,0,1.0,0,2024-09-08,Antioquia,Medellín,42,F,3,Universitario,Empleado,2720000.0,Referido,560.0,False,1,Android,hash_763779,0,0,17,475,6,1,3,1,4,1,0,0.6470588235294118,0.2941176470588235,139.64705882352942,3.0,0.5619197187003617,"Alto
(35-60%)"
CR000319,CL00288,2025-06-24,Crédito consumo digital,1050000,24,0.021,56000,Aliado,805,0.0206,Automática,Mora moderada,0,1,51,0.8333333333333334,1,2024-09-08,Antioquia,Medellín,42,F,3,Universitario,Empleado,2720000.0,Referido,560.0,False,1,Android,hash_763779,0,0,17,475,6,1,3,1,4,1,0,0.6470588235294118,0.2941176470588235,139.64705882352942,3.0,0.5639111240091065,"Alto
(35-60%)"
CR000320,CL00289,2025-09-05,Crédito consumo digital,650000,9,0.0354,86000,Aliado,367,0.1012,Excepción,Activo,0,0,5,0.8333333333333334,1,2024-08-19,Atlántico,Barranquilla,39,M,4,Posgrado,Desempleado,850000.0,Call center,588.0,False,0,Android,hash_733389,1,0,12,487,4,2,0,0,3,2,0,0.9166666666666666,0.0833333333333333,118.91666666666669,0.0,0.4723746895209573,"Alto
(35-60%)"
CR000321,CL00289,2024-09-03,Crédito consumo digital,250000,12,0.0317,25000,App,506,0.0294,Excepción,Finalizado,0,0,0,1.0,0,2024-08-19,Atlántico,Barranquilla,39,M,4,Posgrado,Desempleado,850000.0,Call center,588.0,False,0,Android,hash_733389,1,0,12,487,4,2,0,0,3,2,0,0.9166666666666666,0.0833333333333333,118.91666666666669,0.0,0.4818103259181953,"Alto
(35-60%)"
CR000322,CL00290,2024-11-20,Crédito consumo digital,800000,3,0.0334,285000,App,761,0.1109,Automática,Finalizado,0,0,6,0.3333333333333333,2,2024-01-01,Antioquia,Medellín,30,M,2,Técnico/Tecnólogo,Conductor/Repartidor,2220000.0,Referido,420.0,False,0,iOS,hash_332362,0,0,13,732,3,3,2,0,4,1,0,0.9230769230769232,0.0769230769230769,172.07692307692307,0.6666666666666666,0.45848256691648864,"Alto
(35-60%)"
CR000323,CL00291,2024-06-30,Crédito consumo digital,3100000,12,0.0296,311000,Web,900,0.0816,Automática,Mora moderada,0,0,10,0.6666666666666666,2,2024-01-14,Atlántico,Barranquilla,34,F,3,Bachiller,Independiente,3810000.0,Campaña digital,599.0,False,0,iOS,hash_871257,0,0,15,788,3,2,2,0,6,1,0,0.9333333333333332,0.0666666666666666,161.4,1.0,0.29802984146301,"Medio
(15-35%)"
CR000324,CL00292,2024-03-16,Microcrédito,4100000,3,0.0265,1440000,Call center,900,0.2222,Automática,Finalizado,0,0,0,1.0,0,2023-09-16,Atlántico,Barranquilla,31,F,3,Técnico/Tecnólogo,Empleado,6480000.0,Campaña digital,742.0,False,2,iOS,hash_239565,0,0,10,876,3,1,1,0,3,1,1,0.7,0.2,128.3,1.0,0.16350399425678752,"Medio
(15-35%)"
CR000325,CL00292,2024-04-10,Crédito consumo digital,4450000,6,0.0329,829000,App,900,0.1279,Automática,Finalizado,0,0,0,1.0,0,2023-09-16,Atlántico,Barranquilla,31,F,3,Técnico/Tecnólogo,Empleado,6480000.0,Campaña digital,742.0,False,2,iOS,hash_239565,0,0,10,876,3,1,1,0,3,1,1,0.7,0.2,128.3,1.0,0.1604204836993288,"Medio
(15-35%)"
CR000326,CL00293,2025-07-11,Crédito libre inversión,7000000,9,0.0283,892000,Call center,900,0.1306,Automática,Finalizado,0,0,0,1.0,0,2025-03-13,Bogotá D.C.,Bogotá,30,F,3,Técnico/Tecnólogo,Microempresario,6830000.0,Campaña digital,758.0,True,1,Android,hash_837550,0,0,5,162,1,1,1,0,0,0,1,0.8,0.0,218.2,1.0,0.13323064452013947,"Bajo
(< 15%)"
CR000327,CL00294,2024-07-09,Microcrédito,1700000,12,0.0265,167000,App,889,1.2,Automática,Mora severa,0,1,68,0.1666666666666666,5,2024-05-03,Risaralda,Pereira,44,M,4,Bachiller,Independiente,2350000.0,Aliado comercial,529.0,False,0,Android,hash_324872,0,0,12,521,2,2,1,2,3,0,1,0.5833333333333334,0.1666666666666666,137.66666666666666,0.5,0.4939355095369541,"Alto
(35-60%)"
CR000328,CL00294,2025-04-19,Microcrédito,2650000,6,0.0278,486000,App,754,0.2068,Automática,Finalizado,0,0,29,0.3333333333333333,4,2024-05-03,Risaralda,Pereira,44,M,4,Bachiller,Independiente,2350000.0,Aliado comercial,529.0,False,0,Android,hash_324872,0,0,12,521,2,2,1,2,3,0,1,0.5833333333333334,0.1666666666666666,137.66666666666666,0.5,0.5984221825951297,"Alto
(35-60%)"
CR000329,CL00295,2025-11-15,Microcrédito,1250000,6,0.0447,242000,App,764,0.1192,Automática,Activo,0,0,0,0.8333333333333334,0,2023-11-03,Bogotá D.C.,Bogotá,40,M,2,Técnico/Tecnólogo,Empleado,2030000.0,Referido,508.0,False,1,iOS,hash_495412,0,0,13,851,5,0,3,1,1,0,1,0.7692307692307693,0.0769230769230769,175.84615384615384,0.0,0.5918919411105401,"Alto
(35-60%)"
CR000330,CL00295,2024-05-01,Microcrédito,1650000,12,0.0279,164000,App,778,0.0808,Automática,Finalizado,0,0,23,0.8333333333333334,1,2023-11-03,Bogotá D.C.,Bogotá,40,M,2,Técnico/Tecnólogo,Empleado,2030000.0,Referido,508.0,False,1,iOS,hash_495412,0,0,13,851,5,0,3,1,1,0,1,0.7692307692307693,0.0769230769230769,175.84615384615384,0.0,0.5873007065044128,"Alto
(35-60%)"
CR000331,CL00296,2025-09-27,Microcrédito,5800000,18,0.035,440000,Web,900,0.0837,Automática,Activo,0,0,0,1.0,0,2025-12-28,Bolívar,Cartagena,29,M,4,Técnico/Tecnólogo,Empleado,5260000.0,Campaña digital,664.0,False,3,Android,hash_280645,0,0,8,113,3,1,2,0,0,0,2,0.75,0.0,148.125,2.0,0.21222757336367018,"Medio
(15-35%)"
CR000332,CL00297,2025-08-20,Crédito consumo digital,2250000,24,0.0313,135000,App,885,0.0255,Automática,Activo,0,0,0,1.0,0,2025-12-10,Santander,Bucaramanga,45,F,4,Técnico/Tecnólogo,Empleado,5300000.0,App orgánico,664.0,False,0,Android,hash_902207,0,0,13,114,2,3,4,1,2,0,1,0.6153846153846154,0.2307692307692307,117.07692307692308,1.3333333333333333,0.16207340544404755,"Medio
(15-35%)"
CR000333,CL00298,2023-10-23,Crédito libre inversión,3450000,12,0.0241,335000,App,886,0.0985,Automática,Mora severa,0,0,0,1.0,0,2023-09-25,Atlántico,Barranquilla,39,M,3,Universitario,Conductor/Repartidor,3400000.0,Referido,559.0,True,1,iOS,hash_423923,0,0,7,706,1,2,0,0,1,2,1,0.7142857142857143,0.1428571428571428,142.28571428571428,0.0,0.4035573096674102,"Alto
(35-60%)"
CR000334,CL00299,2025-11-20,Microcrédito,2500000,18,0.0354,190000,App,687,0.0617,Automática,Activo,0,0,0,1.0,0,2025-08-24,Valle del Cauca,Cali,44,F,4,Bachiller,Comerciante,3080000.0,App orgánico,588.0,True,2,Android,hash_512111,1,0,10,218,4,1,2,1,1,0,1,0.8,0.0,102.1,2.0,0.34864607242786105,"Medio
(15-35%)"
CR000336,CL00301,2026-01-04,Crédito consumo digital,1550000,6,0.0359,292000,Web,543,0.0859,Manual,Activo,0,0,0,0.75,0,2023-12-18,Tolima,Ibagué,28,F,2,Sin información,Empleado,3400000.0,App orgánico,588.0,True,1,iOS,hash_353564,1,0,9,851,4,2,0,0,2,1,0,0.8888888888888888,0.1111111111111111,257.22222222222223,0.0,0.3947210610274513,"Alto
(35-60%)"
CR000337,CL00305,2025-06-15,Crédito libre inversión,3750000,6,0.023,676000,App,804,0.2339,Automática,Finalizado,0,0,1,0.8333333333333334,1,2024-01-09,Atlántico,Barranquilla,36,M,2,Técnico/Tecnólogo,Empleado,2890000.0,Referido,652.0,False,1,Android,hash_897406,0,0,9,438,1,0,1,1,2,0,2,0.6666666666666666,0.0,174.33333333333334,0.0,0.3609643162697537,"Alto
(35-60%)"
CR000338,CL00305,2025-06-26,Crédito consumo digital,3900000,3,0.095,1355000,App,885,0.4689,Manual,Mora moderada,0,1,50,0.6666666666666666,1,2024-01-09,Atlántico,Barranquilla,36,M,2,Técnico/Tecnólogo,Empleado,2890000.0,Referido,652.0,False,1,Android,hash_897406,0,0,9,438,1,0,1,1,2,0,2,0.6666666666666666,0.0,174.33333333333334,0.0,0.43351370106497755,"Alto
(35-60%)"
CR000339,CL00306,2025-03-11,Crédito consumo digital,1000000,3,0.0377,359000,Web,878,0.1397,Automática,Finalizado,0,0,14,0.6666666666666666,1,2023-05-05,Caldas,Manizales,37,F,1,Técnico/Tecnólogo,Empleado,-1.0,Aliado comercial,511.0,False,1,Android,hash_368602,0,0,8,729,3,1,0,2,1,1,0,0.625,0.125,115.25,0.0,0.47587466856216665,"Alto
(35-60%)"
CR000340,CL00307,2025-10-12,Microcrédito,3200000,12,0.0373,336000,App,766,0.1028,Automática,Activo,0,0,0,1.0,0,2025-01-30,Bogotá D.C.,Bogotá,49,M,1,Posgrado,Empleado,3270000.0,Campaña digital,641.0,False,1,Web,hash_934397,0,0,9,423,4,2,2,0,0,0,0,1.0,0.0,132.44444444444446,1.0,0.30835423230645664,"Medio
(15-35%)"
CR000341,CL00308,2025-10-06,Crédito consumo digital,450000,24,0.0321,27000,Aliado,776,0.0173,Automática,Mora severa,0,1,60,0.8333333333333334,1,2026-01-20,Bolívar,Cartagena,30,F,1,Sin información,Empleado,1560000.0,App orgánico,522.0,False,3,iOS,hash_250641,0,0,20,78,8,3,1,1,2,1,1,0.85,0.05,135.65,0.3333333333333333,0.5820528291233438,"Alto
(35-60%)"
CR000342,CL00308,2026-02-15,Microcrédito,850000,6,0.044,164000,App,827,0.1051,Automática,Activo,0,0,15,0.3333333333333333,1,2026-01-20,Bolívar,Cartagena,30,F,1,Sin información,Empleado,1560000.0,App orgánico,522.0,False,3,iOS,hash_250641,0,0,20,78,8,3,1,1,2,1,1,0.85,0.05,135.65,0.3333333333333333,0.46062226957586383,"Alto
(35-60%)"
CR000343,CL00308,2025-09-11,Crédito consumo digital,500000,3,0.0381,180000,Web,837,0.1154,Automática,Finalizado,0,0,0,1.0,0,2026-01-20,Bolívar,Cartagena,30,F,1,Sin información,Empleado,1560000.0,App orgánico,522.0,False,3,iOS,hash_250641,0,0,20,78,8,3,1,1,2,1,1,0.85,0.05,135.65,0.3333333333333333,0.37178340182353686,"Alto
(35-60%)"
CR000344,CL00309,2026-02-02,Microcrédito,4900000,3,0.0277,1725000,Web,742,0.4345,Manual,Activo,0,0,6,0.0,2,2023-09-24,Antioquia,Medellín,41,F,3,Bachiller,Empleado,3970000.0,App orgánico,565.0,False,0,Android,hash_619235,0,0,10,905,4,2,0,2,2,0,0,0.8,0.0,154.2,0.0,0.5077364541093208,"Alto
(35-60%)"
CR000346,CL00312,2025-03-04,Crédito libre inversión,3300000,6,0.0338,617000,Aliado,900,0.2742,Automática,Mora moderada,0,1,58,0.6666666666666666,2,2023-06-16,Atlántico,Barranquilla,47,M,4,Bachiller,Empleado,2250000.0,Aliado comercial,611.0,True,0,Android,hash_446249,0,0,10,944,3,3,0,0,2,0,2,0.7,0.1,150.7,0.0,0.49581592239524186,"Alto
(35-60%)"
CR000347,CL00312,2025-09-27,Crédito libre inversión,2300000,12,0.018,215000,App,853,0.0956,Automática,Activo,0,0,0,1.0,0,2023-06-16,Atlántico,Barranquilla,47,M,4,Bachiller,Empleado,2250000.0,Aliado comercial,611.0,True,0,Android,hash_446249,0,0,10,944,3,3,0,0,2,0,2,0.7,0.1,150.7,0.0,0.3487473122460948,"Medio
(15-35%)"
CR000348,CL00313,2025-09-06,Crédito consumo digital,800000,6,0.0261,146000,App,886,0.0954,Automática,Finalizado,0,0,0,1.0,0,2026-01-01,Bogotá D.C.,Bogotá,44,F,1,Técnico/Tecnólogo,Pensionado,1530000.0,Aliado comercial,601.0,False,0,Android,hash_715837,0,0,10,99,4,0,0,1,2,0,2,0.6,0.1,167.4,0.0,0.3476457318443816,"Medio
(15-35%)"
CR000349,CL00314,2025-02-25,Crédito libre inversión,6000000,18,0.0329,447000,Web,900,0.1077,Automática,Mora moderada,0,1,37,0.6666666666666666,2,2023-09-20,Valle del Cauca,Cali,44,F,4,Universitario,Conductor/Repartidor,4150000.0,Aliado comercial,675.0,False,1,Web,hash_637738,0,0,14,898,2,2,1,0,4,1,4,0.5714285714285714,0.1428571428571428,137.35714285714286,0.5,0.35826056991424,"Alto
(35-60%)"
CR000351,CL00317,2025-10-13,Avance de nómina,2850000,6,0.0232,514000,App,900,0.1346,Automática,Mora moderada,0,1,52,0.6666666666666666,2,2025-09-01,Atlántico,Barranquilla,43,M,4,Bachiller,Independiente,3820000.0,Campaña digital,571.0,False,0,Android,hash_833946,0,0,10,225,4,0,1,1,3,1,0,0.7,0.2,170.5,0.0,0.502636908165755,"Alto
(35-60%)"
CR000352,CL00318,2023-09-26,Crédito consumo digital,4150000,6,0.0214,744000,App,858,0.1679,Automática,Finalizado,0,0,0,1.0,0,2023-02-03,Caldas,Manizales,33,M,2,Universitario,Microempresario,4430000.0,Call center,633.0,False,1,Web,hash_187566,0,0,5,512,2,1,0,0,2,0,0,1.0,0.0,102.8,0.0,0.2630958191967449,"Medio
(15-35%)"
CR000353,CL00319,2025-06-12,Microcrédito,1200000,24,0.0339,74000,App,832,0.0404,Automática,Activo,0,0,0,1.0,0,2024-01-06,Norte de Santander,Cúcuta,39,M,3,Bachiller,Independiente,1830000.0,Referido,559.0,False,1,iOS,hash_289400,0,0,17,782,2,4,3,0,6,0,2,0.7647058823529411,0.1176470588235294,132.88235294117646,0.75,0.3950032997699165,"Alto
(35-60%)"
CR000354,CL00319,2025-05-28,Crédito consumo digital,850000,9,0.0249,107000,Web,791,0.0585,Automática,Finalizado,0,0,1,0.8333333333333334,1,2024-01-06,Norte de Santander,Cúcuta,39,M,3,Bachiller,Independiente,1830000.0,Referido,559.0,False,1,iOS,hash_289400,0,0,17,782,2,4,3,0,6,0,2,0.7647058823529411,0.1176470588235294,132.88235294117646,0.75,0.4463408562959294,"Alto
(35-60%)"
CR000355,CL00320,2025-10-03,Crédito consumo digital,3300000,9,0.0381,440000,Web,900,0.0743,Automática,Activo,0,0,0,1.0,0,2024-07-12,Antioquia,Medellín,35,F,3,Técnico/Tecnólogo,Empleado,5920000.0,Aliado comercial,713.0,True,2,Android,hash_644748,0,0,9,442,1,0,2,0,3,1,2,0.7777777777777778,0.0,159.11111111111111,0.0,0.12390227413197978,"Bajo
(< 15%)"
CR000356,CL00321,2025-10-01,Crédito consumo digital,1550000,6,0.0317,288000,Aliado,900,0.0567,Automática,Finalizado,0,0,0,1.0,0,2024-06-21,Meta,Villavicencio,37,M,2,Universitario,Empleado,5080000.0,App orgánico,714.0,False,1,Android,hash_462578,0,0,17,608,1,1,4,0,8,1,0,0.8235294117647058,0.1764705882352941,154.76470588235293,4.0,0.1565039058834742,"Medio
(15-35%)"
CR000357,CL00321,2025-08-05,Crédito libre inversión,5600000,3,0.0276,1971000,App,900,0.388,Manual,Finalizado,0,0,0,1.0,0,2024-06-21,Meta,Villavicencio,37,M,2,Universitario,Empleado,5080000.0,App orgánico,714.0,False,1,Android,hash_462578,0,0,17,608,1,1,4,0,8,1,0,0.8235294117647058,0.1764705882352941,154.76470588235293,4.0,0.25577399463139977,"Medio
(15-35%)"
CR000358,CL00322,2025-12-14,Crédito consumo digital,3750000,12,0.0336,385000,Web,767,0.1546,Automática,Activo,0,0,6,0.6,1,2025-09-21,Antioquia,Medellín,42,F,3,Universitario,Empleado,2490000.0,Campaña digital,564.0,True,0,iOS,hash_373306,0,0,15,201,2,3,3,0,2,3,2,0.6,0.2666666666666666,157.8,1.0,0.5377400955772937,"Alto
(35-60%)"
CR000360,CL00323,2024-09-29,Crédito libre inversión,8050000,6,0.0207,1440000,App,750,0.5333,Manual,Finalizado,0,0,3,0.6666666666666666,2,2024-05-10,Antioquia,Medellín,28,F,3,Universitario,Conductor/Repartidor,2700000.0,Campaña digital,616.0,True,0,iOS,hash_625667,0,0,8,635,2,1,2,0,3,0,0,1.0,0.0,212.625,2.0,0.4013650561725073,"Alto
(35-60%)"
CR000361,CL00324,2025-07-01,Microcrédito,2500000,3,0.0358,894000,Aliado,900,0.3679,Manual,Finalizado,0,0,0,1.0,0,2025-06-06,Atlántico,Barranquilla,57,M,3,Bachiller,Comerciante,2430000.0,Campaña digital,663.0,False,0,Web,hash_967838,0,0,5,203,3,0,0,0,1,0,0,0.6,0.4,130.8,0.0,0.3440121637272693,"Medio
(15-35%)"
CR000362,CL00325,2024-08-22,Crédito libre inversión,7200000,3,0.0335,2563000,Web,296,1.5821,Excepción,Mora moderada,0,1,59,0.0,3,2023-10-07,Antioquia,Medellín,26,M,1,Sin información,Conductor/Repartidor,1620000.0,Campaña digital,588.0,False,0,iOS,hash_698029,1,0,8,694,5,0,0,0,1,0,2,0.75,0.0,230.0,0.0,0.5656575449204923,"Alto
(35-60%)"
CR000363,CL00327,2024-09-30,Crédito libre inversión,1200000,3,0.0274,422000,App,731,0.6594,Excepción,Mora moderada,0,1,57,0.3333333333333333,2,2024-02-02,Bogotá D.C.,Bogotá,48,F,2,Bachiller,Desempleado,640000.0,App orgánico,495.0,False,1,Android,hash_676265,0,0,9,597,4,2,1,0,1,0,1,0.7777777777777778,0.1111111111111111,171.22222222222223,0.5,0.7217809779575992,"Muy alto
(> 60%)"
CR000364,CL00328,2025-03-12,Microcrédito,2500000,3,0.0382,898000,Call center,860,0.2897,Automática,Finalizado,0,0,0,1.0,0,2023-05-08,Bogotá D.C.,Bogotá,44,F,5,Bachiller,Empleado,3100000.0,Aliado comercial,688.0,True,0,Web,hash_617961,0,0,19,1011,4,2,6,1,4,0,2,0.631578947368421,0.2105263157894736,159.26315789473685,3.0,0.2756470226502895,"Medio
(15-35%)"
CR000365,CL00328,2024-09-19,Crédito consumo digital,1950000,6,0.0266,356000,App,896,0.1148,Automática,Finalizado,0,0,0,1.0,0,2023-05-08,Bogotá D.C.,Bogotá,44,F,5,Bachiller,Empleado,3100000.0,Aliado comercial,688.0,True,0,Web,hash_617961,0,0,19,1011,4,2,6,1,4,0,2,0.631578947368421,0.2105263157894736,159.26315789473685,3.0,0.22184381943754927,"Medio
(15-35%)"
CR000366,CL00328,2025-04-09,Crédito consumo digital,1150000,6,0.0306,213000,App,900,0.0687,Automática,Finalizado,0,0,0,1.0,0,2023-05-08,Bogotá D.C.,Bogotá,44,F,5,Bachiller,Empleado,3100000.0,Aliado comercial,688.0,True,0,Web,hash_617961,0,0,19,1011,4,2,6,1,4,0,2,0.631578947368421,0.2105263157894736,159.26315789473685,3.0,0.17934845137171584,"Medio
(15-35%)"
CR000367,CL00329,2025-12-22,Crédito consumo digital,2050000,9,0.0209,252000,Web,900,0.0708,Automática,Activo,0,0,0,1.0,0,2025-05-13,Bogotá D.C.,Bogotá,42,F,3,Universitario,Empleado,3560000.0,Aliado comercial,757.0,False,0,Android,hash_635607,0,0,11,301,5,1,1,0,2,1,1,0.8181818181818182,0.0909090909090909,227.63636363636363,1.0,0.11252330971300148,"Bajo
(< 15%)"
CR000368,CL00332,2024-05-11,Crédito consumo digital,1750000,6,0.0352,329000,App,767,0.1388,Automática,Finalizado,0,0,0,1.0,0,2023-12-09,Risaralda,Pereira,27,M,3,Bachiller,Comerciante,2370000.0,Referido,571.0,False,0,Android,hash_772225,0,0,10,613,1,3,1,0,2,0,2,0.7,0.1,139.6,0.3333333333333333,0.4979813649780731,"Alto
(35-60%)"
CR000369,CL00333,2025-01-25,Avance de nómina,1250000,3,0.0308,443000,Web,781,0.2395,Automática,Mora moderada,0,1,38,0.6666666666666666,1,2023-09-05,Bogotá D.C.,Bogotá,37,M,3,Bachiller,Microempresario,1850000.0,Aliado comercial,555.0,False,1,Android,hash_824276,0,0,17,933,3,4,2,0,6,0,2,0.6470588235294118,0.2352941176470588,142.8235294117647,0.5,0.5701719305390562,"Alto
(35-60%)"
CR000370,CL00334,2024-03-15,Crédito consumo digital,1000000,6,0.0322,186000,App,704,0.0886,Automática,Finalizado,0,0,14,0.8333333333333334,1,2023-01-17,Cundinamarca,Soacha,29,F,2,Universitario,Independiente,2100000.0,Referido,454.0,True,4,Android,hash_292593,0,0,11,1142,2,2,2,1,3,0,0,0.8181818181818182,0.0909090909090909,115.27272727272728,1.0,0.4894474731104841,"Alto
(35-60%)"
CR000371,CL00335,2026-02-08,Crédito consumo digital,1400000,3,0.0271,492000,Aliado,900,0.1386,Automática,Activo,0,0,0,0.6666666666666666,0,2024-02-13,Bogotá D.C.,Bogotá,46,F,2,Sin información,Independiente,3550000.0,Campaña digital,597.0,False,1,Android,hash_426754,0,0,10,628,2,2,1,0,2,1,2,0.7,0.1,156.2,0.5,0.32822141420214124,"Medio
(15-35%)"
CR000372,CL00336,2024-10-04,Microcrédito,2800000,12,0.0414,301000,Aliado,830,0.1091,Automática,Finalizado,0,0,0,1.0,0,2023-11-04,Bogotá D.C.,Bogotá,35,F,4,Técnico/Tecnólogo,Conductor/Repartidor,2760000.0,App orgánico,583.0,False,2,iOS,hash_359405,0,0,12,784,6,3,0,0,1,1,1,0.75,0.1666666666666666,111.75,0.0,0.5046913399808524,"Alto
(35-60%)"
CR000373,CL00340,2024-01-01,Microcrédito,5450000,9,0.0359,719000,App,900,0.1692,Automática,Finalizado,0,0,10,0.8333333333333334,1,2023-01-28,Norte de Santander,Cúcuta,30,M,3,Posgrado,Empleado,4250000.0,Aliado comercial,666.0,True,3,Android,hash_494813,0,0,7,942,2,3,1,0,0,1,0,0.7142857142857143,0.2857142857142857,153.28571428571428,0.3333333333333333,0.19862266596741107,"Medio
(15-35%)"
CR000374,CL00341,2025-07-26,Microcrédito,950000,9,0.0435,130000,Web,699,0.0818,Automática,Mora severa,0,1,67,0.5,3,2025-07-07,Bogotá D.C.,Bogotá,28,F,6,Universitario,Desempleado,1590000.0,App orgánico,531.0,True,1,Android,hash_162894,0,0,9,255,2,5,1,0,0,0,1,0.7777777777777778,0.1111111111111111,159.11111111111111,0.2,0.6442724260805603,"Muy alto
(> 60%)"
CR000376,CL00344,2025-05-11,Crédito consumo digital,1650000,6,0.0255,300000,App,881,0.1887,Automática,Finalizado,0,0,11,0.6666666666666666,2,2024-11-27,Bogotá D.C.,Bogotá,31,F,2,Universitario,Independiente,1590000.0,App orgánico,548.0,True,2,Android,hash_313968,0,0,15,446,4,1,1,1,4,0,2,0.7333333333333333,0.0666666666666666,201.66666666666663,1.0,0.4498204718686118,"Alto
(35-60%)"
CR000377,CL00344,2025-12-18,Crédito consumo digital,900000,9,0.033,117000,Aliado,838,0.0736,Automática,Activo,0,0,12,0.75,1,2024-11-27,Bogotá D.C.,Bogotá,31,F,2,Universitario,Independiente,1590000.0,App orgánico,548.0,True,2,Android,hash_313968,0,0,15,446,4,1,1,1,4,0,2,0.7333333333333333,0.0666666666666666,201.66666666666663,1.0,0.39416299252373954,"Alto
(35-60%)"
CR000378,CL00345,2025-09-11,Microcrédito,850000,9,0.0445,117000,Call center,585,0.2089,Manual,Mora moderada,0,1,59,0.0,6,2025-06-05,Bogotá D.C.,Bogotá,31,M,3,Sin información,Desempleado,560000.0,Campaña digital,401.0,True,0,iOS,hash_727915,0,0,13,297,3,1,1,0,2,3,2,0.6153846153846154,0.2307692307692307,210.69230769230768,1.0,0.7725656158201165,"Muy alto
(> 60%)"
CR000379,CL00345,2026-01-29,Crédito consumo digital,550000,12,0.0202,52000,Aliado,694,0.0929,Automática,Mora moderada,0,1,32,0.3333333333333333,2,2025-06-05,Bogotá D.C.,Bogotá,31,M,3,Sin información,Desempleado,560000.0,Campaña digital,401.0,True,0,iOS,hash_727915,0,0,13,297,3,1,1,0,2,3,2,0.6153846153846154,0.2307692307692307,210.69230769230768,1.0,0.729734826395925,"Muy alto
(> 60%)"
CR000381,CL00347,2026-02-12,Microcrédito,2100000,9,0.04,282000,App,805,0.1097,Automática,Mora moderada,0,1,49,0.3333333333333333,1,2025-01-03,Risaralda,Pereira,22,F,2,Bachiller,Pensionado,1980000.0,App orgánico,560.0,False,2,iOS,hash_277946,0,0,9,350,3,1,0,2,2,0,1,0.5555555555555556,0.1111111111111111,119.66666666666669,0.0,0.6038409557020901,"Muy alto
(> 60%)"
CR000382,CL00348,2025-08-09,Crédito libre inversión,1950000,6,0.0305,361000,App,797,0.1778,Automática,Mora moderada,0,1,58,0.5,3,2025-08-27,Antioquia,Medellín,22,No informa,3,Sin información,Empleado,2030000.0,App orgánico,565.0,False,2,Android,hash_459267,0,0,9,179,1,0,3,0,1,1,3,0.6666666666666666,0.0,162.0,0.0,0.6938188380136938,"Muy alto
(> 60%)"
CR000383,CL00349,2025-06-17,Crédito consumo digital,1700000,12,0.0306,171000,App,900,0.052,Automática,Mora moderada,0,1,34,0.8333333333333334,1,2024-10-19,Antioquia,Medellín,29,F,3,Sin información,Empleado,3290000.0,Campaña digital,604.0,False,0,Android,hash_922343,0,0,11,535,5,1,1,0,2,0,1,0.8181818181818182,0.0909090909090909,154.54545454545453,1.0,0.3363137744845911,"Medio
(15-35%)"
CR000384,CL00351,2024-11-15,Avance de nómina,700000,6,0.0309,130000,Web,778,0.0553,Automática,Mora moderada,0,1,52,0.8333333333333334,1,2024-03-04,Norte de Santander,Cúcuta,39,M,2,Técnico/Tecnólogo,Empleado,2350000.0,App orgánico,591.0,True,0,iOS,hash_896266,0,0,5,646,1,1,0,0,1,1,0,0.8,0.2,124.0,0.0,0.5515423271825957,"Alto
(35-60%)"
CR000385,CL00352,2025-03-05,Crédito consumo digital,1300000,6,0.0206,233000,App,822,0.1438,Automática,Finalizado,0,0,20,0.8333333333333334,1,2023-06-01,Bogotá D.C.,Bogotá,51,M,3,Técnico/Tecnólogo,Empleado,1620000.0,Campaña digital,674.0,False,0,Android,hash_892515,0,0,4,837,1,0,0,1,1,0,1,0.25,0.25,158.25,0.0,0.3667307533841514,"Alto
(35-60%)"
CR000386,CL00353,2023-06-02,Crédito libre inversión,18800000,6,0.017,3323000,Aliado,900,0.3323,Automática,Finalizado,0,0,0,1.0,0,2023-01-26,Antioquia,Medellín,45,F,4,Bachiller,Empleado,10000000.0,Campaña digital,826.0,True,2,Android,hash_114260,0,0,11,954,1,1,2,0,1,3,1,0.9090909090909092,0.0,195.72727272727272,2.0,0.17615251317650826,"Medio
(15-35%)"
CR000387,CL00354,2025-05-30,Crédito consumo digital,1950000,9,0.0309,252000,App,844,0.0881,Automática,Finalizado,0,0,0,1.0,0,2025-09-14,Bogotá D.C.,Bogotá,34,F,3,Bachiller,Independiente,2860000.0,App orgánico,631.0,True,3,Android,hash_411896,0,0,9,204,4,1,1,0,2,0,0,0.7777777777777778,0.2222222222222222,190.11111111111111,1.0,0.2627247688727954,"Medio
(15-35%)"
CR000388,CL00355,2025-03-06,Crédito consumo digital,1600000,18,0.0311,117000,Call center,891,0.06,Automática,Activo,0,0,0,1.0,0,2024-12-30,Bogotá D.C.,Bogotá,36,M,3,Universitario,Empleado,1950000.0,App orgánico,646.0,False,0,iOS,hash_760601,0,0,9,430,4,0,3,1,0,0,1,0.7777777777777778,0.0,77.33333333333333,0.0,0.2059541451899018,"Medio
(15-35%)"
CR000389,CL00356,2025-11-13,Crédito consumo digital,1250000,18,0.0303,91000,Aliado,820,0.0446,Automática,Activo,0,0,0,0.8333333333333334,0,2023-11-23,Bogotá D.C.,Bogotá,26,F,4,Sin información,Comerciante,2040000.0,Referido,545.0,False,1,iOS,hash_759510,0,0,8,733,1,2,1,1,1,0,1,0.625,0.125,178.375,0.5,0.46561219810589166,"Alto
(35-60%)"
CR000390,CL00357,2025-06-25,Crédito libre inversión,950000,3,0.0258,333000,Aliado,719,0.2622,Automática,Finalizado,0,0,5,0.3333333333333333,2,2023-03-03,Cundinamarca,Soacha,36,M,2,Técnico/Tecnólogo,Conductor/Repartidor,1270000.0,Campaña digital,434.0,False,0,iOS,hash_986146,0,0,12,880,5,2,0,0,2,0,2,0.6666666666666666,0.1666666666666666,159.16666666666666,0.0,0.652337699011545,"Muy alto
(> 60%)"
CR000391,CL00357,2024-10-17,Microcrédito,1050000,12,0.0269,104000,Web,740,0.0819,Automática,Mora severa,0,1,86,0.3333333333333333,4,2023-03-03,Cundinamarca,Soacha,36,M,2,Técnico/Tecnólogo,Conductor/Repartidor,1270000.0,Campaña digital,434.0,False,0,iOS,hash_986146,0,0,12,880,5,2,0,0,2,0,2,0.6666666666666666,0.1666666666666666,159.16666666666666,0.0,0.693557734720243,"Muy alto
(> 60%)"
CR000392,CL00358,2024-02-24,Microcrédito,8050000,9,0.0333,1050000,App,878,0.3088,Automática,Finalizado,0,0,0,1.0,0,2024-01-15,Bogotá D.C.,Bogotá,33,M,3,Universitario,Empleado,3400000.0,Call center,598.0,False,3,iOS,hash_196748,0,0,11,758,5,1,2,1,1,0,0,0.8181818181818182,0.0909090909090909,220.8181818181818,2.0,0.4083957883356348,"Alto
(35-60%)"
CR000394,CL00362,2024-10-25,Avance de nómina,800000,12,0.0244,78000,App,820,0.0438,Automática,Mora severa,0,1,82,0.5,3,2024-10-05,Cundinamarca,Soacha,51,M,4,Universitario,Conductor/Repartidor,1780000.0,Referido,479.0,False,4,Android,hash_726776,0,0,10,469,3,1,0,1,3,1,0,0.6,0.3,265.4,0.0,0.6300414299241587,"Muy alto
(> 60%)"
CR000395,CL00363,2024-08-01,Crédito libre inversión,2950000,6,0.0202,527000,Aliado,900,0.1514,Automática,Finalizado,0,0,0,1.0,0,2024-01-12,Bogotá D.C.,Bogotá,35,M,3,Técnico/Tecnólogo,Microempresario,3480000.0,App orgánico,661.0,False,1,Android,hash_707871,0,0,18,766,9,4,1,0,2,0,2,0.7777777777777778,0.1111111111111111,115.94444444444444,0.25,0.2432413672916624,"Medio
(15-35%)"
CR000396,CL00363,2024-02-13,Avance de nómina,1700000,12,0.0214,162000,Aliado,900,0.0466,Automática,Finalizado,0,0,0,1.0,0,2024-01-12,Bogotá D.C.,Bogotá,35,M,3,Técnico/Tecnólogo,Microempresario,3480000.0,App orgánico,661.0,False,1,Android,hash_707871,0,0,18,766,9,4,1,0,2,0,2,0.7777777777777778,0.1111111111111111,115.94444444444444,0.25,0.19897390792391328,"Medio
(15-35%)"
CR000397,CL00364,2026-02-13,Crédito consumo digital,2250000,6,0.0323,418000,App,884,0.1614,Automática,Activo,0,0,0,0.6666666666666666,0,2025-01-05,Cundinamarca,Soacha,40,M,3,Sin información,Conductor/Repartidor,2590000.0,App orgánico,530.0,False,0,Android,hash_373363,0,0,16,466,5,1,3,1,2,0,3,0.75,0.0,150.375,3.0,0.4746188962564243,"Alto
(35-60%)"
CR000399,CL00366,2026-01-06,Avance de nómina,1200000,12,0.0214,114000,App,897,0.0432,Automática,Activo,0,0,0,0.75,0,2025-07-01,Valle del Cauca,Cali,32,F,2,Posgrado,Comerciante,2640000.0,Campaña digital,662.0,False,0,Web,hash_865372,0,0,7,182,4,0,0,0,0,2,1,0.8571428571428571,0.0,282.1428571428572,0.0,0.1378914007041143,"Bajo
(< 15%)"
CR000400,CL00366,2025-10-23,Crédito consumo digital,1750000,18,0.0321,130000,Web,877,0.0492,Automática,Activo,0,0,0,1.0,0,2025-07-01,Valle del Cauca,Cali,32,F,2,Posgrado,Comerciante,2640000.0,Campaña digital,662.0,False,0,Web,hash_865372,0,0,7,182,4,0,0,0,0,2,1,0.8571428571428571,0.0,282.1428571428572,0.0,0.13675774523933815,"Bajo
(< 15%)"
CR000401,CL00368,2025-11-17,Microcrédito,2300000,12,0.0428,249000,Web,571,0.1215,Manual,Activo,0,0,13,0.8,1,2024-07-29,Cundinamarca,Soacha,36,F,2,Universitario,Comerciante,2050000.0,Call center,588.0,False,3,Android,hash_139080,1,0,7,440,5,1,1,0,0,0,0,0.7142857142857143,0.2857142857142857,164.85714285714286,1.0,0.560709265930329,"Alto
(35-60%)"
CR000402,CL00369,2025-12-28,Crédito consumo digital,1250000,12,0.0363,130000,App,795,0.0588,Automática,Activo,0,0,0,1.0,0,2024-01-30,Bolívar,Cartagena,37,M,3,Universitario,Empleado,2210000.0,Campaña digital,569.0,False,0,Web,hash_593197,0,0,16,741,3,3,0,1,6,1,1,0.75,0.125,188.5625,0.0,0.38473869505288205,"Alto
(35-60%)"
CR000403,CL00369,2025-02-07,Crédito libre inversión,3550000,9,0.0277,451000,Web,816,0.2041,Automática,Mora moderada,0,1,38,0.5,3,2024-01-30,Bolívar,Cartagena,37,M,3,Universitario,Empleado,2210000.0,Campaña digital,569.0,False,0,Web,hash_593197,0,0,16,741,3,3,0,1,6,1,1,0.75,0.125,188.5625,0.0,0.6605530207634441,"Muy alto
(> 60%)"
CR000404,CL00369,2024-09-10,Avance de nómina,850000,9,0.0261,107000,Aliado,900,0.0484,Automática,Finalizado,0,0,0,1.0,0,2024-01-30,Bolívar,Cartagena,37,M,3,Universitario,Empleado,2210000.0,Campaña digital,569.0,False,0,Web,hash_593197,0,0,16,741,3,3,0,1,6,1,1,0.75,0.125,188.5625,0.0,0.30440173292720446,"Medio
(15-35%)"
CR000406,CL00372,2024-07-11,Crédito consumo digital,1700000,9,0.033,221000,Aliado,900,0.0505,Automática,Finalizado,0,0,0,1.0,0,2023-07-24,Valle del Cauca,Cali,41,F,2,Universitario,Empleado,4380000.0,App orgánico,707.0,True,4,Web,hash_760899,0,0,11,768,2,2,2,2,2,1,0,0.6363636363636364,0.1818181818181818,156.0909090909091,1.0,0.115942796642499,"Bajo
(< 15%)"
CR000407,CL00374,2024-05-02,Crédito libre inversión,1700000,18,0.0171,110000,Web,566,0.0618,Manual,Finalizado,0,0,24,0.8333333333333334,1,2024-01-05,Atlántico,Barranquilla,46,F,1,Universitario,Conductor/Repartidor,1780000.0,Referido,588.0,False,4,iOS,hash_910586,1,0,6,477,1,0,3,0,1,0,1,0.5,0.3333333333333333,194.33333333333331,0.0,0.5549745990943868,"Alto
(35-60%)"
CR000408,CL00375,2023-04-11,Microcrédito,3200000,12,0.0251,312000,App,851,0.1345,Automática,Mora severa,0,1,106,0.6666666666666666,2,2023-03-25,Atlántico,Barranquilla,58,F,4,Técnico/Tecnólogo,Conductor/Repartidor,2320000.0,App orgánico,603.0,False,0,Web,hash_576186,0,0,14,951,5,2,1,0,1,2,0,0.8571428571428571,0.1428571428571428,192.2142857142857,0.5,0.5339068033627832,"Alto
(35-60%)"
CR000409,CL00375,2023-08-07,Microcrédito,2700000,6,0.0374,511000,App,787,0.2203,Automática,Mora moderada,0,1,55,0.5,3,2023-03-25,Atlántico,Barranquilla,58,F,4,Técnico/Tecnólogo,Conductor/Repartidor,2320000.0,App orgánico,603.0,False,0,Web,hash_576186,0,0,14,951,5,2,1,0,1,2,0,0.8571428571428571,0.1428571428571428,192.2142857142857,0.5,0.5985455606786341,"Alto
(35-60%)"
CR000410,CL00376,2024-06-26,Avance de nómina,450000,12,0.029,45000,Call center,883,0.015,Automática,Finalizado,0,0,0,1.0,0,2023-03-12,Santander,Bucaramanga,28,M,3,Sin información,Empleado,3010000.0,App orgánico,566.0,False,2,Android,hash_527195,0,0,22,1076,7,2,5,1,2,0,3,0.6363636363636364,0.1818181818181818,145.86363636363637,2.5,0.36437628448258963,"Alto
(35-60%)"
CR000411,CL00376,2025-08-11,Crédito consumo digital,800000,9,0.0319,104000,Aliado,790,0.0346,Automática,Activo,0,0,0,1.0,0,2023-03-12,Santander,Bucaramanga,28,M,3,Sin información,Empleado,3010000.0,App orgánico,566.0,False,2,Android,hash_527195,0,0,22,1076,7,2,5,1,2,0,3,0.6363636363636364,0.1818181818181818,145.86363636363637,2.5,0.4384942527241696,"Alto
(35-60%)"
CR000412,CL00376,2023-05-02,Crédito libre inversión,1750000,3,0.0196,606000,Aliado,860,0.2013,Automática,Finalizado,0,0,0,1.0,0,2023-03-12,Santander,Bucaramanga,28,M,3,Sin información,Empleado,3010000.0,App orgánico,566.0,False,2,Android,hash_527195,0,0,22,1076,7,2,5,1,2,0,3,0.6363636363636364,0.1818181818181818,145.86363636363637,2.5,0.4220196664762748,"Alto
(35-60%)"
CR000414,CL00378,2026-01-06,Crédito consumo digital,900000,12,0.0225,86000,Aliado,704,0.0497,Automática,Activo,0,0,24,0.5,1,2024-10-02,Antioquia,Medellín,38,M,1,Técnico/Tecnólogo,Independiente,1730000.0,Campaña digital,471.0,False,2,Android,hash_657647,0,0,14,483,7,1,3,0,1,0,0,0.7142857142857143,0.2857142857142857,129.57142857142858,3.0,0.5900076546511432,"Alto
(35-60%)"
CR000415,CL00378,2026-01-18,Crédito libre inversión,1800000,3,0.017,621000,Web,677,0.359,Manual,Mora moderada,0,1,43,0.6666666666666666,1,2024-10-02,Antioquia,Medellín,38,M,1,Técnico/Tecnólogo,Independiente,1730000.0,Campaña digital,471.0,False,2,Android,hash_657647,0,0,14,483,7,1,3,0,1,0,0,0.7142857142857143,0.2857142857142857,129.57142857142858,3.0,0.6772195374086327,"Muy alto
(> 60%)"
CR000416,CL00379,2024-10-31,Crédito libre inversión,2950000,9,0.0246,369000,Web,873,0.0979,Automática,Mora moderada,0,0,11,0.8333333333333334,1,2024-08-10,Atlántico,Barranquilla,58,M,2,Universitario,Empleado,3770000.0,Aliado comercial,731.0,False,1,Android,hash_129717,0,0,9,592,4,1,0,0,2,0,0,1.0,0.0,135.22222222222223,0.0,0.18440279799985315,"Medio
(15-35%)"
CR000417,CL00380,2025-11-24,Crédito consumo digital,2700000,9,0.0341,353000,App,786,0.1293,Automática,Activo,0,0,0,1.0,0,2025-09-05,Bogotá D.C.,Bogotá,28,F,2,Bachiller,Empleado,2730000.0,Aliado comercial,573.0,True,3,Android,hash_691058,0,0,17,224,8,2,2,1,1,1,1,0.7647058823529411,0.1176470588235294,181.11764705882356,1.0,0.46392036847805423,"Alto
(35-60%)"
CR000418,CL00380,2025-10-23,Crédito libre inversión,3000000,6,0.018,532000,App,867,0.1949,Automática,Finalizado,0,0,0,1.0,0,2025-09-05,Bogotá D.C.,Bogotá,28,F,2,Bachiller,Empleado,2730000.0,Aliado comercial,573.0,True,3,Android,hash_691058,0,0,17,224,8,2,2,1,1,1,1,0.7647058823529411,0.1176470588235294,181.11764705882356,1.0,0.4088348618511332,"Alto
(35-60%)"
CR000420,CL00381,2023-11-22,Crédito consumo digital,900000,9,0.0223,111000,Aliado,747,0.073,Automática,Mora severa,0,0,28,0.5,3,2023-03-01,Cundinamarca,Soacha,28,F,3,Universitario,Independiente,1520000.0,Campaña digital,503.0,True,3,Android,hash_881675,0,0,10,869,5,0,1,0,3,0,1,0.7,0.2,202.1,0.0,0.5886868450115312,"Alto
(35-60%)"
CR000421,CL00382,2025-09-27,Crédito libre inversión,6800000,3,0.0339,2422000,App,900,0.3387,Automática,Finalizado,0,0,0,1.0,0,2025-03-02,Bogotá D.C.,Bogotá,30,F,4,Universitario,Empleado,7150000.0,Aliado comercial,730.0,True,0,Android,hash_611984,0,0,11,418,3,3,0,1,2,0,1,0.6363636363636364,0.1818181818181818,119.1818181818182,0.0,0.2517545823470148,"Medio
(15-35%)"
CR000422,CL00383,2025-07-18,Microcrédito,3350000,9,0.0324,435000,App,869,0.1154,Automática,Mora moderada,0,0,5,0.8333333333333334,1,2023-08-07,Atlántico,Barranquilla,19,M,3,Sin información,Independiente,3770000.0,Campaña digital,500.0,False,1,Android,hash_272905,0,0,15,833,2,2,3,0,4,0,2,0.7333333333333333,0.1333333333333333,141.53333333333333,1.5,0.5652873159683662,"Alto
(35-60%)"
CR000423,CL00383,2026-01-02,Crédito consumo digital,1350000,9,0.0356,178000,Web,795,0.0472,Automática,Activo,0,0,0,0.75,0,2023-08-07,Atlántico,Barranquilla,19,M,3,Sin información,Independiente,3770000.0,Campaña digital,500.0,False,1,Android,hash_272905,0,0,15,833,2,2,3,0,4,0,2,0.7333333333333333,0.1333333333333333,141.53333333333333,1.5,0.46002268140142905,"Alto
(35-60%)"
CR000424,CL00384,2025-05-22,Crédito consumo digital,4150000,18,0.0323,308000,Aliado,877,0.0725,Automática,Activo,0,0,0,1.0,0,2025-12-27,Valle del Cauca,Cali,31,F,5,Bachiller,Microempresario,4250000.0,Aliado comercial,611.0,True,1,Android,hash_933410,0,0,16,78,3,1,3,1,3,1,1,0.875,0.0,169.3125,3.0,0.2298028683416587,"Medio
(15-35%)"
CR000425,CL00384,2026-02-13,Microcrédito,2950000,12,0.0289,294000,App,900,0.0692,Automática,Activo,0,0,0,0.6666666666666666,0,2025-12-27,Valle del Cauca,Cali,31,F,5,Bachiller,Microempresario,4250000.0,Aliado comercial,611.0,True,1,Android,hash_933410,0,0,16,78,3,1,3,1,3,1,1,0.875,0.0,169.3125,3.0,0.24292152454128577,"Medio
(15-35%)"
CR000426,CL00385,2026-01-13,Crédito consumo digital,1300000,12,0.0269,128000,Aliado,848,0.0604,Automática,Activo,0,0,0,0.75,0,2023-08-07,Atlántico,Barranquilla,28,M,2,Posgrado,Conductor/Repartidor,2120000.0,App orgánico,565.0,False,0,iOS,hash_951112,0,0,4,616,1,0,0,0,2,0,1,0.75,0.0,228.75,0.0,0.3807508905325432,"Alto
(35-60%)"
CR000427,CL00386,2024-03-09,Crédito consumo digital,2100000,6,0.0237,380000,Web,780,0.1467,Automática,Mora severa,0,1,117,0.5,3,2024-02-15,Antioquia,Medellín,38,M,4,Técnico/Tecnólogo,Conductor/Repartidor,2590000.0,Campaña digital,473.0,False,1,Android,hash_575881,0,0,14,757,3,2,3,1,4,1,0,0.7857142857142857,0.1428571428571428,201.42857142857144,1.5,0.6590292346992372,"Muy alto
(> 60%)"
CR000428,CL00386,2025-10-15,Crédito consumo digital,1150000,18,0.036,88000,App,794,0.034,Automática,Mora moderada,0,0,30,0.6666666666666666,2,2024-02-15,Antioquia,Medellín,38,M,4,Técnico/Tecnólogo,Conductor/Repartidor,2590000.0,Campaña digital,473.0,False,1,Android,hash_575881,0,0,14,757,3,2,3,1,4,1,0,0.7857142857142857,0.1428571428571428,201.42857142857144,1.5,0.4904492212634494,"Alto
(35-60%)"
CR000429,CL00387,2025-12-26,Crédito libre inversión,3700000,6,0.028,678000,App,679,0.2638,Automática,Mora moderada,0,1,39,0.25,3,2025-09-08,Bogotá D.C.,Bogotá,39,M,2,Universitario,Comerciante,2640000.0,Campaña digital,469.0,False,2,iOS,hash_385916,0,0,6,176,1,1,2,0,2,0,0,1.0,0.0,181.5,2.0,0.6324780727755218,"Muy alto
(> 60%)"
CR000430,CL00389,2025-08-31,Crédito libre inversión,6650000,24,0.0221,360000,App,877,0.1682,Automática,Activo,0,0,0,1.0,0,2025-01-05,Cundinamarca,Soacha,46,No informa,1,Técnico/Tecnólogo,Empleado,2140000.0,Referido,670.0,False,0,iOS,hash_987766,0,0,7,403,1,1,1,0,3,1,0,1.0,0.0,202.7142857142857,1.0,0.22584098247791132,"Medio
(15-35%)"
CR000431,CL00390,2024-11-02,Avance de nómina,1050000,6,0.0291,193000,Aliado,900,0.039,Automática,Finalizado,0,0,0,1.0,0,2024-05-27,Cundinamarca,Soacha,30,M,6,Posgrado,Empleado,4950000.0,Referido,702.0,False,0,Android,hash_834303,0,0,11,556,2,3,1,0,3,0,2,0.8181818181818182,0.0,146.0,0.3333333333333333,0.15516243074156935,"Medio
(15-35%)"
CR000432,CL00391,2025-07-12,Avance de nómina,350000,6,0.0195,62000,App,797,0.0323,Automática,Finalizado,0,0,5,0.8333333333333334,1,2024-12-21,Risaralda,Pereira,27,M,3,Bachiller,Independiente,1920000.0,Referido,568.0,False,2,Android,hash_641428,0,0,10,443,3,0,2,0,3,0,0,0.8,0.2,172.6,0.0,0.49657315936454766,"Alto
(35-60%)"
CR000434,CL00394,2025-11-16,Crédito consumo digital,1950000,12,0.0294,195000,Aliado,727,0.1147,Automática,Activo,0,0,0,1.0,0,2024-09-30,Bogotá D.C.,Bogotá,54,F,3,Universitario,Estudiante,1700000.0,Campaña digital,585.0,True,4,iOS,hash_519627,0,0,18,482,7,3,0,1,5,0,2,0.7777777777777778,0.0555555555555555,130.61111111111111,0.0,0.449982284863663,"Alto
(35-60%)"
CR000435,CL00394,2025-10-22,Crédito consumo digital,1350000,9,0.0309,174000,Web,769,0.1024,Automática,Activo,0,0,4,0.8333333333333334,1,2024-09-30,Bogotá D.C.,Bogotá,54,F,3,Universitario,Estudiante,1700000.0,Campaña digital,585.0,True,4,iOS,hash_519627,0,0,18,482,7,3,0,1,5,0,2,0.7777777777777778,0.0555555555555555,130.61111111111111,0.0,0.42866119692016136,"Alto
(35-60%)"
CR000436,CL00395,2025-09-11,Crédito libre inversión,4650000,12,0.0228,447000,App,803,0.1437,Automática,Activo,0,0,17,0.8333333333333334,1,2023-05-10,Bogotá D.C.,Bogotá,48,F,1,Bachiller,Empleado,3110000.0,App orgánico,593.0,True,3,Android,hash_806376,0,0,22,1009,5,4,4,0,3,2,3,0.7272727272727273,0.1363636363636363,157.77272727272728,1.0,0.3828842491010393,"Alto
(35-60%)"
CR000437,CL00395,2024-02-22,Crédito consumo digital,1550000,9,0.0352,204000,Web,834,0.0656,Automática,Finalizado,0,0,0,1.0,0,2023-05-10,Bogotá D.C.,Bogotá,48,F,1,Bachiller,Empleado,3110000.0,App orgánico,593.0,True,3,Android,hash_806376,0,0,22,1009,5,4,4,0,3,2,3,0.7272727272727273,0.1363636363636363,157.77272727272728,1.0,0.23555097778350478,"Medio
(15-35%)"
CR000438,CL00395,2025-03-28,Crédito consumo digital,1950000,9,0.0329,254000,App,842,0.0817,Automática,Finalizado,0,0,6,0.6666666666666666,2,2023-05-10,Bogotá D.C.,Bogotá,48,F,1,Bachiller,Empleado,3110000.0,App orgánico,593.0,True,3,Android,hash_806376,0,0,22,1009,5,4,4,0,3,2,3,0.7272727272727273,0.1363636363636363,157.77272727272728,1.0,0.27719131641798056,"Medio
(15-35%)"
CR000440,CL00398,2025-07-24,Crédito consumo digital,550000,12,0.0278,55000,App,719,0.1222,Automática,Mora severa,0,0,7,0.8333333333333334,1,2025-04-20,Antioquia,Medellín,50,F,1,Universitario,Desempleado,450000.0,App orgánico,465.0,False,1,Android,hash_299330,0,0,4,160,1,2,0,0,1,0,0,0.75,0.25,213.25,0.0,0.6771585198736462,"Muy alto
(> 60%)"
CR000441,CL00399,2025-01-03,Microcrédito,1100000,6,0.0346,206000,App,798,0.1177,Automática,Mora moderada,0,1,59,0.8333333333333334,1,2024-09-16,Valle del Cauca,Cali,35,M,2,Técnico/Tecnólogo,Independiente,1750000.0,Aliado comercial,588.0,False,1,Android,hash_427597,0,0,13,511,5,1,2,1,2,1,1,0.7692307692307693,0.0769230769230769,164.53846153846155,2.0,0.5508933127691679,"Alto
(35-60%)"
CR000442,CL00399,2025-01-03,Crédito consumo digital,1350000,18,0.0367,104000,App,829,0.0594,Automática,Mora severa,0,0,0,1.0,0,2024-09-16,Valle del Cauca,Cali,35,M,2,Técnico/Tecnólogo,Independiente,1750000.0,Aliado comercial,588.0,False,1,Android,hash_427597,0,0,13,511,5,1,2,1,2,1,1,0.7692307692307693,0.0769230769230769,164.53846153846155,2.0,0.40115995044590164,"Alto
(35-60%)"
CR000443,CL00400,2025-07-30,Crédito consumo digital,1850000,12,0.0258,181000,App,900,0.087,Automática,Activo,0,0,0,1.0,0,2024-10-05,Bogotá D.C.,Bogotá,48,M,4,Bachiller,Empleado,2080000.0,App orgánico,701.0,False,1,Web,hash_751712,0,0,5,320,2,1,0,0,1,0,1,0.8,0.0,113.4,0.0,0.19692193433885152,"Medio
(15-35%)"
CR000444,CL00401,2025-02-12,Crédito libre inversión,6000000,3,0.0312,2126000,App,708,0.9325,Excepción,Finalizado,0,0,11,0.3333333333333333,2,2024-05-24,Bogotá D.C.,Bogotá,20,F,3,Posgrado,Empleado,2280000.0,App orgánico,555.0,True,0,Web,hash_332459,0,0,17,501,4,3,2,0,4,1,2,0.7647058823529411,0.1176470588235294,110.70588235294116,0.6666666666666666,0.5774561484617287,"Alto
(35-60%)"
CR000446,CL00402,2025-12-18,Avance de nómina,1400000,9,0.0284,178000,App,827,0.048,Automática,Activo,0,0,0,1.0,0,2025-10-27,Santander,Bucaramanga,30,M,2,Universitario,Microempresario,3710000.0,App orgánico,548.0,False,0,Web,hash_992008,0,0,12,173,3,2,1,0,2,1,2,0.5833333333333334,0.25,154.0,0.5,0.33546858023862597,"Medio
(15-35%)"
CR000448,CL00405,2025-10-03,Crédito libre inversión,1950000,6,0.0243,353000,App,798,0.1374,Automática,Mora moderada,0,1,56,0.8333333333333334,1,2023-05-08,Cundinamarca,Soacha,31,M,3,Técnico/Tecnólogo,Independiente,2570000.0,Campaña digital,604.0,True,0,iOS,hash_329707,0,0,10,975,3,1,1,0,4,0,0,0.9,0.1,139.3,1.0,0.5109079898190683,"Alto
(35-60%)"
CR000449,CL00406,2023-07-09,Crédito consumo digital,950000,6,0.12,176000,Call center,854,0.0765,Automática,Finalizado,1,0,0,1.0,0,2023-04-09,Antioquia,Medellín,42,F,4,Universitario,Empleado,2300000.0,Campaña digital,643.0,True,2,Android,hash_367885,0,0,13,1086,3,0,3,0,4,1,1,0.9230769230769232,0.0,220.53846153846155,0.0,0.22760249544543323,"Medio
(15-35%)"
CR000450,CL00406,2024-07-27,Crédito consumo digital,3300000,3,0.0344,1177000,App,836,0.5117,Manual,Finalizado,0,0,0,1.0,0,2023-04-09,Antioquia,Medellín,42,F,4,Universitario,Empleado,2300000.0,Campaña digital,643.0,True,2,Android,hash_367885,0,0,13,1086,3,0,3,0,4,1,1,0.9230769230769232,0.0,220.53846153846155,0.0,0.2860082437586982,"Medio
(15-35%)"
CR000451,CL00407,2025-05-14,Microcrédito,1500000,12,0.0352,155000,App,783,0.0622,Automática,Activo,0,0,0,1.0,0,2024-12-08,Antioquia,Medellín,25,M,3,Sin información,Empleado,2490000.0,Campaña digital,548.0,False,0,Android,hash_904253,0,0,7,224,1,0,0,0,6,0,0,0.8571428571428571,0.1428571428571428,105.57142857142856,0.0,0.4365925786519803,"Alto
(35-60%)"
CR000452,CL00408,2025-07-10,Crédito consumo digital,1250000,6,0.0319,232000,App,884,0.072,Automática,Finalizado,0,0,16,0.8333333333333334,1,2025-05-08,Bogotá D.C.,Bogotá,35,M,4,Técnico/Tecnólogo,Pensionado,3220000.0,Aliado comercial,588.0,True,0,Android,hash_243452,0,0,5,208,4,0,0,0,1,0,0,1.0,0.0,196.8,0.0,0.23544985857790773,"Medio
(15-35%)"
CR000453,CL00410,2024-10-13,Microcrédito,3550000,12,0.0359,369000,Call center,804,0.1157,Automática,Finalizado,0,0,6,0.8333333333333334,1,2024-06-18,Valle del Cauca,Cali,41,F,1,Universitario,Microempresario,3190000.0,Call center,546.0,True,1,Android,hash_491342,0,0,6,443,1,0,2,0,2,0,0,0.8333333333333334,0.1666666666666666,90.83333333333331,0.0,0.39348408199729124,"Alto
(35-60%)"
CR000454,CL00411,2025-09-01,Crédito consumo digital,4050000,3,0.0303,1433000,App,900,0.2334,Automática,Finalizado,0,0,0,1.0,0,2025-04-14,Bogotá D.C.,Bogotá,43,F,4,Bachiller,Empleado,6140000.0,Campaña digital,816.0,True,0,iOS,hash_280564,0,0,13,298,3,1,1,1,4,1,2,0.5384615384615384,0.2307692307692307,134.69230769230768,1.0,0.2008915222531396,"Medio
(15-35%)"
CR000455,CL00412,2026-01-15,Crédito consumo digital,800000,6,0.029,147000,App,873,0.0782,Automática,Activo,0,0,0,0.75,0,2025-09-21,Bogotá D.C.,Bogotá,25,F,2,Bachiller,Microempresario,1880000.0,App orgánico,545.0,False,0,Android,hash_750101,0,0,13,210,2,2,3,1,5,0,0,0.7692307692307693,0.1538461538461538,156.30769230769232,1.5,0.4044340786784522,"Alto
(35-60%)"
CR000456,CL00412,2026-02-12,Microcrédito,1500000,12,0.0279,149000,App,805,0.0793,Automática,Activo,0,0,6,0.0,2,2025-09-21,Bogotá D.C.,Bogotá,25,F,2,Bachiller,Microempresario,1880000.0,App orgánico,545.0,False,0,Android,hash_750101,0,0,13,210,2,2,3,1,5,0,0,0.7692307692307693,0.1538461538461538,156.30769230769232,1.5,0.4794339460440338,"Alto
(35-60%)"
CR000457,CL00413,2024-05-27,Crédito libre inversión,1250000,3,0.0243,437000,App,719,0.2241,Automática,Finalizado,0,0,0,1.0,0,2023-08-03,Antioquia,Medellín,21,F,2,Sin información,Comerciante,1950000.0,App orgánico,530.0,False,2,Android,hash_380064,0,0,15,885,5,1,1,1,6,0,0,0.8,0.1333333333333333,193.6,1.0,0.6473460262630748,"Muy alto
(> 60%)"
CR000458,CL00413,2025-04-17,Crédito consumo digital,1450000,6,0.0238,262000,Aliado,811,0.1344,Automática,Mora moderada,0,1,41,0.5,3,2023-08-03,Antioquia,Medellín,21,F,2,Sin información,Comerciante,1950000.0,App orgánico,530.0,False,2,Android,hash_380064,0,0,15,885,5,1,1,1,6,0,0,0.8,0.1333333333333333,193.6,1.0,0.6036277296523285,"Muy alto
(> 60%)"
CR000459,CL00414,2025-07-31,Microcrédito,4800000,12,0.031,485000,App,623,0.1488,Automática,Activo,0,0,0,1.0,0,2024-12-04,Bogotá D.C.,Bogotá,49,M,2,Técnico/Tecnólogo,Empleado,3260000.0,Campaña digital,588.0,False,0,Android,hash_114633,1,0,4,267,0,2,1,0,1,0,0,1.0,0.0,149.25,0.5,0.47532827474965295,"Alto
(35-60%)"
CR000460,CL00415,2024-06-24,Crédito consumo digital,900000,24,0.0228,49000,Web,758,0.0206,Automática,Activo,0,0,20,0.8333333333333334,1,2024-01-13,Tolima,Ibagué,39,M,2,Sin información,Microempresario,2380000.0,Aliado comercial,513.0,False,0,Android,hash_735462,0,0,13,778,6,1,0,0,5,0,1,0.9230769230769232,0.0,150.46153846153845,0.0,0.4165799597277814,"Alto
(35-60%)"
CR000461,CL00415,2025-08-21,Microcrédito,3400000,6,0.0389,646000,Web,774,0.2714,Automática,Finalizado,0,0,17,0.6666666666666666,2,2024-01-13,Tolima,Ibagué,39,M,2,Sin información,Microempresario,2380000.0,Aliado comercial,513.0,False,0,Android,hash_735462,0,0,13,778,6,1,0,0,5,0,1,0.9230769230769232,0.0,150.46153846153845,0.0,0.5594363450548231,"Alto
(35-60%)"
CR000462,CL00416,2025-06-01,Crédito consumo digital,1650000,12,0.0358,172000,Aliado,874,0.0435,Automática,Activo,0,0,0,1.0,0,2023-01-24,Risaralda,Pereira,29,F,1,Bachiller,Comerciante,3950000.0,App orgánico,610.0,True,2,iOS,hash_687069,0,0,14,991,6,0,3,1,3,0,1,0.7857142857142857,0.0714285714285714,122.78571428571428,0.0,0.21146294856747588,"Medio
(15-35%)"
CR000463,CL00416,2023-11-20,Avance de nómina,1200000,12,0.0249,117000,App,900,0.0296,Automática,Finalizado,0,0,0,1.0,0,2023-01-24,Risaralda,Pereira,29,F,1,Bachiller,Comerciante,3950000.0,App orgánico,610.0,True,2,iOS,hash_687069,0,0,14,991,6,0,3,1,3,0,1,0.7857142857142857,0.0714285714285714,122.78571428571428,0.0,0.19227518006879551,"Medio
(15-35%)"
CR000464,CL00417,2024-05-27,Microcrédito,2500000,6,0.0302,462000,App,900,0.14,Automática,Mora severa,0,1,109,0.8333333333333334,1,2023-08-15,Antioquia,Medellín,52,M,2,Técnico/Tecnólogo,Comerciante,3300000.0,Aliado comercial,634.0,True,4,Android,hash_445215,0,0,28,929,8,3,2,1,8,0,3,0.75,0.1071428571428571,164.5,0.6666666666666666,0.37756026790667363,"Alto
(35-60%)"
CR000465,CL00417,2023-10-15,Crédito consumo digital,450000,18,0.0355,34000,Aliado,900,0.0103,Automática,Finalizado,0,0,0,1.0,0,2023-08-15,Antioquia,Medellín,52,M,2,Técnico/Tecnólogo,Comerciante,3300000.0,Aliado comercial,634.0,True,4,Android,hash_445215,0,0,28,929,8,3,2,1,8,0,3,0.75,0.1071428571428571,164.5,0.6666666666666666,0.24871047084250197,"Medio
(15-35%)"
CR000466,CL00417,2026-01-26,Microcrédito,2050000,6,0.0385,389000,Call center,869,0.1179,Automática,Activo,0,0,4,0.6666666666666666,1,2023-08-15,Antioquia,Medellín,52,M,2,Técnico/Tecnólogo,Comerciante,3300000.0,Aliado comercial,634.0,True,4,Android,hash_445215,0,0,28,929,8,3,2,1,8,0,3,0.75,0.1071428571428571,164.5,0.6666666666666666,0.3384085264666036,"Medio
(15-35%)"
CR000467,CL00418,2025-12-31,Crédito libre inversión,1650000,6,0.0269,301000,App,815,0.0865,Automática,Activo,0,0,0,1.0,0,2024-10-18,Bogotá D.C.,Bogotá,37,F,3,Universitario,Independiente,3480000.0,Campaña digital,530.0,False,0,Android,hash_395625,0,0,8,442,4,0,1,0,2,1,0,0.875,0.125,237.25,0.0,0.48509849241468056,"Alto
(35-60%)"
CR000468,CL00420,2024-06-15,Crédito consumo digital,1550000,12,0.0203,147000,App,789,0.0735,Automática,Finalizado,0,0,0,1.0,0,2023-01-24,Santander,Bucaramanga,37,M,3,Posgrado,Estudiante,2000000.0,Aliado comercial,520.0,False,2,Android,hash_171468,0,0,7,954,2,2,1,0,2,0,0,0.8571428571428571,0.1428571428571428,116.57142857142856,0.5,0.46225635949842625,"Alto
(35-60%)"
CR000470,CL00422,2025-12-12,Crédito consumo digital,3550000,6,0.0223,639000,App,900,0.1551,Automática,Activo,0,0,0,0.8,0,2025-01-04,Antioquia,Medellín,54,F,4,Técnico/Tecnólogo,Microempresario,4120000.0,Campaña digital,765.0,True,2,iOS,hash_222772,0,0,8,321,3,1,0,0,2,0,0,1.0,0.0,114.5,0.0,0.1036767424059028,"Bajo
(< 15%)"
CR000471,CL00424,2025-09-02,Microcrédito,2500000,9,0.0303,322000,Aliado,776,0.1188,Automática,Activo,0,0,6,0.8333333333333334,1,2025-05-10,Bogotá D.C.,Bogotá,46,M,1,Posgrado,Empleado,2710000.0,Referido,582.0,False,1,Android,hash_941464,0,0,18,305,4,4,2,0,3,2,2,0.7222222222222222,0.1666666666666666,140.22222222222223,0.5,0.5690106802012751,"Alto
(35-60%)"
CR000472,CL00424,2025-12-20,Crédito libre inversión,7150000,24,0.0325,434000,App,810,0.1601,Automática,Mora moderada,0,1,57,0.5,2,2025-05-10,Bogotá D.C.,Bogotá,46,M,1,Posgrado,Empleado,2710000.0,Referido,582.0,False,1,Android,hash_941464,0,0,18,305,4,4,2,0,3,2,2,0.7222222222222222,0.1666666666666666,140.22222222222223,0.5,0.588862194410874,"Alto
(35-60%)"
CR000473,CL00425,2025-07-24,Avance de nómina,1850000,3,0.0224,644000,App,900,0.1651,Automática,Finalizado,0,0,22,0.6666666666666666,1,2024-09-26,Cundinamarca,Soacha,42,M,2,Sin información,Empleado,3900000.0,Aliado comercial,480.0,False,0,Android,hash_250494,0,0,3,178,2,0,1,0,0,0,0,0.6666666666666666,0.3333333333333333,136.0,0.0,0.42073931705742984,"Alto
(35-60%)"
CR000474,CL00426,2025-10-13,Crédito consumo digital,1800000,9,0.0278,229000,Web,819,0.1487,Automática,Activo,0,0,15,0.5,3,2023-07-16,Antioquia,Medellín,50,M,3,Técnico/Tecnólogo,Conductor/Repartidor,1540000.0,Campaña digital,524.0,True,2,iOS,hash_645501,0,0,7,863,1,1,1,1,2,0,1,0.5714285714285714,0.1428571428571428,159.42857142857142,1.0,0.5042780677159727,"Alto
(35-60%)"
CR000475,CL00427,2025-09-05,Crédito consumo digital,1800000,9,0.0303,232000,Web,831,0.0875,Automática,Activo,0,0,4,0.8333333333333334,1,2025-05-28,Atlántico,Barranquilla,26,M,3,Bachiller,Comerciante,2650000.0,Call center,473.0,False,2,iOS,hash_655877,0,0,14,333,3,1,2,0,5,1,0,0.9285714285714286,0.0714285714285714,162.5,2.0,0.4089001255722402,"Alto
(35-60%)"
CR000476,CL00427,2025-11-11,Microcrédito,800000,6,0.0449,155000,Aliado,812,0.0585,Automática,Mora severa,0,1,63,0.1666666666666666,4,2025-05-28,Atlántico,Barranquilla,26,M,3,Bachiller,Comerciante,2650000.0,Call center,473.0,False,2,iOS,hash_655877,0,0,14,333,3,1,2,0,5,1,0,0.9285714285714286,0.0714285714285714,162.5,2.0,0.4891428032036842,"Alto
(35-60%)"
CR000477,CL00428,2025-04-22,Avance de nómina,750000,3,0.028,264000,App,591,0.1217,Manual,Finalizado,0,0,0,1.0,0,2025-01-11,Antioquia,Medellín,43,M,4,Técnico/Tecnólogo,Empleado,2170000.0,Referido,588.0,True,0,Android,hash_966262,1,0,7,367,2,1,1,0,0,0,3,0.5714285714285714,0.0,134.57142857142858,1.0,0.4371191517172892,"Alto
(35-60%)"
CR000478,CL00430,2025-09-10,Crédito consumo digital,2650000,12,0.0381,279000,Call center,826,0.0813,Automática,Mora moderada,0,1,32,0.8333333333333334,1,2026-01-10,Antioquia,Medellín,19,F,6,Bachiller,Empleado,3430000.0,Campaña digital,630.0,False,0,Android,hash_818590,0,0,28,103,7,2,4,0,10,2,2,0.8571428571428571,0.0714285714285714,178.67857142857142,2.0,0.40766199024943317,"Alto
(35-60%)"
CR000479,CL00430,2026-01-18,Avance de nómina,1150000,9,0.0267,145000,App,900,0.0423,Automática,Activo,0,0,0,1.0,0,2026-01-10,Antioquia,Medellín,19,F,6,Bachiller,Empleado,3430000.0,Campaña digital,630.0,False,0,Android,hash_818590,0,0,28,103,7,2,4,0,10,2,2,0.8571428571428571,0.0714285714285714,178.67857142857142,2.0,0.2491193705558133,"Medio
(15-35%)"
CR000480,CL00430,2025-11-03,Avance de nómina,1900000,3,0.0285,670000,Aliado,881,0.1953,Automática,Finalizado,0,0,0,1.0,0,2026-01-10,Antioquia,Medellín,19,F,6,Bachiller,Empleado,3430000.0,Campaña digital,630.0,False,0,Android,hash_818590,0,0,28,103,7,2,4,0,10,2,2,0.8571428571428571,0.0714285714285714,178.67857142857142,2.0,0.30891727195026564,"Medio
(15-35%)"
CR000481,CL00431,2023-12-15,Crédito libre inversión,5200000,3,0.0199,1803000,App,763,0.6703,Excepción,Finalizado,0,0,27,0.3333333333333333,2,2023-11-20,Santander,Bucaramanga,24,F,2,Universitario,Independiente,2690000.0,App orgánico,491.0,False,0,Android,hash_722673,0,0,20,879,3,5,3,1,5,0,2,0.8,0.05,157.8,0.6,0.6010494578490913,"Muy alto
(> 60%)"
CR000482,CL00431,2025-09-27,Microcrédito,1250000,18,0.0383,97000,App,732,0.0361,Automática,Activo,0,0,4,0.6666666666666666,2,2023-11-20,Santander,Bucaramanga,24,F,2,Universitario,Independiente,2690000.0,App orgánico,491.0,False,0,Android,hash_722673,0,0,20,879,3,5,3,1,5,0,2,0.8,0.05,157.8,0.6,0.5310066082701319,"Alto
(35-60%)"
CR000483,CL00431,2025-09-21,Crédito consumo digital,800000,3,0.0201,277000,Aliado,820,0.103,Automática,Finalizado,0,0,0,1.0,0,2023-11-20,Santander,Bucaramanga,24,F,2,Universitario,Independiente,2690000.0,App orgánico,491.0,False,0,Android,hash_722673,0,0,20,879,3,5,3,1,5,0,2,0.8,0.05,157.8,0.6,0.40932443834071536,"Alto
(35-60%)"
CR000484,CL00433,2025-12-24,Crédito consumo digital,1800000,6,0.0323,335000,Web,831,0.0748,Automática,Activo,0,0,0,1.0,0,2025-08-19,Bogotá D.C.,Bogotá,33,M,6,Sin información,Microempresario,4480000.0,App orgánico,624.0,True,0,Android,hash_533855,0,0,8,227,4,2,0,0,1,0,1,0.75,0.125,187.75,0.0,0.20866237470802193,"Medio
(15-35%)"
CR000485,CL00434,2025-08-06,Crédito libre inversión,2350000,12,0.0309,237000,App,569,0.0905,Manual,Activo,0,0,22,0.5,3,2025-03-24,Norte de Santander,Cúcuta,43,F,1,Técnico/Tecnólogo,Conductor/Repartidor,2620000.0,App orgánico,588.0,False,0,Android,hash_171524,1,0,11,270,6,0,0,0,3,1,1,0.7272727272727273,0.1818181818181818,121.0909090909091,0.0,0.4535769950072312,"Alto
(35-60%)"
CR000487,CL00436,2025-07-27,Crédito consumo digital,700000,3,0.0281,247000,App,774,0.135,Automática,Finalizado,0,0,0,1.0,0,2023-05-27,Bogotá D.C.,Bogotá,37,M,2,Universitario,Empleado,1830000.0,Aliado comercial,505.0,True,1,Web,hash_437232,0,0,10,993,3,1,0,0,2,1,2,0.8,0.0,92.2,0.0,0.41409750223570413,"Alto
(35-60%)"
CR000488,CL00437,2025-04-28,Crédito consumo digital,850000,6,0.0277,156000,Call center,814,0.0796,Automática,Finalizado,0,0,26,0.8333333333333334,1,2025-01-05,Bogotá D.C.,Bogotá,52,M,3,Sin información,Comerciante,1960000.0,Referido,662.0,False,1,Android,hash_205940,0,0,12,401,2,2,0,2,3,0,1,0.75,0.0,174.08333333333334,0.0,0.27975692188302176,"Medio
(15-35%)"
CR000489,CL00438,2024-08-27,Crédito consumo digital,1500000,6,0.0201,268000,App,900,0.077,Automática,Finalizado,0,0,0,1.0,0,2024-08-06,Santander,Bucaramanga,22,M,3,Universitario,Empleado,3480000.0,Aliado comercial,709.0,True,1,iOS,hash_424792,0,0,15,501,3,1,3,1,4,0,2,0.7333333333333333,0.0666666666666666,162.06666666666666,3.0,0.1758270721586238,"Medio
(15-35%)"
CR000490,CL00438,2025-07-27,Avance de nómina,1000000,6,0.0238,181000,Aliado,900,0.052,Automática,Finalizado,0,0,0,1.0,0,2024-08-06,Santander,Bucaramanga,22,M,3,Universitario,Empleado,3480000.0,Aliado comercial,709.0,True,1,iOS,hash_424792,0,0,15,501,3,1,3,1,4,0,2,0.7333333333333333,0.0666666666666666,162.06666666666666,3.0,0.18549905225181734,"Medio
(15-35%)"
CR000491,CL00439,2024-10-27,Crédito consumo digital,2000000,3,0.0299,707000,App,874,0.1817,Automática,Mora moderada,0,1,53,0.6666666666666666,1,2024-09-22,Bogotá D.C.,Bogotá,19,M,2,Universitario,Empleado,3890000.0,Referido,624.0,False,2,Android,hash_881707,0,0,5,101,2,1,0,0,2,0,0,0.8,0.2,161.6,0.0,0.43775282141342325,"Alto
(35-60%)"
CR000492,CL00440,2025-07-19,Microcrédito,1600000,18,0.0424,129000,App,766,0.1554,Automática,Mora moderada,0,1,58,0.5,3,2025-04-25,Bogotá D.C.,Bogotá,35,F,5,Universitario,Desempleado,830000.0,App orgánico,520.0,False,2,iOS,hash_616404,0,0,6,170,2,2,0,1,0,0,1,0.6666666666666666,0.0,115.16666666666669,0.0,0.5784263198370572,"Alto
(35-60%)"
CR000493,CL00441,2025-10-24,Microcrédito,500000,6,0.0285,92000,Aliado,756,0.1484,Automática,Mora severa,0,1,108,0.5,3,2025-07-08,Antioquia,Medellín,40,F,3,Bachiller,Desempleado,620000.0,Call center,548.0,False,0,Android,hash_925325,0,0,12,208,6,2,1,0,0,0,0,0.9166666666666666,0.0833333333333333,222.33333333333331,0.5,0.6862403565031072,"Muy alto
(> 60%)"
CR000495,CL00442,2025-10-06,Crédito consumo digital,900000,3,0.0335,320000,App,548,0.1208,Manual,Mora moderada,0,1,32,0.6666666666666666,1,2025-06-23,Cundinamarca,Soacha,36,F,3,Bachiller,Empleado,2650000.0,Referido,588.0,True,0,iOS,hash_957398,1,0,18,244,4,6,2,1,2,0,1,0.7222222222222222,0.1666666666666666,193.22222222222223,0.3333333333333333,0.5461152400474386,"Alto
(35-60%)"
CR000496,CL00442,2025-07-04,Crédito consumo digital,1600000,6,0.0229,288000,Aliado,598,0.1087,Manual,Mora moderada,0,1,42,0.6666666666666666,2,2025-06-23,Cundinamarca,Soacha,36,F,3,Bachiller,Empleado,2650000.0,Referido,588.0,True,0,iOS,hash_957398,1,0,18,244,4,6,2,1,2,0,1,0.7222222222222222,0.1666666666666666,193.22222222222223,0.3333333333333333,0.5676904149830482,"Alto
(35-60%)"
CR000497,CL00443,2025-11-13,Microcrédito,2550000,12,0.0445,279000,Call center,878,0.0883,Automática,Activo,0,0,1,0.6666666666666666,1,2024-05-17,Norte de Santander,Cúcuta,19,F,3,Sin información,Conductor/Repartidor,3160000.0,Campaña digital,568.0,False,1,Android,hash_154645,0,0,14,658,3,2,3,0,2,2,1,0.7857142857142857,0.1428571428571428,100.78571428571428,1.5,0.49893274670502535,"Alto
(35-60%)"
CR000498,CL00443,2026-01-10,Crédito libre inversión,2800000,3,0.0289,988000,App,859,0.3127,Automática,Mora moderada,0,1,51,0.0,3,2024-05-17,Norte de Santander,Cúcuta,19,F,3,Sin información,Conductor/Repartidor,3160000.0,Campaña digital,568.0,False,1,Android,hash_154645,0,0,14,658,3,2,3,0,2,2,1,0.7857142857142857,0.1428571428571428,100.78571428571428,1.5,0.5991258457494186,"Alto
(35-60%)"
CR000499,CL00444,2025-09-06,Microcrédito,5000000,9,0.0315,647000,App,898,0.1609,Automática,Activo,0,0,0,1.0,0,2025-02-27,Antioquia,Medellín,35,F,3,Técnico/Tecnólogo,Empleado,4020000.0,Campaña digital,676.0,True,2,iOS,hash_799438,0,0,6,217,2,1,1,0,0,0,2,0.6666666666666666,0.0,146.5,1.0,0.21876537753751316,"Medio
(15-35%)"
CR000500,CL00445,2026-02-14,Crédito libre inversión,5050000,9,0.0268,639000,App,825,0.2708,Automática,Activo,0,0,0,0.6666666666666666,0,2024-09-22,Antioquia,Medellín,23,M,3,Bachiller,Independiente,2360000.0,App orgánico,604.0,True,4,Android,hash_556120,0,0,10,463,3,0,1,1,4,0,1,0.7,0.1,163.5,0.0,0.46608102347140706,"Alto
(35-60%)"
CR000502,CL00447,2025-07-02,Crédito libre inversión,9450000,12,0.0199,893000,Aliado,900,0.1436,Automática,Activo,0,0,0,1.0,0,2023-12-20,Cundinamarca,Soacha,40,F,3,Técnico/Tecnólogo,Microempresario,6220000.0,Campaña digital,815.0,False,1,Android,hash_978383,0,0,16,786,7,1,3,1,3,1,0,0.875,0.0625,103.1875,3.0,0.15265784398430904,"Medio
(15-35%)"
CR000503,CL00447,2024-10-17,Crédito consumo digital,2700000,3,0.0299,954000,App,900,0.1534,Automática,Finalizado,0,0,0,1.0,0,2023-12-20,Cundinamarca,Soacha,40,F,3,Técnico/Tecnólogo,Microempresario,6220000.0,Campaña digital,815.0,False,1,Android,hash_978383,0,0,16,786,7,1,3,1,3,1,0,0.875,0.0625,103.1875,3.0,0.14485531235676924,"Bajo
(< 15%)"
CR000504,CL00449,2025-12-16,Crédito consumo digital,500000,12,0.0376,53000,App,628,0.0791,Automática,Mora moderada,0,1,45,0.0,4,2025-06-25,Valle del Cauca,Cali,31,M,1,Sin información,Desempleado,670000.0,App orgánico,389.0,False,0,Android,hash_374383,0,0,12,217,3,1,2,0,2,3,0,0.8333333333333334,0.1666666666666666,174.16666666666666,2.0,0.687652706767782,"Muy alto
(> 60%)"
CR000505,CL00449,2025-12-26,Crédito libre inversión,400000,3,0.0214,139000,App,689,0.2075,Automática,Finalizado,0,0,29,0.0,3,2025-06-25,Valle del Cauca,Cali,31,M,1,Sin información,Desempleado,670000.0,App orgánico,389.0,False,0,Android,hash_374383,0,0,12,217,3,1,2,0,2,3,0,0.8333333333333334,0.1666666666666666,174.16666666666666,2.0,0.6777652134921243,"Muy alto
(> 60%)"
CR000507,CL00450,2025-06-12,Crédito consumo digital,1750000,9,0.0212,216000,App,860,0.0774,Automática,Finalizado,0,0,0,1.0,0,2025-02-22,Valle del Cauca,Cali,25,No informa,1,Posgrado,Comerciante,2790000.0,Referido,529.0,False,1,Android,hash_556566,0,0,21,400,7,1,2,0,7,2,2,0.7142857142857143,0.1904761904761904,194.0,2.0,0.35876446516147026,"Alto
(35-60%)"
CR000508,CL00451,2024-11-22,Crédito consumo digital,1100000,6,0.0374,208000,Aliado,900,0.1189,Automática,Finalizado,0,0,0,1.0,0,2023-04-08,Bogotá D.C.,Bogotá,35,F,2,Bachiller,Empleado,1750000.0,Referido,598.0,True,3,Android,hash_199280,0,0,8,1069,3,2,1,0,1,0,1,0.75,0.125,155.25,0.5,0.32962081873314636,"Medio
(15-35%)"
CR000509,CL00452,2025-11-01,Crédito consumo digital,650000,12,0.0326,66000,App,897,0.0278,Automática,Activo,0,0,4,0.8333333333333334,1,2023-05-24,Tolima,Ibagué,46,M,2,Técnico/Tecnólogo,Microempresario,2370000.0,App orgánico,545.0,False,2,Android,hash_371609,0,0,18,924,6,3,3,0,3,0,3,0.5555555555555556,0.2777777777777778,152.44444444444446,1.0,0.42913977011109067,"Alto
(35-60%)"
CR000510,CL00453,2024-03-01,Crédito consumo digital,1450000,6,0.0219,261000,App,795,0.0853,Automática,Finalizado,0,0,0,1.0,0,2023-09-25,Cundinamarca,Soacha,26,M,4,Universitario,Conductor/Repartidor,3060000.0,Campaña digital,556.0,False,3,Android,hash_907856,0,0,13,847,5,3,3,0,2,0,0,0.8461538461538461,0.1538461538461538,183.23076923076923,1.0,0.42792889885970836,"Alto
(35-60%)"
CR000511,CL00453,2023-12-29,Crédito libre inversión,3500000,12,0.0246,340000,Web,861,0.1111,Automática,Finalizado,0,0,26,0.8333333333333334,1,2023-09-25,Cundinamarca,Soacha,26,M,4,Universitario,Conductor/Repartidor,3060000.0,Campaña digital,556.0,False,3,Android,hash_907856,0,0,13,847,5,3,3,0,2,0,0,0.8461538461538461,0.1538461538461538,183.23076923076923,1.0,0.46351361254521023,"Alto
(35-60%)"
CR000512,CL00454,2025-06-24,Avance de nómina,2150000,12,0.0263,211000,App,887,0.0643,Automática,Activo,0,0,0,1.0,0,2024-10-30,Bogotá D.C.,Bogotá,41,M,2,Bachiller,Empleado,3280000.0,Campaña digital,574.0,False,0,Android,hash_958734,0,0,8,384,2,0,1,0,2,0,0,0.875,0.125,184.5,0.0,0.2765325244484048,"Medio
(15-35%)"
CR000513,CL00456,2025-06-16,Crédito libre inversión,8850000,6,0.0245,1604000,Aliado,854,1.2,Manual,Mora severa,0,1,63,0.6666666666666666,2,2024-04-29,Bogotá D.C.,Bogotá,28,M,5,Técnico/Tecnólogo,Empleado,3490000.0,Campaña digital,681.0,True,2,Android,hash_742931,0,0,11,663,2,1,0,1,4,0,2,0.5454545454545454,0.1818181818181818,207.0909090909091,0.0,0.3395207684874042,"Medio
(15-35%)"
CR000514,CL00458,2026-01-26,Microcrédito,4450000,9,0.0428,606000,Web,900,0.115,Automática,Activo,0,0,0,1.0,0,2025-09-27,Bogotá D.C.,Bogotá,26,F,4,Universitario,Empleado,5270000.0,Campaña digital,661.0,False,1,iOS,hash_643028,0,0,11,192,5,0,3,0,1,1,0,1.0,0.0,146.0,0.0,0.22177212922716613,"Medio
(15-35%)"
CR000515,CL00458,2026-01-28,Crédito consumo digital,3050000,18,0.0202,204000,Web,900,0.0387,Automática,Activo,0,0,0,1.0,0,2025-09-27,Bogotá D.C.,Bogotá,26,F,4,Universitario,Empleado,5270000.0,Campaña digital,661.0,False,1,iOS,hash_643028,0,0,11,192,5,0,3,0,1,1,0,1.0,0.0,146.0,0.0,0.1350182474863951,"Bajo
(< 15%)"
CR000516,CL00459,2025-10-15,Avance de nómina,4100000,12,0.0231,395000,Aliado,900,0.0434,Automática,Activo,0,0,0,1.0,0,2025-07-25,Bogotá D.C.,Bogotá,30,F,5,Bachiller,Empleado,9110000.0,Campaña digital,850.0,True,0,iOS,hash_992135,0,0,8,272,3,1,1,2,1,0,0,0.5,0.25,162.5,1.0,0.13270181619740537,"Bajo
(< 15%)"
CR000517,CL00460,2025-12-01,Avance de nómina,550000,9,0.0218,68000,App,803,0.0289,Automática,Activo,0,0,0,0.8,0,2026-01-07,Antioquia,Medellín,24,M,3,Bachiller,Empleado,2350000.0,App orgánico,623.0,True,1,iOS,hash_420589,0,0,14,109,3,3,2,0,2,0,3,0.6428571428571429,0.1428571428571428,136.85714285714286,0.6666666666666666,0.33428923025980206,"Medio
(15-35%)"
CR000518,CL00461,2025-08-20,Avance de nómina,1350000,6,0.0215,242000,App,867,0.1407,Automática,Finalizado,0,0,0,1.0,0,2025-05-26,Atlántico,Barranquilla,56,F,1,Bachiller,Empleado,1720000.0,Call center,631.0,True,0,iOS,hash_430057,0,0,7,260,3,0,1,1,1,0,1,0.5714285714285714,0.1428571428571428,180.42857142857144,0.0,0.27984811659751296,"Medio
(15-35%)"
CR000519,CL00462,2025-07-03,Microcrédito,2150000,9,0.0261,271000,App,838,0.0968,Automática,Finalizado,0,0,0,1.0,0,2025-02-23,Antioquia,Medellín,36,M,3,Bachiller,Independiente,2800000.0,Aliado comercial,660.0,False,0,Android,hash_861447,0,0,15,410,5,2,1,1,2,1,2,0.6,0.2,194.53333333333333,0.5,0.25748748859675996,"Medio
(15-35%)"
CR000520,CL00463,2025-05-24,Crédito libre inversión,3350000,18,0.0242,232000,App,839,0.0856,Automática,Activo,0,0,0,1.0,0,2024-08-02,Tolima,Ibagué,29,F,3,Bachiller,Empleado,2710000.0,App orgánico,624.0,False,4,Android,hash_183721,0,0,10,470,2,3,1,1,0,0,1,0.6,0.2,131.1,0.3333333333333333,0.29218937523643734,"Medio
(15-35%)"
CR000521,CL00464,2025-07-06,Crédito libre inversión,2050000,12,0.03,206000,Aliado,895,0.1205,Automática,Mora moderada,0,1,53,0.8333333333333334,1,2025-12-06,Tolima,Ibagué,38,No informa,1,Técnico/Tecnólogo,Independiente,1710000.0,Campaña digital,636.0,True,1,Android,hash_596409,0,0,5,114,2,0,1,0,2,0,0,0.8,0.2,178.0,0.0,0.4769556079601751,"Alto
(35-60%)"
CR000522,CL00467,2025-05-18,Crédito libre inversión,3150000,9,0.019,384000,App,787,0.2021,Automática,Mora moderada,0,1,51,0.3333333333333333,4,2024-05-24,Bogotá D.C.,Bogotá,42,M,2,Bachiller,Independiente,1900000.0,Campaña digital,493.0,False,0,Web,hash_642740,0,0,15,693,3,1,4,1,3,0,2,0.7333333333333333,0.0666666666666666,232.13333333333333,4.0,0.7048052408492024,"Muy alto
(> 60%)"
CR000523,CL00467,2024-06-30,Microcrédito,3100000,3,0.0357,1108000,App,665,0.5832,Excepción,Mora severa,0,1,60,0.0,3,2024-05-24,Bogotá D.C.,Bogotá,42,M,2,Bachiller,Independiente,1900000.0,Campaña digital,493.0,False,0,Web,hash_642740,0,0,15,693,3,1,4,1,3,0,2,0.7333333333333333,0.0666666666666666,232.13333333333333,4.0,0.615117359629256,"Muy alto
(> 60%)"
CR000524,CL00468,2026-02-12,Crédito libre inversión,4000000,12,0.0273,395000,App,900,0.0766,Automática,Activo,0,0,0,0.6666666666666666,0,2025-01-15,Meta,Villavicencio,44,M,5,Posgrado,Empleado,5160000.0,Campaña digital,779.0,True,0,Android,hash_749014,0,0,8,320,2,2,0,0,2,0,1,0.875,0.0,166.875,0.0,0.09381496019456277,"Bajo
(< 15%)"
CR000525,CL00469,2024-05-12,Crédito libre inversión,1100000,12,0.0306,111000,App,648,0.1078,Automática,Mora severa,0,0,19,0.3333333333333333,4,2024-01-23,Risaralda,Pereira,31,M,2,Universitario,Estudiante,1030000.0,Campaña digital,429.0,True,3,iOS,hash_790200,0,0,14,720,6,2,0,1,1,1,1,0.7857142857142857,0.0714285714285714,115.92857142857144,0.0,0.6012213561998252,"Muy alto
(> 60%)"
CR000526,CL00471,2024-10-30,Crédito consumo digital,450000,3,0.0321,160000,Web,646,0.1758,Automática,Finalizado,0,0,0,1.0,0,2024-09-25,Bogotá D.C.,Bogotá,33,F,2,Universitario,Estudiante,910000.0,App orgánico,370.0,True,2,Web,hash_335603,0,0,11,456,2,3,0,0,1,3,2,0.6363636363636364,0.1818181818181818,169.0909090909091,0.0,0.6180746771120973,"Muy alto
(> 60%)"
CR000527,CL00472,2025-10-24,Crédito consumo digital,1550000,6,0.0202,277000,Web,787,0.0972,Automática,Activo,0,0,6,0.8333333333333334,1,2024-06-02,Bogotá D.C.,Bogotá,19,M,2,Universitario,Independiente,2850000.0,Aliado comercial,590.0,True,1,Android,hash_831385,0,0,17,671,6,3,3,0,3,0,1,0.7647058823529411,0.1764705882352941,147.47058823529412,1.0,0.514509023997817,"Alto
(35-60%)"
CR000529,CL00474,2025-06-16,Microcrédito,2200000,6,0.0254,400000,Web,806,0.2235,Automática,Finalizado,0,0,17,0.8333333333333334,1,2025-07-04,Santander,Bucaramanga,50,M,3,Universitario,Comerciante,1790000.0,Campaña digital,548.0,True,2,Android,hash_103679,0,0,4,220,2,0,0,0,1,0,1,0.75,0.0,166.25,0.0,0.6110027487581395,"Muy alto
(> 60%)"
CR000530,CL00475,2024-02-28,Crédito consumo digital,1050000,6,0.0371,198000,App,756,0.0975,Automática,Finalizado,0,0,19,0.8333333333333334,1,2023-09-19,Cundinamarca,Soacha,52,M,2,Bachiller,Comerciante,2030000.0,Call center,521.0,False,1,Android,hash_982143,0,0,15,866,3,6,3,0,2,1,0,0.8666666666666667,0.1333333333333333,207.86666666666667,0.5,0.45347819716375354,"Alto
(35-60%)"
CR000531,CL00477,2023-10-28,Crédito libre inversión,2550000,6,0.018,452000,App,900,0.1759,Automática,Finalizado,0,0,0,1.0,0,2023-01-25,Bogotá D.C.,Bogotá,42,F,2,Técnico/Tecnólogo,Empleado,2950000.0,Referido,613.0,False,0,Web,hash_180636,0,0,10,990,1,1,1,0,5,0,1,0.9,0.0,191.6,1.0,0.23432659039095977,"Medio
(15-35%)"
CR000532,CL00478,2024-11-06,Crédito libre inversión,2300000,9,0.017,278000,App,820,0.1173,Automática,Mora severa,0,1,81,0.8333333333333334,1,2024-01-03,Bogotá D.C.,Bogotá,39,F,2,Técnico/Tecnólogo,Empleado,2370000.0,Campaña digital,583.0,False,4,Android,hash_312628,0,0,6,723,1,0,1,0,2,1,0,0.8333333333333334,0.1666666666666666,138.83333333333334,0.0,0.5442465419648941,"Alto
(35-60%)"
CR000533,CL00479,2025-10-03,Crédito consumo digital,3150000,9,0.0281,401000,App,869,0.1315,Automática,Activo,0,0,0,1.0,0,2024-10-02,Caldas,Manizales,67,M,3,Técnico/Tecnólogo,Empleado,3050000.0,Aliado comercial,650.0,False,0,Android,hash_572694,0,0,12,542,1,4,3,0,2,0,2,0.5833333333333334,0.25,136.75,0.75,0.3347985150766928,"Medio
(15-35%)"
CR000534,CL00480,2025-09-03,Crédito consumo digital,2550000,6,0.0223,459000,Aliado,897,0.1622,Automática,Finalizado,0,0,0,1.0,0,2023-11-06,Antioquia,Medellín,47,M,5,Universitario,Empleado,2830000.0,Campaña digital,721.0,False,0,iOS,hash_723756,0,0,14,867,7,2,1,0,0,1,1,0.8571428571428571,0.0714285714285714,100.35714285714286,0.5,0.18735956167281603,"Medio
(15-35%)"
CR000535,CL00482,2025-06-03,Microcrédito,2750000,12,0.0385,290000,App,900,0.097,Automática,Activo,0,0,0,1.0,0,2025-09-25,Risaralda,Pereira,26,M,3,Bachiller,Conductor/Repartidor,2990000.0,Campaña digital,628.0,False,0,Android,hash_168247,0,0,22,196,6,1,5,0,5,1,4,0.6363636363636364,0.1818181818181818,164.1818181818182,5.0,0.25927094446289795,"Medio
(15-35%)"
CR000536,CL00482,2025-12-19,Crédito libre inversión,3200000,3,0.0205,1111000,Aliado,815,0.3716,Manual,Finalizado,0,0,0,1.0,0,2025-09-25,Risaralda,Pereira,26,M,3,Bachiller,Conductor/Repartidor,2990000.0,Campaña digital,628.0,False,0,Android,hash_168247,0,0,22,196,6,1,5,0,5,1,4,0.6363636363636364,0.1818181818181818,164.1818181818182,5.0,0.34466861554507927,"Medio
(15-35%)"
CR000537,CL00482,2025-09-15,Crédito consumo digital,2050000,24,0.0373,131000,App,833,0.0438,Automática,Activo,0,0,0,1.0,0,2025-09-25,Risaralda,Pereira,26,M,3,Bachiller,Conductor/Repartidor,2990000.0,Campaña digital,628.0,False,0,Android,hash_168247,0,0,22,196,6,1,5,0,5,1,4,0.6363636363636364,0.1818181818181818,164.1818181818182,5.0,0.2151030871754339,"Medio
(15-35%)"
CR000538,CL00483,2024-12-25,Microcrédito,6300000,3,0.0378,2261000,App,900,0.4172,Manual,Finalizado,0,0,0,1.0,0,2024-06-18,Norte de Santander,Cúcuta,20,M,3,Técnico/Tecnólogo,Empleado,5420000.0,Campaña digital,672.0,True,0,Android,hash_939232,0,0,10,621,3,1,1,0,5,0,0,1.0,0.0,189.4,1.0,0.3026689773384298,"Medio
(15-35%)"
CR000539,CL00485,2025-03-23,Crédito consumo digital,1450000,12,0.0265,143000,App,814,0.0586,Automática,Mora moderada,0,1,47,0.5,3,2023-09-16,Bogotá D.C.,Barranquilla,28,M,2,Sin información,Independiente,2440000.0,App orgánico,584.0,False,1,Android,hash_865372,0,0,18,898,7,1,1,0,6,1,1,0.6666666666666666,0.2777777777777778,194.5,1.0,0.4357004194294635,"Alto
(35-60%)"
CR000540,CL00485,2023-11-28,Crédito consumo digital,950000,9,0.0303,122000,App,845,0.05,Automática,Finalizado,0,0,17,0.8333333333333334,1,2023-09-16,Bogotá D.C.,Barranquilla,28,M,2,Sin información,Independiente,2440000.0,App orgánico,584.0,False,1,Android,hash_865372,0,0,18,898,7,1,1,0,6,1,1,0.6666666666666666,0.2777777777777778,194.5,1.0,0.39193601524883415,"Alto
(35-60%)"
CR000541,CL00486,2024-10-15,Crédito consumo digital,1400000,9,0.0343,183000,App,900,0.032,Automática,Finalizado,0,0,0,1.0,0,2023-02-02,Valle del Cauca,Cali,22,M,2,Universitario,Comerciante,5720000.0,App orgánico,630.0,True,2,Android,hash_560221,0,0,5,519,3,0,1,0,1,0,0,0.6,0.4,144.6,0.0,0.23494103369953717,"Medio
(15-35%)"
CR000542,CL00487,2024-12-26,Crédito consumo digital,1450000,3,0.0331,516000,App,900,0.2177,Automática,Finalizado,0,0,0,1.0,0,2024-07-16,Antioquia,Medellín,30,M,3,Universitario,Independiente,2370000.0,Referido,743.0,False,0,Android,hash_441115,0,0,9,479,6,2,0,0,1,0,0,0.8888888888888888,0.1111111111111111,155.22222222222223,0.0,0.24674440895907526,"Medio
(15-35%)"
CR000543,CL00488,2024-05-16,Microcrédito,650000,12,0.0301,65000,App,712,0.067,Automática,Mora moderada,0,1,54,0.6666666666666666,2,2023-09-07,Antioquia,Medellín,25,M,3,Posgrado,Estudiante,970000.0,App orgánico,552.0,False,0,Android,hash_888356,0,0,5,907,1,0,1,1,2,0,0,0.6,0.2,175.2,0.0,0.6776036683115301,"Muy alto
(> 60%)"
CR000544,CL00489,2024-08-27,Microcrédito,5900000,18,0.0362,452000,App,900,0.0873,Automática,Finalizado,0,0,0,1.0,0,2023-07-25,Bogotá D.C.,Bogotá,53,M,3,Técnico/Tecnólogo,Microempresario,5180000.0,App orgánico,840.0,False,1,Android,hash_492838,0,0,13,774,3,1,1,1,1,2,3,0.5384615384615384,0.1538461538461538,169.15384615384616,1.0,0.1892312194313562,"Medio
(15-35%)"
CR000545,CL00489,2024-09-22,Avance de nómina,1700000,12,0.0219,163000,App,900,0.0315,Automática,Finalizado,0,0,0,1.0,0,2023-07-25,Bogotá D.C.,Bogotá,53,M,3,Técnico/Tecnólogo,Microempresario,5180000.0,App orgánico,840.0,False,1,Android,hash_492838,0,0,13,774,3,1,1,1,1,2,3,0.5384615384615384,0.1538461538461538,169.15384615384616,1.0,0.1464409307930274,"Bajo
(< 15%)"
CR000546,CL00490,2024-02-05,Crédito libre inversión,5750000,6,0.0258,1047000,Aliado,838,0.3739,Manual,Finalizado,0,0,21,0.8333333333333334,1,2023-12-14,Santander,Bucaramanga,45,M,6,Sin información,Independiente,2800000.0,App orgánico,609.0,False,2,iOS,hash_210234,0,0,11,853,5,1,2,0,1,0,0,1.0,0.0,154.9090909090909,2.0,0.3843808808168052,"Alto
(35-60%)"
CR000548,CL00492,2025-08-06,Microcrédito,4250000,9,0.0307,548000,App,900,0.1243,Automática,Activo,0,0,0,1.0,0,2023-08-09,Tolima,Ibagué,51,F,2,Bachiller,Empleado,4410000.0,Referido,684.0,False,3,iOS,hash_350476,0,0,21,950,8,2,2,0,6,0,2,0.7142857142857143,0.1904761904761904,144.38095238095238,1.0,0.15366665752264286,"Medio
(15-35%)"
CR000549,CL00492,2025-02-25,Crédito consumo digital,3450000,18,0.0373,267000,Web,900,0.0605,Automática,Activo,0,0,0,1.0,0,2023-08-09,Tolima,Ibagué,51,F,2,Bachiller,Empleado,4410000.0,Referido,684.0,False,3,iOS,hash_350476,0,0,21,950,8,2,2,0,6,0,2,0.7142857142857143,0.1904761904761904,144.38095238095238,1.0,0.11917880169693795,"Bajo
(< 15%)"
CR000550,CL00493,2024-01-05,Crédito consumo digital,25000000,12,0.035,2587000,App,900,0.0216,Automática,Mora moderada,0,1,48,0.5,3,2023-04-24,Atlántico,Barranquilla,37,M,2,Técnico/Tecnólogo,Independiente,120000000.0,Aliado comercial,555.0,False,2,Android,hash_205474,0,0,6,606,0,3,1,0,2,0,0,0.6666666666666666,0.3333333333333333,118.83333333333331,0.3333333333333333,0.5048583413520417,"Alto
(35-60%)"
CR000551,CL00495,2024-08-01,Microcrédito,1900000,12,0.0404,203000,App,873,0.0796,Automática,Finalizado,0,0,0,1.0,0,2023-05-12,Bogotá D.C.,Bogotá,51,M,3,Técnico/Tecnólogo,Empleado,2550000.0,Campaña digital,581.0,False,0,iOS,hash_434937,0,0,12,1058,4,1,1,0,5,1,0,0.8333333333333334,0.1666666666666666,169.5,1.0,0.408221349652903,"Alto
(35-60%)"
CR000552,CL00496,2024-04-09,Crédito libre inversión,5300000,6,0.0261,966000,App,799,0.2825,Automática,Finalizado,0,0,0,1.0,0,2023-03-19,Bogotá D.C.,Bogotá,41,F,4,Técnico/Tecnólogo,Empleado,3420000.0,App orgánico,596.0,False,2,Android,hash_264164,0,0,13,766,1,2,1,0,3,4,1,0.6153846153846154,0.3076923076923077,121.46153846153848,0.5,0.46784001630665095,"Alto
(35-60%)"
CR000553,CL00497,2024-02-16,Crédito libre inversión,10050000,18,0.0219,681000,Aliado,900,0.1214,Automática,Mora severa,0,0,0,1.0,0,2023-09-28,Bogotá D.C.,Bogotá,26,M,2,Técnico/Tecnólogo,Empleado,5610000.0,App orgánico,680.0,False,0,Android,hash_103420,0,0,6,760,2,1,1,0,1,0,0,0.8333333333333334,0.1666666666666666,187.0,1.0,0.1901050206874043,"Medio
(15-35%)"
CR000554,CL00499,2023-08-20,Crédito consumo digital,600000,6,0.0319,111000,App,702,0.0816,Automática,Mora severa,0,1,87,0.5,3,2023-03-07,Norte de Santander,Cúcuta,27,F,4,Bachiller,Estudiante,1360000.0,App orgánico,420.0,False,1,iOS,hash_208806,0,0,9,1021,2,1,1,1,4,0,0,0.6666666666666666,0.2222222222222222,143.11111111111111,1.0,0.6811084558317495,"Muy alto
(> 60%)"
CR000555,CL00500,2024-01-20,Crédito consumo digital,1800000,6,0.0323,335000,App,812,0.1701,Automática,Mora severa,0,1,70,0.6666666666666666,2,2023-07-16,Antioquia,Medellín,22,F,2,Universitario,Empleado,1970000.0,Referido,614.0,False,2,Android,hash_759285,0,0,13,867,4,0,3,0,2,1,3,0.6923076923076923,0.0769230769230769,162.3846153846154,0.0,0.42887963263039636,"Alto
(35-60%)"
CR000556,CL00500,2025-07-17,Crédito consumo digital,450000,3,0.0351,161000,App,898,0.0817,Automática,Finalizado,0,0,0,1.0,0,2023-07-16,Antioquia,Medellín,22,F,2,Universitario,Empleado,1970000.0,Referido,614.0,False,2,Android,hash_759285,0,0,13,867,4,0,3,0,2,1,3,0.6923076923076923,0.0769230769230769,162.3846153846154,0.0,0.2980347084497899,"Medio
(15-35%)"
CR000557,CL00501,2025-11-18,Crédito consumo digital,350000,3,0.0231,122000,Aliado,751,0.1743,Automática,Finalizado,0,0,24,0.3333333333333333,2,2025-06-28,Valle del Cauca,Cali,45,M,3,Universitario,Desempleado,700000.0,Referido,528.0,False,1,Android,hash_566783,0,0,12,277,6,0,0,0,0,1,3,0.6666666666666666,0.0833333333333333,166.5,0.0,0.58195376063122,"Alto
(35-60%)"
CR000559,CL00504,2025-01-17,Crédito libre inversión,12800000,6,0.0172,2264000,App,900,0.266,Automática,Finalizado,0,0,0,1.0,0,2023-07-26,Antioquia,Medellín,42,F,2,Universitario,Empleado,8510000.0,Referido,820.0,False,3,Android,hash_754539,0,0,15,928,4,3,2,1,3,0,2,0.6,0.2,130.4,0.6666666666666666,0.21202322328445675,"Medio
(15-35%)"
CR000560,CL00504,2024-07-30,Crédito consumo digital,3900000,9,0.0373,518000,App,900,0.0609,Automática,Finalizado,0,0,0,1.0,0,2023-07-26,Antioquia,Medellín,42,F,2,Universitario,Empleado,8510000.0,Referido,820.0,False,3,Android,hash_754539,0,0,15,928,4,3,2,1,3,0,2,0.6,0.2,130.4,0.6666666666666666,0.14539197774805712,"Bajo
(< 15%)"
CR000561,CL00505,2025-02-17,Crédito libre inversión,7950000,12,0.0236,769000,Web,900,0.1732,Automática,Mora severa,0,0,11,0.8333333333333334,1,2023-10-13,Bogotá D.C.,Bogotá,29,F,3,Técnico/Tecnólogo,Empleado,4440000.0,Campaña digital,636.0,False,1,iOS,hash_664935,0,0,3,415,1,0,1,0,1,0,0,1.0,0.0,130.33333333333334,0.0,0.24026287525409804,"Medio
(15-35%)"
CR000562,CL00506,2024-10-05,Crédito consumo digital,2350000,3,0.0272,826000,App,780,0.3153,Automática,Finalizado,0,0,0,1.0,0,2024-02-24,Cundinamarca,Soacha,31,M,2,Técnico/Tecnólogo,Comerciante,2620000.0,App orgánico,524.0,True,1,Android,hash_567119,0,0,12,708,4,0,1,0,3,0,3,0.5833333333333334,0.1666666666666666,180.66666666666663,0.0,0.552595987974862,"Alto
(35-60%)"
CR000563,CL00507,2025-06-25,Crédito consumo digital,2000000,24,0.0219,108000,App,900,0.033,Automática,Activo,0,0,0,1.0,0,2025-03-17,Antioquia,Medellín,30,M,4,Universitario,Empleado,3270000.0,App orgánico,623.0,False,0,Android,hash_100015,0,0,13,368,6,0,4,0,3,0,0,0.7692307692307693,0.2307692307692307,157.76923076923077,0.0,0.17041912999892164,"Medio
(15-35%)"
CR000564,CL00507,2025-07-04,Crédito libre inversión,7400000,9,0.0276,940000,Call center,841,0.2875,Automática,Mora moderada,0,1,59,0.8333333333333334,1,2025-03-17,Antioquia,Medellín,30,M,4,Universitario,Empleado,3270000.0,App orgánico,623.0,False,0,Android,hash_100015,0,0,13,368,6,0,4,0,3,0,0,0.7692307692307693,0.2307692307692307,157.76923076923077,0.0,0.3673420032978121,"Alto
(35-60%)"
CR000566,CL00508,2025-09-22,Crédito consumo digital,1300000,24,0.0204,69000,App,882,0.022,Automática,Activo,0,0,10,0.6666666666666666,2,2025-04-27,Bogotá D.C.,Bogotá,27,M,1,Universitario,Microempresario,3130000.0,App orgánico,495.0,False,1,iOS,hash_676209,0,0,25,365,5,4,7,1,5,0,1,0.88,0.04,149.16,1.75,0.29090035571002465,"Medio
(15-35%)"
CR000568,CL00509,2025-02-08,Crédito consumo digital,2300000,6,0.0292,423000,App,900,0.0733,Automática,Finalizado,0,0,0,1.0,0,2023-12-19,Tolima,Ibagué,36,F,3,Universitario,Empleado,5770000.0,App orgánico,743.0,True,0,Android,hash_427507,0,0,13,538,5,0,1,0,2,2,1,0.9230769230769232,0.0,109.15384615384616,0.0,0.12101083566445803,"Bajo
(< 15%)"
CR000571,CL00511,2025-01-20,Crédito consumo digital,1650000,9,0.0212,203000,Aliado,807,0.1293,Automática,Mora moderada,0,0,0,1.0,0,2024-08-18,Bogotá D.C.,Bogotá,39,M,3,Universitario,Comerciante,1570000.0,App orgánico,440.0,False,0,iOS,hash_744911,0,0,18,543,6,0,2,0,5,0,2,0.8333333333333334,0.0555555555555555,202.38888888888889,0.0,0.5367986502385804,"Alto
(35-60%)"
CR000572,CL00511,2026-01-06,Crédito libre inversión,2100000,12,0.0277,208000,Aliado,797,0.1325,Automática,Mora moderada,0,1,55,0.0,3,2024-08-18,Bogotá D.C.,Bogotá,39,M,3,Universitario,Comerciante,1570000.0,App orgánico,440.0,False,0,iOS,hash_744911,0,0,18,543,6,0,2,0,5,0,2,0.8333333333333334,0.0555555555555555,202.38888888888889,0.0,0.6893516759903531,"Muy alto
(> 60%)"
CR000573,CL00512,2025-10-27,Crédito consumo digital,5700000,18,0.0378,442000,Web,873,0.1245,Automática,Activo,0,0,0,1.0,0,2025-01-08,Norte de Santander,Cúcuta,35,F,5,Bachiller,Empleado,3550000.0,Campaña digital,700.0,False,3,Android,hash_169072,0,0,7,435,2,0,1,0,2,0,1,0.5714285714285714,0.2857142857142857,181.8571428571429,0.0,0.19600844282766314,"Medio
(15-35%)"
CR000574,CL00513,2025-05-19,Avance de nómina,550000,3,0.019,190000,Web,803,0.1218,Automática,Finalizado,0,0,0,1.0,0,2024-06-19,Bogotá D.C.,Bogotá,34,F,3,Posgrado,Independiente,1560000.0,Campaña digital,604.0,False,0,Android,hash_637717,0,0,12,564,2,3,1,1,2,1,2,0.6666666666666666,0.0833333333333333,205.33333333333331,0.3333333333333333,0.34262596057064487,"Medio
(15-35%)"
CR000575,CL00514,2025-12-18,Crédito consumo digital,950000,9,0.0274,121000,Call center,892,0.0366,Automática,Activo,0,0,0,1.0,0,2025-08-09,Bogotá D.C.,Bogotá,27,M,3,Bachiller,Independiente,3310000.0,App orgánico,603.0,True,1,Android,hash_312650,0,0,9,206,3,2,0,1,2,0,1,0.6666666666666666,0.1111111111111111,119.77777777777776,0.0,0.2841463501480798,"Medio
(15-35%)"
CR000576,CL00515,2025-04-20,Crédito consumo digital,1900000,6,0.0336,355000,Aliado,900,0.1707,Automática,Finalizado,0,0,0,1.0,0,2024-08-17,Valle del Cauca,Cali,30,M,3,Bachiller,Empleado,2080000.0,App orgánico,598.0,True,1,Web,hash_987743,0,0,6,442,3,0,1,0,1,0,1,0.8333333333333334,0.0,346.6666666666667,0.0,0.3399077061066809,"Medio
(15-35%)"
CR000577,CL00516,2024-06-10,Avance de nómina,2100000,24,0.0231,115000,App,900,0.0256,Automática,Activo,0,0,0,1.0,0,2023-06-22,Santander,Bucaramanga,44,F,3,Universitario,Empleado,4490000.0,Campaña digital,656.0,False,0,Android,hash_879427,0,0,9,950,2,0,2,0,3,0,2,0.5555555555555556,0.2222222222222222,131.44444444444446,0.0,0.18665852128131832,"Medio
(15-35%)"
CR000578,CL00517,2026-01-01,Crédito consumo digital,1950000,3,0.0349,696000,App,798,0.2864,Automática,Finalizado,0,0,23,0.6666666666666666,1,2024-10-04,Antioquia,Medellín,41,F,3,Sin información,Empleado,2430000.0,App orgánico,587.0,False,2,Android,hash_160481,0,0,13,427,1,1,4,1,1,3,1,0.7692307692307693,0.0769230769230769,188.07692307692307,4.0,0.41790491431660043,"Alto
(35-60%)"
CR000579,CL00519,2025-07-14,Crédito libre inversión,3300000,6,0.0273,604000,App,783,0.2822,Automática,Mora severa,0,1,74,0.5,3,2025-11-17,Norte de Santander,Cúcuta,37,F,4,Técnico/Tecnólogo,Independiente,2140000.0,Referido,583.0,False,2,Android,hash_855897,0,0,7,144,3,1,1,0,2,0,0,0.5714285714285714,0.4285714285714285,233.7142857142857,1.0,0.7034593462592856,"Muy alto
(> 60%)"
CR000581,CL00521,2024-01-23,Crédito consumo digital,3100000,9,0.0209,381000,Web,900,0.0564,Automática,Finalizado,0,0,0,1.0,0,2023-02-01,Santander,Bucaramanga,19,F,5,Universitario,Empleado,6760000.0,App orgánico,750.0,True,0,iOS,hash_162508,0,0,7,1040,2,0,0,1,3,0,0,0.5714285714285714,0.2857142857142857,196.57142857142856,0.0,0.17181924987558464,"Medio
(15-35%)"
CR000582,CL00522,2025-01-22,Crédito consumo digital,1050000,18,0.0266,74000,Web,662,0.074,Automática,Activo,0,0,28,0.8333333333333334,1,2024-04-28,Bogotá D.C.,Bogotá,41,M,1,Técnico/Tecnólogo,Estudiante,1000000.0,App orgánico,484.0,False,3,Android,hash_705599,0,0,6,472,1,2,0,0,1,1,1,0.6666666666666666,0.1666666666666666,196.83333333333331,0.0,0.6256073789414659,"Muy alto
(> 60%)"
CR000583,CL00524,2025-03-26,Crédito consumo digital,750000,6,0.0358,141000,Web,736,0.0571,Automática,Finalizado,0,0,0,1.0,0,2025-01-11,Cundinamarca,Soacha,42,M,2,Técnico/Tecnólogo,Microempresario,2470000.0,Campaña digital,604.0,True,0,Android,hash_219277,0,0,10,448,3,0,1,0,1,1,1,0.8,0.1,195.6,0.0,0.3672289110093886,"Alto
(35-60%)"
CR000585,CL00525,2025-08-03,Crédito consumo digital,5600000,24,0.0271,320000,App,856,0.0825,Automática,Activo,0,0,0,1.0,0,2025-04-01,Valle del Cauca,Cali,28,M,5,Universitario,Conductor/Repartidor,3880000.0,Campaña digital,606.0,True,0,Android,hash_204405,0,0,8,373,2,2,1,0,0,2,0,0.875,0.125,205.75,0.5,0.25467597231048383,"Medio
(15-35%)"
CR000586,CL00525,2026-01-17,Avance de nómina,1500000,3,0.0291,529000,App,900,0.1363,Automática,Finalizado,0,0,0,1.0,0,2025-04-01,Valle del Cauca,Cali,28,M,5,Universitario,Conductor/Repartidor,3880000.0,Campaña digital,606.0,True,0,Android,hash_204405,0,0,8,373,2,2,1,0,0,2,0,0.875,0.125,205.75,0.5,0.20355553206924332,"Medio
(15-35%)"
CR000587,CL00526,2025-06-20,Crédito libre inversión,2350000,6,0.0287,432000,Aliado,873,0.3064,Automática,Finalizado,0,0,16,0.8333333333333334,1,2024-10-24,Bogotá D.C.,Bogotá,19,M,2,Técnico/Tecnólogo,Empleado,1410000.0,App orgánico,587.0,False,1,Web,hash_733245,0,0,14,341,5,1,1,1,4,1,1,0.7857142857142857,0.0714285714285714,109.78571428571428,1.0,0.5571327907529242,"Alto
(35-60%)"
CR000588,CL00527,2024-01-18,Crédito consumo digital,900000,6,0.0361,170000,App,750,0.0885,Automática,Finalizado,0,0,0,1.0,0,2023-07-26,Atlántico,Barranquilla,20,M,2,Técnico/Tecnólogo,Independiente,1920000.0,Referido,531.0,False,0,Android,hash_621817,0,0,13,840,4,1,3,1,2,0,1,0.6923076923076923,0.1538461538461538,217.46153846153845,3.0,0.50485502190247,"Alto
(35-60%)"
CR000589,CL00529,2025-02-22,Crédito libre inversión,2200000,12,0.0195,207000,Aliado,682,0.1362,Automática,Mora moderada,0,0,1,0.8333333333333334,1,2024-06-27,Bolívar,Cartagena,39,F,2,Bachiller,Microempresario,1520000.0,Campaña digital,514.0,False,0,Android,hash_514725,0,0,14,612,2,3,1,1,4,1,1,0.8571428571428571,0.0,100.92857142857144,0.3333333333333333,0.4918960302590072,"Alto
(35-60%)"
CR000590,CL00531,2025-07-03,Crédito consumo digital,1650000,12,0.0,166000,App,878,0.0787,Automática,Activo,0,0,0,1.0,0,2025-04-21,Bogotá D.C.,Bogotá,42,M,1,Universitario,Empleado,2110000.0,App orgánico,650.0,False,2,Android,hash_177123,0,0,8,274,4,0,1,0,1,0,2,0.75,0.0,114.75,0.0,0.23946034943564104,"Medio
(15-35%)"
CR000591,CL00532,2025-10-22,Crédito consumo digital,1200000,18,0.0367,92000,App,786,0.0492,Automática,Activo,0,0,8,0.8333333333333334,1,2025-02-21,Valle del Cauca,Cali,19,F,4,Bachiller,Independiente,1870000.0,Call center,626.0,False,0,Android,hash_775371,0,0,12,318,1,3,0,1,5,1,1,0.8333333333333334,0.0,157.75,0.0,0.38407581512037964,"Alto
(35-60%)"
CR000592,CL00533,2024-06-15,Microcrédito,450000,9,0.0383,60000,Web,716,0.0732,Automática,Mora severa,0,0,16,0.6666666666666666,2,2023-02-03,Atlántico,Barranquilla,35,F,2,Sin información,Desempleado,820000.0,Call center,486.0,False,0,Android,hash_741157,0,0,5,957,1,0,0,0,2,2,0,0.8,0.2,147.4,0.0,0.634428372079703,"Muy alto
(> 60%)"
CR000593,CL00534,2024-07-07,Crédito consumo digital,950000,6,0.0221,171000,Web,842,0.066,Automática,Finalizado,0,0,0,1.0,0,2024-05-02,Bolívar,Cartagena,24,F,3,Universitario,Empleado,2590000.0,Referido,622.0,False,4,Android,hash_814618,0,0,5,324,2,0,1,1,1,0,0,0.6,0.2,88.6,0.0,0.31874501859405574,"Medio
(15-35%)"
CR000594,CL00535,2025-09-06,Microcrédito,1000000,12,0.0282,99000,Aliado,653,0.1414,Automática,Mora severa,0,1,65,0.3333333333333333,4,2025-12-02,Bogotá D.C.,Bogotá,29,M,1,Bachiller,Estudiante,700000.0,App orgánico,438.0,False,0,Android,hash_389068,0,0,3,76,2,0,0,0,1,0,0,1.0,0.0,155.66666666666666,0.0,0.7352104760259311,"Muy alto
(> 60%)"
CR000595,CL00537,2023-02-23,Crédito libre inversión,2100000,6,0.0235,379000,App,847,0.1414,Automática,Mora severa,0,1,70,0.6666666666666666,2,2023-02-05,Antioquia,Medellín,27,F,2,Universitario,Independiente,2680000.0,App orgánico,476.0,False,4,Android,hash_456043,0,0,14,1099,1,2,4,0,4,0,3,0.7857142857142857,0.0,160.78571428571428,2.0,0.5482111700521444,"Alto
(35-60%)"
CR000596,CL00538,2024-02-06,Microcrédito,6650000,12,0.0357,691000,App,900,0.1997,Automática,Mora moderada,0,0,7,0.6666666666666666,2,2023-08-11,Bogotá D.C.,Bogotá,32,F,2,Sin información,Independiente,3460000.0,Call center,642.0,False,1,Android,hash_651872,0,0,14,899,4,2,2,0,4,2,0,0.7142857142857143,0.2857142857142857,173.85714285714286,1.0,0.26520495059731053,"Medio
(15-35%)"
CR000597,CL00539,2025-12-29,Crédito consumo digital,650000,3,0.0249,228000,App,900,0.087,Automática,Finalizado,0,0,0,1.0,0,2025-10-27,Santander,Bucaramanga,46,F,4,Sin información,Independiente,2620000.0,Aliado comercial,651.0,False,2,Android,hash_872411,0,0,15,169,2,2,3,2,2,1,1,0.6666666666666666,0.1333333333333333,173.6,1.5,0.23347897877303783,"Medio
(15-35%)"
CR000598,CL00539,2025-08-19,Crédito libre inversión,6550000,18,0.0255,458000,Web,868,0.1748,Automática,Activo,0,0,0,1.0,0,2025-10-27,Santander,Bucaramanga,46,F,4,Sin información,Independiente,2620000.0,Aliado comercial,651.0,False,2,Android,hash_872411,0,0,15,169,2,2,3,2,2,1,1,0.6666666666666666,0.1333333333333333,173.6,1.5,0.26742094192032245,"Medio
(15-35%)"
CR000599,CL00540,2023-02-06,Avance de nómina,1350000,9,0.0313,174000,Call center,900,0.0537,Automática,Finalizado,0,0,0,1.0,0,2023-01-22,Antioquia,Medellín,30,M,2,Técnico/Tecnólogo,Microempresario,3240000.0,Campaña digital,736.0,False,3,iOS,hash_774945,0,0,8,860,4,0,1,0,1,0,2,0.625,0.125,180.75,0.0,0.15037740282397669,"Medio
(15-35%)"
CR000600,CL00540,2025-06-27,Microcrédito,4100000,9,0.0449,564000,Aliado,900,0.1741,Automática,Finalizado,0,0,0,1.0,0,2023-01-22,Antioquia,Medellín,30,M,2,Técnico/Tecnólogo,Microempresario,3240000.0,Campaña digital,736.0,False,3,iOS,hash_774945,0,0,8,860,4,0,1,0,1,0,2,0.625,0.125,180.75,0.0,0.23238373423876585,"Medio
(15-35%)"
CR000601,CL00541,2024-04-29,Microcrédito,950000,9,0.0366,126000,Web,886,0.049,Automática,Mora moderada,0,0,0,1.0,0,2023-04-26,Atlántico,Barranquilla,44,M,2,Sin información,Empleado,2950000.0,Campaña digital,668.0,False,1,Android,hash_268332,0,0,14,881,7,1,0,0,4,1,0,0.8571428571428571,0.1428571428571428,218.92857142857144,0.0,0.16253909428764557,"Medio
(15-35%)"
CR000602,CL00541,2024-11-18,Microcrédito,1600000,9,0.0334,209000,Aliado,900,0.0813,Automática,Mora severa,0,0,8,0.8333333333333334,1,2023-04-26,Atlántico,Barranquilla,44,M,2,Sin información,Empleado,2950000.0,Campaña digital,668.0,False,1,Android,hash_268332,0,0,14,881,7,1,0,0,4,1,0,0.8571428571428571,0.1428571428571428,218.92857142857144,0.0,0.19608654498629732,"Medio
(15-35%)"
CR000603,CL00542,2025-06-07,Crédito consumo digital,750000,24,0.0344,46000,App,820,0.0196,Automática,Mora moderada,0,0,0,1.0,0,2024-02-15,Bogotá D.C.,Bogotá,25,F,3,Técnico/Tecnólogo,Empleado,2350000.0,Referido,535.0,False,2,Android,hash_139015,0,0,5,485,1,0,1,0,2,0,1,0.8,0.0,176.4,0.0,0.4572003792882387,"Alto
(35-60%)"
CR000604,CL00543,2026-01-11,Crédito libre inversión,7500000,6,0.028,1375000,Aliado,890,0.3235,Automática,Activo,0,0,0,0.75,0,2024-10-04,Atlántico,Barranquilla,41,F,5,Bachiller,Empleado,4250000.0,Campaña digital,678.0,True,0,Web,hash_774075,0,0,7,522,5,2,0,0,0,0,0,0.5714285714285714,0.4285714285714285,191.42857142857144,0.0,0.23646847012438946,"Medio
(15-35%)"
CR000605,CL00544,2025-12-25,Crédito libre inversión,8900000,9,0.0234,1108000,App,803,0.3929,Manual,Activo,0,0,0,1.0,0,2025-11-05,Bolívar,Cartagena,50,M,5,Técnico/Tecnólogo,Microempresario,2820000.0,Referido,689.0,False,3,Android,hash_552546,0,0,24,154,5,4,3,0,6,1,4,0.75,0.0833333333333333,150.08333333333334,0.75,0.32652332334135137,"Medio
(15-35%)"
CR000606,CL00544,2026-01-07,Crédito consumo digital,2700000,6,0.0288,496000,Aliado,900,0.1759,Automática,Activo,0,0,0,0.75,0,2025-11-05,Bolívar,Cartagena,50,M,5,Técnico/Tecnólogo,Microempresario,2820000.0,Referido,689.0,False,3,Android,hash_552546,0,0,24,154,5,4,3,0,6,1,4,0.75,0.0833333333333333,150.08333333333334,0.75,0.23172339884562013,"Medio
(15-35%)"
CR000607,CL00545,2023-06-27,Crédito libre inversión,3250000,12,0.0207,309000,App,900,0.1618,Automática,Finalizado,0,0,0,1.0,0,2023-05-03,Cundinamarca,Soacha,19,F,2,Sin información,Empleado,1910000.0,Referido,649.0,False,0,Android,hash_978247,0,0,12,1053,5,2,2,0,1,0,1,0.75,0.1666666666666666,192.91666666666663,1.0,0.31290472054156465,"Medio
(15-35%)"
CR000608,CL00546,2025-04-14,Microcrédito,2800000,9,0.0431,382000,App,900,0.0803,Automática,Finalizado,0,0,25,0.6666666666666666,2,2023-04-02,Valle del Cauca,Cali,28,M,2,Posgrado,Comerciante,4760000.0,Aliado comercial,684.0,True,0,Android,hash_286110,0,0,12,1012,3,2,3,0,3,0,1,0.8333333333333334,0.0833333333333333,250.75,1.5,0.1858230221664245,"Medio
(15-35%)"
CR000609,CL00547,2025-08-30,Crédito consumo digital,1400000,9,0.0327,182000,Web,823,0.0719,Automática,Activo,0,0,0,1.0,0,2025-04-27,Antioquia,Medellín,42,F,3,Bachiller,Microempresario,2530000.0,Referido,642.0,True,1,Android,hash_647933,0,0,10,288,2,0,2,1,5,0,0,0.7,0.2,230.4,0.0,0.21803746443473426,"Medio
(15-35%)"
CR000610,CL00548,2025-10-07,Microcrédito,1550000,12,0.0434,168000,App,817,0.0903,Automática,Activo,0,0,23,0.6666666666666666,2,2025-07-03,Santander,Bucaramanga,34,M,2,Universitario,Independiente,1860000.0,App orgánico,488.0,False,1,Android,hash_848609,0,0,15,251,8,3,0,0,1,1,2,0.6666666666666666,0.2,151.0,0.0,0.5397927107933351,"Alto
(35-60%)"
CR000611,CL00548,2025-10-20,Crédito libre inversión,3350000,24,0.0214,180000,Aliado,809,0.0968,Automática,Activo,0,0,0,1.0,0,2025-07-03,Santander,Bucaramanga,34,M,2,Universitario,Independiente,1860000.0,App orgánico,488.0,False,1,Android,hash_848609,0,0,15,251,8,3,0,0,1,1,2,0.6666666666666666,0.2,151.0,0.0,0.5353505541326754,"Alto
(35-60%)"
CR000612,CL00548,2025-09-29,Crédito libre inversión,4700000,9,0.0338,614000,App,741,0.3301,Automática,Activo,0,0,27,0.5,3,2025-07-03,Santander,Bucaramanga,34,M,2,Universitario,Independiente,1860000.0,App orgánico,488.0,False,1,Android,hash_848609,0,0,15,251,8,3,0,0,1,1,2,0.6666666666666666,0.2,151.0,0.0,0.7033545160610177,"Muy alto
(> 60%)"
CR000613,CL00550,2025-08-29,Crédito consumo digital,3150000,18,0.0215,213000,Aliado,897,0.0753,Automática,Activo,0,0,0,1.0,0,2023-09-22,Valle del Cauca,Cali,30,M,5,Técnico/Tecnólogo,Microempresario,2830000.0,Call center,705.0,False,0,Android,hash_578766,0,0,7,876,2,2,1,0,1,0,1,0.7142857142857143,0.1428571428571428,134.57142857142858,0.5,0.20557098911735938,"Medio
(15-35%)"
CR000614,CL00550,2025-05-27,Crédito consumo digital,900000,12,0.0286,90000,App,900,0.0318,Automática,Activo,0,0,0,1.0,0,2023-09-22,Valle del Cauca,Cali,30,M,5,Técnico/Tecnólogo,Microempresario,2830000.0,Call center,705.0,False,0,Android,hash_578766,0,0,7,876,2,2,1,0,1,0,1,0.7142857142857143,0.1428571428571428,134.57142857142858,0.5,0.22005860722754828,"Medio
(15-35%)"
CR000615,CL00551,2025-09-23,Avance de nómina,650000,9,0.0252,82000,Aliado,792,0.0254,Automática,Activo,0,0,0,1.0,0,2025-12-23,Bogotá D.C.,Bogotá,37,M,3,Posgrado,Microempresario,3230000.0,App orgánico,513.0,False,1,Android,hash_833478,0,0,11,121,1,4,2,0,2,0,0,0.9090909090909092,0.0909090909090909,162.63636363636363,0.5,0.39984137022096905,"Alto
(35-60%)"
CR000616,CL00552,2025-12-09,Crédito consumo digital,2700000,9,0.0339,353000,Aliado,834,0.1569,Automática,Activo,0,0,0,0.8,0,2024-05-17,Antioquia,Medellín,34,M,2,Universitario,Empleado,2250000.0,Campaña digital,699.0,False,2,Web,hash_688730,0,0,13,614,3,2,0,1,2,1,2,0.7692307692307693,0.0,153.46153846153845,0.0,0.3156961916319717,"Medio
(15-35%)"
CR000617,CL00553,2025-07-07,Crédito consumo digital,650000,6,0.0283,119000,Aliado,859,0.0952,Automática,Finalizado,0,0,0,1.0,0,2024-12-23,Bogotá D.C.,Bogotá,48,F,2,Bachiller,Comerciante,1250000.0,Aliado comercial,641.0,True,2,Android,hash_616456,0,0,8,300,4,1,0,1,2,0,0,0.875,0.0,203.25,0.0,0.2999682184453923,"Medio
(15-35%)"
CR000618,CL00554,2025-01-15,Microcrédito,4300000,9,0.0371,571000,App,766,0.2222,Automática,Mora severa,0,1,96,0.3333333333333333,4,2023-07-13,Bogotá D.C.,Bogotá,39,M,2,Posgrado,Comerciante,2640000.0,Campaña digital,478.0,False,3,Android,hash_378252,0,0,16,899,4,0,4,0,4,0,4,0.5625,0.1875,184.625,0.0,0.6918530060364289,"Muy alto
(> 60%)"
CR000619,CL00554,2023-11-01,Avance de nómina,1150000,12,0.0282,114000,App,900,0.0444,Automática,Mora moderada,0,1,41,0.6666666666666666,2,2023-07-13,Bogotá D.C.,Bogotá,39,M,2,Posgrado,Comerciante,2640000.0,Campaña digital,478.0,False,3,Android,hash_378252,0,0,16,899,4,0,4,0,4,0,4,0.5625,0.1875,184.625,0.0,0.4083889130603178,"Alto
(35-60%)"
CR000621,CL00555,2025-08-19,Microcrédito,1150000,6,0.025,209000,Call center,809,0.1194,Automática,Mora moderada,0,1,33,0.8333333333333334,1,2025-02-27,Bogotá D.C.,Bogotá,39,F,1,Bachiller,Pensionado,1750000.0,Referido,450.0,True,2,iOS,hash_565996,0,0,7,347,3,0,1,0,0,0,1,0.8571428571428571,0.0,180.7142857142857,0.0,0.4738571662444824,"Alto
(35-60%)"
CR000622,CL00556,2025-11-04,Crédito libre inversión,900000,24,0.0234,49000,App,696,0.1021,Automática,Mora moderada,0,1,54,0.6666666666666666,1,2024-05-10,Valle del Cauca,Cali,32,F,2,Universitario,Estudiante,480000.0,Aliado comercial,592.0,False,2,Android,hash_685009,0,0,5,214,1,1,1,0,0,0,1,0.4,0.4,170.0,1.0,0.6833173856507024,"Muy alto
(> 60%)"
CR000623,CL00559,2026-02-03,Microcrédito,2900000,18,0.0293,210000,App,866,0.0541,Automática,Activo,0,0,6,0.3333333333333333,1,2023-08-27,Bogotá D.C.,Bogotá,40,M,2,Técnico/Tecnólogo,Empleado,3880000.0,App orgánico,611.0,True,0,Android,hash_831670,0,0,13,705,1,4,6,0,1,0,1,0.8461538461538461,0.0769230769230769,143.07692307692307,1.5,0.29285154955741877,"Medio
(15-35%)"
CR000624,CL00561,2025-06-18,Crédito libre inversión,6250000,6,0.0317,1160000,App,858,0.3946,Manual,Finalizado,0,0,3,0.8333333333333334,1,2023-07-08,Valle del Cauca,Cali,39,M,2,Bachiller,Empleado,2940000.0,Call center,553.0,False,2,Android,hash_741774,0,0,10,665,2,0,1,1,4,0,0,0.7,0.2,133.5,0.0,0.5958907399001487,"Alto
(35-60%)"
CR000625,CL00562,2025-12-09,Crédito consumo digital,5700000,6,0.0352,1070000,App,900,0.2082,Automática,Activo,0,0,0,0.8,0,2024-01-30,Cundinamarca,Soacha,57,F,4,Universitario,Independiente,5140000.0,Referido,781.0,True,0,Android,hash_812787,0,0,6,577,0,1,2,0,3,0,0,1.0,0.0,179.0,2.0,0.13846053073484274,"Bajo
(< 15%)"
CR000626,CL00563,2024-03-02,Crédito consumo digital,1150000,6,0.0276,211000,Aliado,826,0.0821,Automática,Finalizado,0,0,0,1.0,0,2023-07-27,Santander,Bucaramanga,45,M,2,Universitario,Empleado,2950000.0,Aliado comercial,605.0,False,3,Android,hash_191665,0,0,7,419,1,1,1,0,3,0,0,0.7142857142857143,0.2857142857142857,114.71428571428572,1.0,0.33183270075931076,"Medio
(15-35%)"
CR000628,CL00566,2025-05-26,Microcrédito,1300000,6,0.036,245000,App,677,0.1992,Automática,Mora moderada,0,0,30,0.1666666666666666,5,2023-02-23,Valle del Cauca,Cali,32,M,3,Bachiller,Conductor/Repartidor,1230000.0,Aliado comercial,392.0,False,0,Android,hash_745214,0,0,12,1099,6,2,1,0,2,0,1,0.9166666666666666,0.0,129.41666666666666,0.5,0.5883991380913988,"Alto
(35-60%)"
CR000629,CL00568,2025-06-10,Avance de nómina,800000,9,0.0185,97000,App,778,0.0377,Automática,Mora severa,0,1,113,0.6666666666666666,2,2025-09-04,Bogotá D.C.,Bogotá,26,M,2,Universitario,Empleado,2950000.0,Referido,528.0,False,3,Android,hash_213926,0,0,16,226,4,2,4,0,3,1,2,0.6875,0.1875,140.0625,2.0,0.5427499996616454,"Alto
(35-60%)"
CR000630,CL00568,2025-07-01,Microcrédito,3500000,9,0.0331,456000,Web,805,0.1774,Automática,Finalizado,0,0,21,0.6666666666666666,2,2025-09-04,Bogotá D.C.,Bogotá,26,M,2,Universitario,Empleado,2950000.0,Referido,528.0,False,3,Android,hash_213926,0,0,16,226,4,2,4,0,3,1,2,0.6875,0.1875,140.0625,2.0,0.5307634152285459,"Alto
(35-60%)"
CR000631,CL00569,2025-12-29,Crédito libre inversión,1250000,12,0.0203,118000,App,710,0.1439,Automática,Activo,0,0,0,1.0,0,2025-08-13,Atlántico,Barranquilla,19,M,4,Bachiller,Estudiante,820000.0,App orgánico,538.0,True,3,iOS,hash_577044,0,0,13,237,2,3,1,0,3,1,2,0.8461538461538461,0.0,113.3076923076923,0.3333333333333333,0.5999661635124084,"Alto
(35-60%)"
CR000632,CL00570,2025-09-09,Crédito libre inversión,3450000,9,0.0228,428000,Aliado,788,0.2028,Automática,Activo,0,0,13,0.6666666666666666,2,2025-07-25,Valle del Cauca,Cali,32,F,4,Universitario,Conductor/Repartidor,2110000.0,Campaña digital,506.0,False,4,Android,hash_629148,0,0,10,268,1,2,1,0,2,0,0,0.8,0.2,183.8,0.5,0.6779659869975017,"Muy alto
(> 60%)"
CR000634,CL00573,2025-12-01,Crédito libre inversión,1950000,9,0.0248,244000,App,889,0.0996,Automática,Activo,0,0,0,0.8,0,2025-10-08,Santander,Bucaramanga,39,F,4,Técnico/Tecnólogo,Pensionado,2450000.0,Aliado comercial,577.0,False,2,iOS,hash_907784,0,0,11,166,6,0,1,1,2,0,1,0.7272727272727273,0.0909090909090909,99.45454545454544,0.0,0.3247774726997919,"Medio
(15-35%)"
CR000635,CL00574,2025-02-23,Avance de nómina,1650000,6,0.0307,305000,Call center,861,0.1406,Automática,Mora moderada,0,1,32,0.6666666666666666,2,2025-02-07,Tolima,Ibagué,34,M,3,Sin información,Independiente,2170000.0,Referido,631.0,False,2,Web,hash_461799,0,0,8,344,2,0,0,0,1,1,3,0.625,0.0,152.375,0.0,0.44913752456961886,"Alto
(35-60%)"
CR000636,CL00575,2025-11-12,Microcrédito,3300000,9,0.0299,424000,Call center,789,0.1313,Automática,Mora moderada,0,1,44,0.3333333333333333,3,2024-04-15,Antioquia,Medellín,44,M,3,Técnico/Tecnólogo,Empleado,3230000.0,Referido,572.0,False,2,Android,hash_378747,0,0,11,688,4,0,1,0,3,1,2,0.8181818181818182,0.0,142.9090909090909,0.0,0.592345997043351,"Alto
(35-60%)"
CR000637,CL00575,2025-10-19,Crédito consumo digital,3700000,3,0.0223,1289000,App,773,0.3991,Manual,Finalizado,0,0,0,1.0,0,2024-04-15,Antioquia,Medellín,44,M,3,Técnico/Tecnólogo,Empleado,3230000.0,Referido,572.0,False,2,Android,hash_378747,0,0,11,688,4,0,1,0,3,1,2,0.8181818181818182,0.0,142.9090909090909,0.0,0.4847546219668181,"Alto
(35-60%)"
CR000638,CL00576,2026-01-14,Crédito libre inversión,9450000,12,0.0224,907000,App,900,0.2095,Automática,Activo,0,0,0,0.75,0,2023-10-10,Bogotá D.C.,Bogotá,19,M,5,Bachiller,Microempresario,4330000.0,App orgánico,673.0,True,2,Android,hash_888049,0,0,11,864,1,2,2,1,3,1,0,0.7272727272727273,0.1818181818181818,163.8181818181818,1.0,0.24497444831223625,"Medio
(15-35%)"
CR000639,CL00578,2026-01-13,Microcrédito,2350000,18,0.0416,188000,App,900,0.1126,Automática,Activo,0,0,0,0.75,0,2023-10-16,Bogotá D.C.,Bogotá,44,M,2,Bachiller,Microempresario,1670000.0,Campaña digital,589.0,True,2,Android,hash_342821,0,0,11,883,2,1,2,0,2,1,2,0.7272727272727273,0.0909090909090909,137.0,2.0,0.4451796489746872,"Alto
(35-60%)"
CR000640,CL00578,2025-09-05,Microcrédito,1300000,12,0.0337,134000,Aliado,784,0.0802,Automática,Mora severa,0,1,74,0.8333333333333334,1,2023-10-16,Bogotá D.C.,Bogotá,44,M,2,Bachiller,Microempresario,1670000.0,Campaña digital,589.0,True,2,Android,hash_342821,0,0,11,883,2,1,2,0,2,1,2,0.7272727272727273,0.0909090909090909,137.0,2.0,0.4772384436264507,"Alto
(35-60%)"
CR000641,CL00579,2024-06-17,Microcrédito,4000000,12,0.0274,396000,Aliado,841,0.0941,Automática,Mora moderada,0,1,35,0.8333333333333334,1,2024-05-21,Risaralda,Pereira,21,M,2,Bachiller,Empleado,4210000.0,App orgánico,600.0,False,1,Android,hash_127603,0,0,6,616,2,1,1,0,1,0,1,0.8333333333333334,0.0,215.16666666666663,1.0,0.5268024071807761,"Alto
(35-60%)"
CR000642,CL00580,2025-10-09,Crédito libre inversión,3300000,12,0.0286,329000,App,900,0.1201,Automática,Activo,0,0,0,1.0,0,2023-12-08,Bogotá D.C.,Bogotá,47,M,3,Posgrado,Microempresario,2740000.0,Call center,611.0,False,0,Android,hash_886872,0,0,9,789,1,2,3,0,1,0,2,0.7777777777777778,0.0,209.55555555555557,1.5,0.2785872015175234,"Medio
(15-35%)"
CR000643,CL00582,2025-11-30,Microcrédito,3400000,6,0.0423,653000,Web,758,0.3473,Automática,Mora severa,0,1,60,0.2,4,2026-01-16,Santander,Bucaramanga,32,M,2,Universitario,Independiente,1880000.0,Referido,497.0,False,3,Android,hash_356760,0,0,11,77,2,1,0,0,2,2,3,0.6363636363636364,0.0909090909090909,116.1818181818182,0.0,0.7248499882775983,"Muy alto
(> 60%)"
CR000644,CL00582,2025-06-20,Crédito consumo digital,850000,3,0.0309,301000,App,757,0.1601,Automática,Finalizado,0,0,0,1.0,0,2026-01-16,Santander,Bucaramanga,32,M,2,Universitario,Independiente,1880000.0,Referido,497.0,False,3,Android,hash_356760,0,0,11,77,2,1,0,0,2,2,3,0.6363636363636364,0.0909090909090909,116.1818181818182,0.0,0.5001808066739385,"Alto
(35-60%)"
CR000645,CL00583,2025-09-21,Crédito libre inversión,2050000,3,0.0194,710000,App,799,0.3381,Automática,Finalizado,0,0,13,0.3333333333333333,2,2024-09-04,Santander,Bucaramanga,42,F,3,Universitario,Independiente,2100000.0,Referido,540.0,False,1,Android,hash_810958,0,0,8,284,4,2,1,0,0,0,0,0.875,0.125,185.0,0.5,0.508446770656931,"Alto
(35-60%)"
CR000646,CL00584,2025-04-24,Crédito libre inversión,4500000,3,0.0224,1568000,App,772,0.4519,Manual,Finalizado,0,0,22,0.6666666666666666,1,2023-02-26,Cundinamarca,Soacha,59,M,5,Técnico/Tecnólogo,Comerciante,3470000.0,App orgánico,674.0,False,1,Android,hash_250434,0,0,15,978,5,2,0,1,4,1,0,0.8,0.1333333333333333,159.93333333333334,0.0,0.3577133955338267,"Alto
(35-60%)"
CR000647,CL00585,2023-04-16,Crédito consumo digital,2350000,6,0.0219,422000,Aliado,893,0.1388,Automática,Mora moderada,0,1,51,0.8333333333333334,1,2023-02-19,Atlántico,Barranquilla,38,M,4,Técnico/Tecnólogo,Empleado,3040000.0,App orgánico,687.0,False,4,Android,hash_854849,0,0,14,993,6,4,0,0,2,0,1,0.9285714285714286,0.0,151.42857142857142,0.0,0.34570848950610406,"Medio
(15-35%)"
CR000648,CL00585,2024-05-31,Crédito libre inversión,5100000,18,0.0258,358000,App,781,0.1178,Automática,Finalizado,0,0,0,1.0,0,2023-02-19,Atlántico,Barranquilla,38,M,4,Técnico/Tecnólogo,Empleado,3040000.0,App orgánico,687.0,False,4,Android,hash_854849,0,0,14,993,6,4,0,0,2,0,1,0.9285714285714286,0.0,151.42857142857142,0.0,0.33306215078520013,"Medio
(15-35%)"
CR000649,CL00585,2024-08-14,Crédito libre inversión,5500000,6,0.0193,979000,App,900,0.322,Automática,Mora moderada,0,1,47,0.8333333333333334,1,2023-02-19,Atlántico,Barranquilla,38,M,4,Técnico/Tecnólogo,Empleado,3040000.0,App orgánico,687.0,False,4,Android,hash_854849,0,0,14,993,6,4,0,0,2,0,1,0.9285714285714286,0.0,151.42857142857142,0.0,0.30410345201931216,"Medio
(15-35%)"
CR000650,CL00586,2024-05-23,Crédito libre inversión,3100000,9,0.0224,384000,App,843,0.2866,Automática,Mora moderada,0,1,32,0.1666666666666666,5,2024-04-27,Santander,Bucaramanga,38,M,2,Posgrado,Conductor/Repartidor,1340000.0,Call center,487.0,False,2,Android,hash_443671,0,0,6,503,3,1,1,1,0,0,0,0.8333333333333334,0.0,245.0,1.0,0.6914542702725018,"Muy alto
(> 60%)"
CR000651,CL00587,2023-11-20,Crédito consumo digital,250000,18,0.032,18000,App,793,0.0137,Automática,Finalizado,0,0,0,1.0,0,2023-05-03,Meta,Villavicencio,31,F,1,Bachiller,Empleado,1310000.0,Campaña digital,552.0,True,1,Android,hash_762600,0,0,17,972,4,5,2,0,3,0,1,0.9411764705882352,0.0,161.1764705882353,0.4,0.4948550459125039,"Alto
(35-60%)"
CR000652,CL00587,2024-11-28,Microcrédito,650000,6,0.0261,118000,App,791,0.0901,Automática,Finalizado,0,0,0,1.0,0,2023-05-03,Meta,Villavicencio,31,F,1,Bachiller,Empleado,1310000.0,Campaña digital,552.0,True,1,Android,hash_762600,0,0,17,972,4,5,2,0,3,0,1,0.9411764705882352,0.0,161.1764705882353,0.4,0.5179508172413605,"Alto
(35-60%)"
CR000653,CL00589,2025-05-19,Microcrédito,2800000,9,0.0382,374000,App,678,0.1716,Automática,Finalizado,0,0,19,0.8333333333333334,1,2025-11-13,Meta,Villavicencio,44,F,4,Posgrado,Conductor/Repartidor,2180000.0,App orgánico,490.0,False,2,Android,hash_701385,0,0,7,129,2,0,1,0,2,1,1,0.8571428571428571,0.0,122.57142857142856,0.0,0.5341411424000158,"Alto
(35-60%)"
CR000654,CL00590,2025-12-22,Microcrédito,1750000,3,0.0283,617000,App,900,0.242,Automática,Finalizado,0,0,5,0.6666666666666666,1,2025-05-10,Bogotá D.C.,Bogotá,27,M,3,Técnico/Tecnólogo,Microempresario,2550000.0,Campaña digital,642.0,False,0,Android,hash_466056,0,0,12,309,2,3,0,1,3,1,0,0.75,0.1666666666666666,195.41666666666663,0.0,0.26163351280733704,"Medio
(15-35%)"
CR000655,CL00591,2024-05-29,Avance de nómina,1000000,12,0.0197,94000,Aliado,678,0.0195,Automática,Mora moderada,0,0,0,1.0,0,2024-02-01,Antioquia,Medellín,37,F,3,Bachiller,Microempresario,4810000.0,Aliado comercial,588.0,True,2,iOS,hash_244608,1,0,11,702,1,0,4,0,3,1,1,0.8181818181818182,0.0909090909090909,117.72727272727272,0.0,0.3719281112832135,"Alto
(35-60%)"
CR000656,CL00593,2025-11-10,Crédito consumo digital,550000,9,0.0216,68000,Web,523,0.0586,Excepción,Activo,0,0,1,0.6666666666666666,1,2023-07-22,Bogotá D.C.,Bogotá,41,F,1,Universitario,Estudiante,1160000.0,Referido,588.0,False,0,Android,hash_258116,1,0,26,932,8,4,4,3,4,1,2,0.6923076923076923,0.1153846153846153,180.30769230769232,1.0,0.5077220391398669,"Alto
(35-60%)"
CR000657,CL00593,2025-09-14,Crédito libre inversión,1550000,12,0.0246,151000,Call center,423,0.1302,Excepción,Mora moderada,0,1,39,0.5,3,2023-07-22,Bogotá D.C.,Bogotá,41,F,1,Universitario,Estudiante,1160000.0,Referido,588.0,False,0,Android,hash_258116,1,0,26,932,8,4,4,3,4,1,2,0.6923076923076923,0.1153846153846153,180.30769230769232,1.0,0.6080172801110179,"Muy alto
(> 60%)"
CR000658,CL00593,2023-10-13,Microcrédito,550000,9,0.0266,70000,Web,488,0.0603,Excepción,Mora moderada,0,0,0,1.0,0,2023-07-22,Bogotá D.C.,Bogotá,41,F,1,Universitario,Estudiante,1160000.0,Referido,588.0,False,0,Android,hash_258116,1,0,26,932,8,4,4,3,4,1,2,0.6923076923076923,0.1153846153846153,180.30769230769232,1.0,0.5455896012221497,"Alto
(35-60%)"
CR000659,CL00594,2025-07-09,Crédito consumo digital,1000000,6,0.0251,182000,Aliado,817,0.0839,Automática,Mora severa,0,1,109,0.8333333333333334,1,2025-03-13,Cundinamarca,Soacha,39,F,1,Sin información,Microempresario,2170000.0,Aliado comercial,505.0,False,0,Android,hash_285715,0,0,17,370,10,2,1,0,3,0,1,0.7058823529411765,0.2352941176470588,206.52941176470588,0.5,0.43339696071207695,"Alto
(35-60%)"
CR000660,CL00594,2025-04-22,Crédito libre inversión,2550000,18,0.0289,184000,Aliado,749,0.0848,Automática,Mora severa,0,1,39,0.3333333333333333,4,2025-03-13,Cundinamarca,Soacha,39,F,1,Sin información,Microempresario,2170000.0,Aliado comercial,505.0,False,0,Android,hash_285715,0,0,17,370,10,2,1,0,3,0,1,0.7058823529411765,0.2352941176470588,206.52941176470588,0.5,0.606542542635983,"Muy alto
(> 60%)"
CR000661,CL00594,2025-07-28,Microcrédito,2550000,9,0.0376,339000,App,822,0.1562,Automática,Finalizado,0,0,5,0.8333333333333334,1,2025-03-13,Cundinamarca,Soacha,39,F,1,Sin información,Microempresario,2170000.0,Aliado comercial,505.0,False,0,Android,hash_285715,0,0,17,370,10,2,1,0,3,0,1,0.7058823529411765,0.2352941176470588,206.52941176470588,0.5,0.5080398264148522,"Alto
(35-60%)"
CR000663,CL00598,2023-08-20,Crédito consumo digital,5650000,3,0.027,1986000,App,889,0.4262,Manual,Finalizado,0,0,23,0.6666666666666666,1,2023-03-21,Norte de Santander,Cúcuta,26,M,3,Técnico/Tecnólogo,Independiente,4660000.0,Campaña digital,705.0,True,1,Android,hash_665745,0,0,14,826,3,1,2,2,4,0,2,0.5714285714285714,0.1428571428571428,121.07142857142856,2.0,0.3811651330793804,"Alto
(35-60%)"
CR000664,CL00598,2024-05-15,Crédito libre inversión,17950000,12,0.0338,1845000,Aliado,900,0.3959,Manual,Mora severa,0,1,83,0.5,3,2023-03-21,Norte de Santander,Cúcuta,26,M,3,Técnico/Tecnólogo,Independiente,4660000.0,Campaña digital,705.0,True,1,Android,hash_665745,0,0,14,826,3,1,2,2,4,0,2,0.5714285714285714,0.1428571428571428,121.07142857142856,2.0,0.43055270757937963,"Alto
(35-60%)"
CR000665,CL00599,2025-03-18,Avance de nómina,350000,18,0.0288,25000,App,877,0.0097,Automática,Activo,0,0,3,0.8333333333333334,1,2024-07-11,Meta,Villavicencio,32,F,2,Universitario,Empleado,2570000.0,Aliado comercial,616.0,True,3,Android,hash_380371,0,0,11,592,2,3,3,0,1,1,1,0.9090909090909092,0.0,172.8181818181818,1.0,0.2236798268476376,"Medio
(15-35%)"
CR000667,CL00600,2026-02-02,Crédito consumo digital,4100000,9,0.0243,513000,Aliado,900,0.1276,Automática,Activo,0,0,0,1.0,0,2025-11-04,Antioquia,Medellín,40,F,5,Universitario,Empleado,4020000.0,Aliado comercial,733.0,False,2,iOS,hash_339317,0,0,11,149,2,2,2,2,1,0,2,0.6363636363636364,0.0,188.45454545454547,1.0,0.1234621897308456,"Bajo
(< 15%)"
CR000668,CL00601,2024-04-25,Microcrédito,1150000,18,0.0368,89000,App,862,0.0567,Automática,Finalizado,0,0,0,1.0,0,2023-03-18,Bogotá D.C.,Bogotá,44,F,3,Técnico/Tecnólogo,Independiente,1570000.0,Call center,664.0,False,2,iOS,hash_801486,0,0,7,747,3,0,1,0,2,1,0,0.5714285714285714,0.4285714285714285,164.71428571428572,0.0,0.31057962180409043,"Medio
(15-35%)"
CR000669,CL00602,2024-11-28,Crédito libre inversión,4750000,9,0.0232,591000,App,747,0.2173,Automática,Mora severa,0,1,60,0.6666666666666666,2,2023-11-23,Bogotá D.C.,Bogotá,27,M,3,Posgrado,Independiente,2720000.0,Call center,486.0,False,3,iOS,hash_907662,0,0,3,64,2,0,0,0,0,0,0,0.3333333333333333,0.6666666666666666,132.66666666666666,0.0,0.6911221213343537,"Muy alto
(> 60%)"
CR000670,CL00603,2026-01-06,Microcrédito,1550000,6,0.0268,283000,Aliado,788,0.1101,Automática,Mora moderada,0,1,51,0.5,1,2025-12-28,Norte de Santander,Cúcuta,45,F,3,Técnico/Tecnólogo,Independiente,2370000.0,Referido,537.0,True,3,Android,hash_428396,0,0,11,114,2,2,1,0,4,0,1,0.8181818181818182,0.0909090909090909,222.72727272727272,0.5,0.5378788774394733,"Alto
(35-60%)"
CR000671,CL00604,2025-12-26,Crédito consumo digital,1800000,6,0.0255,327000,App,764,0.138,Automática,Activo,0,0,0,1.0,0,2025-05-26,Antioquia,Medellín,50,F,2,Universitario,Comerciante,2370000.0,App orgánico,551.0,True,2,Android,hash_982622,0,0,12,323,6,1,2,0,2,0,1,0.8333333333333334,0.0833333333333333,154.25,2.0,0.48968828920196467,"Alto
(35-60%)"
CR000673,CL00606,2025-09-24,Microcrédito,3500000,12,0.0363,365000,App,796,0.129,Automática,Activo,0,0,4,0.8333333333333334,1,2025-05-21,Caldas,Manizales,55,M,1,Sin información,Empleado,2830000.0,Referido,575.0,False,1,Android,hash_979793,0,0,11,325,1,1,4,1,2,0,2,0.6363636363636364,0.0909090909090909,137.54545454545453,4.0,0.511041574624916,"Alto
(35-60%)"
CR000674,CL00606,2025-08-23,Crédito consumo digital,650000,9,0.03,83000,Web,853,0.0293,Automática,Mora moderada,0,1,36,0.8333333333333334,1,2025-05-21,Caldas,Manizales,55,M,1,Sin información,Empleado,2830000.0,Referido,575.0,False,1,Android,hash_979793,0,0,11,325,1,1,4,1,2,0,2,0.6363636363636364,0.0909090909090909,137.54545454545453,4.0,0.48698769163768363,"Alto
(35-60%)"
CR000675,CL00607,2025-08-17,Crédito consumo digital,1800000,9,0.0239,225000,App,795,0.0682,Automática,Mora moderada,0,0,0,1.0,0,2025-01-20,Bogotá D.C.,Bogotá,28,M,1,Universitario,Empleado,3300000.0,App orgánico,550.0,False,0,Web,hash_567121,0,0,17,310,3,1,4,1,3,3,1,0.6470588235294118,0.2352941176470588,119.05882352941175,4.0,0.346844611577279,"Medio
(15-35%)"
CR000677,CL00609,2026-01-21,Crédito consumo digital,1400000,6,0.0364,264000,Web,776,0.1133,Automática,Activo,0,0,0,1.0,0,2023-09-17,Bogotá D.C.,Bogotá,19,M,3,Técnico/Tecnólogo,Conductor/Repartidor,2330000.0,Aliado comercial,536.0,True,1,Android,hash_364531,0,0,6,685,4,1,0,0,1,0,0,0.8333333333333334,0.1666666666666666,135.5,0.0,0.5535357611699641,"Alto
(35-60%)"
CR000678,CL00611,2025-02-02,Crédito consumo digital,2150000,12,0.0291,215000,Aliado,879,0.1126,Automática,Mora severa,0,1,76,0.6666666666666666,2,2023-06-17,Bogotá D.C.,Bogotá,43,M,2,Universitario,Conductor/Repartidor,1910000.0,App orgánico,529.0,True,2,Android,hash_388581,0,0,8,800,3,3,1,0,0,0,1,0.875,0.0,70.875,0.3333333333333333,0.36993690214003755,"Alto
(35-60%)"
CR000679,CL00612,2026-01-21,Crédito consumo digital,2050000,12,0.0257,201000,App,499,0.0782,Excepción,Activo,0,0,0,1.0,0,2024-05-20,Valle del Cauca,Cali,35,F,3,Bachiller,Comerciante,2640000.0,Referido,588.0,False,2,Android,hash_356094,1,0,14,494,5,0,2,0,2,1,2,0.8571428571428571,0.0,130.57142857142858,0.0,0.4328241339755299,"Alto
(35-60%)"
CR000680,CL00613,2025-04-12,Microcrédito,2650000,6,0.0296,489000,App,812,0.137,Automática,Finalizado,0,0,8,0.8333333333333334,1,2024-09-02,Antioquia,Medellín,39,F,2,Bachiller,Independiente,3570000.0,Campaña digital,547.0,False,2,Android,hash_456554,0,0,11,564,3,0,0,0,7,0,1,0.8181818181818182,0.0909090909090909,175.0909090909091,0.0,0.5282105550450552,"Alto
(35-60%)"
CR000682,CL00614,2024-09-17,Microcrédito,7750000,6,0.031,1435000,Aliado,900,0.3225,Automática,Finalizado,0,0,0,1.0,0,2023-06-17,Santander,Bucaramanga,25,M,3,Bachiller,Empleado,4450000.0,Call center,717.0,False,0,Android,hash_470283,0,0,19,808,5,3,2,0,6,1,1,0.7368421052631579,0.2105263157894736,229.6315789473684,0.6666666666666666,0.20543413308149275,"Medio
(15-35%)"
CR000683,CL00614,2025-07-04,Crédito libre inversión,6100000,6,0.0293,1123000,App,900,0.2524,Automática,Finalizado,0,0,0,1.0,0,2023-06-17,Santander,Bucaramanga,25,M,3,Bachiller,Empleado,4450000.0,Call center,717.0,False,0,Android,hash_470283,0,0,19,808,5,3,2,0,6,1,1,0.7368421052631579,0.2105263157894736,229.6315789473684,0.6666666666666666,0.16734670175718552,"Medio
(15-35%)"
CR000684,CL00615,2024-05-05,Crédito libre inversión,2300000,18,0.0197,153000,App,565,0.0777,Manual,Mora severa,0,0,5,0.8333333333333334,1,2024-03-17,Antioquia,Medellín,60,M,4,Universitario,Independiente,1970000.0,Campaña digital,588.0,False,2,Android,hash_348595,1,0,7,551,4,1,1,0,1,0,0,0.8571428571428571,0.1428571428571428,88.57142857142857,1.0,0.4291155784931013,"Alto
(35-60%)"
CR000685,CL00616,2025-11-04,Microcrédito,4550000,3,0.0435,1650000,Call center,887,0.5893,Excepción,Finalizado,0,0,0,1.0,0,2025-11-23,Santander,Bucaramanga,37,F,2,Bachiller,Empleado,2800000.0,Call center,710.0,True,0,Web,hash_630929,0,0,10,125,2,1,0,0,4,1,0,1.0,0.0,128.5,0.0,0.33819485728664594,"Medio
(15-35%)"
CR000686,CL00616,2026-02-14,Crédito consumo digital,1450000,24,0.0257,82000,Web,889,0.0293,Automática,Activo,0,0,0,0.6666666666666666,0,2025-11-23,Santander,Bucaramanga,37,F,2,Bachiller,Empleado,2800000.0,Call center,710.0,True,0,Web,hash_630929,0,0,10,125,2,1,0,0,4,1,0,1.0,0.0,128.5,0.0,0.14581224264096912,"Bajo
(< 15%)"
CR000687,CL00617,2025-02-03,Crédito consumo digital,400000,12,0.0243,39000,App,731,0.0443,Automática,Mora moderada,0,1,34,0.6666666666666666,2,2024-11-11,Valle del Cauca,Cali,37,F,3,Técnico/Tecnólogo,Desempleado,880000.0,Aliado comercial,543.0,False,1,Android,hash_127215,0,0,12,412,2,2,0,0,4,0,1,0.75,0.1666666666666666,138.58333333333334,0.0,0.5779151732263537,"Alto
(35-60%)"
CR000688,CL00618,2026-01-11,Avance de nómina,500000,9,0.0219,62000,Web,740,0.04,Automática,Activo,0,0,19,0.0,3,2024-12-28,Atlántico,Barranquilla,43,F,5,Técnico/Tecnólogo,Estudiante,1550000.0,App orgánico,532.0,True,2,Android,hash_650162,0,0,9,446,2,3,0,0,3,1,0,0.6666666666666666,0.3333333333333333,150.0,0.0,0.5581460733541846,"Alto
(35-60%)"
CR000691,CL00622,2025-06-04,Crédito consumo digital,1150000,9,0.0227,143000,App,900,0.0668,Automática,Finalizado,0,0,0,1.0,0,2025-07-25,Antioquia,Medellín,41,M,1,Universitario,Independiente,2140000.0,Referido,659.0,False,1,iOS,hash_185834,0,0,15,217,5,2,2,0,4,0,2,0.8,0.0666666666666666,151.66666666666666,1.0,0.21874147310843672,"Medio
(15-35%)"
CR000692,CL00623,2025-12-24,Crédito consumo digital,1300000,12,0.0389,138000,App,800,0.068,Automática,Mora moderada,0,1,37,0.5,2,2024-08-17,Bogotá D.C.,Bogotá,55,M,4,Universitario,Independiente,2030000.0,App orgánico,576.0,False,1,Android,hash_365199,0,0,17,501,8,2,0,0,6,0,0,1.0,0.0,180.8823529411765,0.0,0.5094086568644078,"Alto
(35-60%)"
CR000694,CL00623,2024-09-24,Crédito consumo digital,1400000,6,0.0228,252000,App,799,0.1241,Automática,Finalizado,0,0,29,0.8333333333333334,1,2024-08-17,Bogotá D.C.,Bogotá,55,M,4,Universitario,Independiente,2030000.0,App orgánico,576.0,False,1,Android,hash_365199,0,0,17,501,8,2,0,0,6,0,0,1.0,0.0,180.8823529411765,0.0,0.4373076457843649,"Alto
(35-60%)"
CR000695,CL00624,2025-02-23,Avance de nómina,3200000,6,0.0318,594000,Aliado,900,0.0911,Automática,Finalizado,0,0,0,1.0,0,2025-01-15,Bolívar,Cartagena,49,F,4,Bachiller,Empleado,6520000.0,App orgánico,675.0,False,1,Web,hash_838561,0,0,11,404,1,0,3,1,5,0,0,0.7272727272727273,0.1818181818181818,119.72727272727272,0.0,0.17281194848867398,"Medio
(15-35%)"
CR000696,CL00625,2025-11-10,Crédito consumo digital,1750000,12,0.0313,177000,App,839,0.077,Automática,Activo,0,0,0,0.8333333333333334,0,2025-01-20,Norte de Santander,Cúcuta,52,F,1,Sin información,Empleado,2300000.0,Aliado comercial,572.0,False,2,Android,hash_592665,0,0,10,382,3,2,2,0,2,0,0,0.7,0.3,103.3,1.0,0.4165432920778857,"Alto
(35-60%)"
CR000697,CL00627,2025-12-19,Crédito consumo digital,1200000,12,0.0295,120000,App,873,0.0358,Automática,Activo,0,0,0,1.0,0,2024-09-28,Antioquia,Medellín,26,F,3,Sin información,Independiente,3350000.0,App orgánico,581.0,False,0,Android,hash_867914,0,0,14,371,7,2,2,0,3,0,0,0.9285714285714286,0.0714285714285714,118.64285714285714,1.0,0.29279068932672075,"Medio
(15-35%)"
CR000698,CL00627,2025-10-19,Avance de nómina,2050000,9,0.0202,251000,App,799,0.0749,Automática,Activo,0,0,25,0.6666666666666666,2,2024-09-28,Antioquia,Medellín,26,F,3,Sin información,Independiente,3350000.0,App orgánico,581.0,False,0,Android,hash_867914,0,0,14,371,7,2,2,0,3,0,0,0.9285714285714286,0.0714285714285714,118.64285714285714,1.0,0.3659839776651415,"Alto
(35-60%)"
CR000699,CL00628,2025-04-24,Crédito consumo digital,2000000,9,0.0328,260000,App,900,0.0613,Automática,Finalizado,0,0,0,1.0,0,2025-03-19,Bogotá D.C.,Bogotá,35,F,4,Universitario,Comerciante,4240000.0,App orgánico,657.0,False,1,Android,hash_479129,0,0,4,173,2,0,0,0,1,0,1,0.5,0.25,113.5,0.0,0.21145643251374513,"Medio
(15-35%)"
CR000700,CL00629,2025-01-01,Crédito consumo digital,1350000,12,0.0216,129000,App,880,0.0382,Automática,Finalizado,0,0,0,1.0,0,2023-09-15,Antioquia,Medellín,37,M,1,Bachiller,Empleado,3380000.0,Campaña digital,662.0,False,2,iOS,hash_198980,0,0,11,824,3,1,3,1,2,1,0,0.6363636363636364,0.2727272727272727,182.0,3.0,0.1598817422884722,"Medio
(15-35%)"
CR000701,CL00630,2025-08-02,Microcrédito,1650000,3,0.0413,596000,App,842,0.1868,Automática,Finalizado,0,0,0,1.0,0,2024-04-22,Bogotá D.C.,Bogotá,47,F,3,Técnico/Tecnólogo,Comerciante,3190000.0,App orgánico,572.0,False,2,Web,hash_342282,0,0,13,693,6,2,0,0,2,0,1,0.8461538461538461,0.0769230769230769,136.07692307692307,0.0,0.44168038283613137,"Alto
(35-60%)"
CR000702,CL00630,2025-06-14,Avance de nómina,700000,6,0.0317,130000,Web,890,0.0408,Automática,Finalizado,0,0,0,1.0,0,2024-04-22,Bogotá D.C.,Bogotá,47,F,3,Técnico/Tecnólogo,Comerciante,3190000.0,App orgánico,572.0,False,2,Web,hash_342282,0,0,13,693,6,2,0,0,2,0,1,0.8461538461538461,0.0769230769230769,136.07692307692307,0.0,0.3212234327240598,"Medio
(15-35%)"
CR000704,CL00634,2024-10-19,Crédito consumo digital,1450000,6,0.028,266000,Web,827,0.0836,Automática,Mora moderada,0,1,56,0.6666666666666666,2,2024-03-16,Bolívar,Cartagena,32,F,4,Bachiller,Independiente,3180000.0,Referido,565.0,True,0,Android,hash_997148,0,0,13,656,5,0,3,1,1,0,2,0.6923076923076923,0.0769230769230769,138.46153846153845,0.0,0.5259393610135562,"Alto
(35-60%)"
CR000705,CL00635,2024-02-29,Crédito libre inversión,1500000,6,0.0195,267000,Web,797,0.1236,Automática,Finalizado,0,0,0,1.0,0,2023-09-04,Cundinamarca,Soacha,26,F,1,Técnico/Tecnólogo,Empleado,2160000.0,Referido,511.0,False,4,Android,hash_811182,0,0,13,752,4,1,2,1,2,1,0,0.6153846153846154,0.3076923076923077,152.53846153846155,2.0,0.6212003781379157,"Muy alto
(> 60%)"
CR000706,CL00635,2025-04-11,Desconocido,2350000,9,0.0221,291000,Aliado,883,0.1027,Automática,Finalizado,0,0,0,1.0,0,2023-09-04,Cundinamarca,Soacha,26,F,1,Técnico/Tecnólogo,Empleado,2160000.0,Referido,511.0,False,4,Android,hash_811182,0,0,13,752,4,1,2,1,2,1,0,0.6153846153846154,0.3076923076923077,152.53846153846155,2.0,0.5124142649904093,"Alto
(35-60%)"
CR000707,CL00636,2025-02-21,Crédito libre inversión,4300000,3,0.0285,1516000,App,717,0.6451,Excepción,Mora moderada,0,1,47,0.3333333333333333,2,2024-03-06,Valle del Cauca,Cali,19,M,2,Técnico/Tecnólogo,Independiente,2350000.0,Referido,520.0,False,2,Android,hash_751286,0,0,11,677,2,1,4,0,1,0,1,0.8181818181818182,0.0909090909090909,229.45454545454547,4.0,0.7003844126584811,"Muy alto
(> 60%)"
CR000708,CL00637,2025-10-04,Crédito libre inversión,3600000,18,0.0291,260000,App,846,0.1083,Automática,Activo,0,0,0,1.0,0,2023-11-30,Santander,Bucaramanga,44,F,4,Universitario,Pensionado,2400000.0,Aliado comercial,601.0,False,4,Android,hash_730167,0,0,11,386,4,3,1,1,1,1,0,0.7272727272727273,0.1818181818181818,128.54545454545453,0.3333333333333333,0.3425693091228111,"Medio
(15-35%)"
CR000709,CL00637,2025-10-10,Crédito consumo digital,1450000,6,0.0222,261000,Aliado,842,0.1087,Automática,Finalizado,0,0,0,1.0,0,2023-11-30,Santander,Bucaramanga,44,F,4,Universitario,Pensionado,2400000.0,Aliado comercial,601.0,False,4,Android,hash_730167,0,0,11,386,4,3,1,1,1,1,0,0.7272727272727273,0.1818181818181818,128.54545454545453,0.3333333333333333,0.3136491421058296,"Medio
(15-35%)"
CR000711,CL00640,2023-12-18,Crédito consumo digital,1800000,3,0.033,640000,Web,879,0.2184,Automática,Finalizado,0,0,0,1.0,0,2023-03-28,Antioquia,Medellín,23,M,4,Bachiller,Microempresario,2930000.0,Referido,541.0,False,2,Web,hash_816537,0,0,11,1041,3,1,3,0,2,1,1,0.8181818181818182,0.0909090909090909,139.1818181818182,3.0,0.4477932587377766,"Alto
(35-60%)"
CR000713,CL00642,2025-08-13,Crédito libre inversión,2850000,6,0.0192,507000,App,900,0.1331,Automática,Finalizado,0,0,3,0.8333333333333334,1,2023-12-29,Antioquia,Medellín,53,M,3,Universitario,Empleado,3810000.0,App orgánico,633.0,True,3,iOS,hash_759045,0,0,8,782,2,1,1,0,2,1,0,0.75,0.25,155.75,1.0,0.21690977451148769,"Medio
(15-35%)"
CR000714,CL00643,2025-08-21,Crédito libre inversión,5150000,9,0.0316,666000,App,792,0.333,Automática,Activo,0,0,15,0.8333333333333334,1,2025-04-25,Valle del Cauca,Cali,33,M,2,Bachiller,Empleado,2000000.0,Referido,555.0,False,1,Android,hash_202666,0,0,7,317,2,0,1,0,0,0,2,0.7142857142857143,0.0,184.0,0.0,0.652887028972385,"Muy alto
(> 60%)"
CR000715,CL00645,2025-12-09,Crédito consumo digital,700000,6,0.0379,133000,Web,825,0.0686,Automática,Activo,0,0,0,0.8,0,2025-12-05,Atlántico,Barranquilla,34,M,2,Técnico/Tecnólogo,Empleado,1940000.0,Campaña digital,574.0,False,0,Android,hash_153533,0,0,10,105,1,1,2,1,1,1,3,0.6,0.0,186.0,2.0,0.35905808223590635,"Alto
(35-60%)"
CR000716,CL00646,2026-01-05,Crédito consumo digital,250000,12,0.0336,26000,App,642,0.0813,Automática,Activo,0,0,23,0.5,1,2024-12-05,Risaralda,Pereira,33,F,1,Bachiller,Desempleado,320000.0,Campaña digital,415.0,False,0,iOS,hash_993850,0,0,10,444,3,0,2,1,1,1,1,0.6,0.2,90.1,0.0,0.6055096392806679,"Muy alto
(> 60%)"
CR000718,CL00648,2025-10-08,Microcrédito,2900000,6,0.0254,527000,Aliado,875,0.2474,Automática,Mora severa,0,1,60,0.8333333333333334,1,2025-03-26,Bogotá D.C.,Bogotá,35,F,4,Técnico/Tecnólogo,Independiente,2130000.0,Campaña digital,605.0,False,1,Android,hash_140002,0,0,7,258,1,1,0,0,1,2,2,0.4285714285714285,0.2857142857142857,234.8571428571429,0.0,0.47914139650929366,"Alto
(35-60%)"
CR000719,CL00649,2025-10-02,Crédito libre inversión,1650000,9,0.0195,202000,App,844,0.1202,Automática,Activo,0,0,0,1.0,0,2025-12-14,Valle del Cauca,Cali,34,F,2,Técnico/Tecnólogo,Comerciante,1680000.0,Referido,577.0,False,1,iOS,hash_382868,0,0,8,114,2,2,0,0,2,0,1,0.875,0.0,114.375,0.0,0.34772623969461697,"Medio
(15-35%)"
CR000720,CL00652,2025-05-14,Crédito consumo digital,2000000,12,0.0265,197000,App,704,0.0437,Automática,Activo,0,0,0,1.0,0,2024-02-20,Bogotá D.C.,Bogotá,47,M,4,Bachiller,Empleado,4510000.0,Call center,588.0,True,1,iOS,hash_196917,1,0,5,522,3,1,0,0,1,0,0,0.8,0.2,161.0,0.0,0.39627904449228984,"Alto
(35-60%)"
CR000721,CL00653,2023-12-11,Crédito libre inversión,1550000,9,0.0333,202000,App,900,0.108,Automática,Mora moderada,0,0,3,0.8333333333333334,1,2023-08-24,Norte de Santander,Cúcuta,33,F,2,Técnico/Tecnólogo,Independiente,1870000.0,Referido,578.0,True,0,iOS,hash_605074,0,0,15,779,4,1,4,0,2,0,2,0.8,0.0666666666666666,124.26666666666668,4.0,0.3449034648075093,"Medio
(15-35%)"
CR000722,CL00653,2026-01-25,Crédito libre inversión,1900000,12,0.0259,186000,App,798,0.0995,Automática,Activo,0,0,0,1.0,0,2023-08-24,Norte de Santander,Cúcuta,33,F,2,Técnico/Tecnólogo,Independiente,1870000.0,Referido,578.0,True,0,iOS,hash_605074,0,0,15,779,4,1,4,0,2,0,2,0.8,0.0666666666666666,124.26666666666668,4.0,0.43223575621074367,"Alto
(35-60%)"
CR000723,CL00654,2025-10-18,Crédito consumo digital,3650000,12,0.0356,379000,Web,888,0.0806,Automática,Activo,0,0,0,1.0,0,2024-06-01,Bogotá D.C.,Bogotá,25,F,5,Técnico/Tecnólogo,Empleado,4700000.0,Referido,645.0,False,3,iOS,hash_319248,0,0,7,546,2,1,1,0,2,1,0,0.7142857142857143,0.2857142857142857,124.85714285714286,1.0,0.19394183684841465,"Medio
(15-35%)"
CR000724,CL00656,2024-07-26,Crédito consumo digital,1750000,6,0.0318,325000,Aliado,900,0.0874,Automática,Mora moderada,0,1,32,0.8333333333333334,1,2024-03-24,Bogotá D.C.,Bogotá,37,M,2,Técnico/Tecnólogo,Microempresario,3720000.0,App orgánico,634.0,False,1,Android,hash_997383,0,0,19,703,8,3,1,0,5,0,2,0.7368421052631579,0.1578947368421052,134.21052631578948,0.3333333333333333,0.3762892825913313,"Alto
(35-60%)"
CR000725,CL00656,2025-06-11,Crédito consumo digital,3200000,3,0.0268,1124000,Aliado,900,0.3022,Automática,Finalizado,0,0,0,1.0,0,2024-03-24,Bogotá D.C.,Bogotá,37,M,2,Técnico/Tecnólogo,Microempresario,3720000.0,App orgánico,634.0,False,1,Android,hash_997383,0,0,19,703,8,3,1,0,5,0,2,0.7368421052631579,0.1578947368421052,134.21052631578948,0.3333333333333333,0.3645922288711838,"Alto
(35-60%)"
CR000726,CL00656,2025-12-31,Crédito consumo digital,2050000,12,0.0205,194000,App,891,0.0522,Automática,Activo,0,0,0,1.0,0,2024-03-24,Bogotá D.C.,Bogotá,37,M,2,Técnico/Tecnólogo,Microempresario,3720000.0,App orgánico,634.0,False,1,Android,hash_997383,0,0,19,703,8,3,1,0,5,0,2,0.7368421052631579,0.1578947368421052,134.21052631578948,0.3333333333333333,0.2195362949396946,"Medio
(15-35%)"
CR000727,CL00657,2024-04-14,Crédito libre inversión,2900000,18,0.0175,189000,Web,841,0.1033,Automática,Mora moderada,0,0,26,0.8333333333333334,1,2023-12-03,Valle del Cauca,Cali,36,F,4,Bachiller,Conductor/Repartidor,1830000.0,Aliado comercial,547.0,False,0,Android,hash_405242,0,0,11,785,2,2,1,0,5,0,1,0.8181818181818182,0.0909090909090909,139.36363636363637,0.5,0.4339936906159261,"Alto
(35-60%)"
CR000728,CL00658,2023-09-30,Crédito consumo digital,1150000,6,0.0333,215000,Web,860,0.0907,Automática,Finalizado,0,0,19,0.8333333333333334,1,2023-05-07,Risaralda,Pereira,36,F,1,Técnico/Tecnólogo,Empleado,2370000.0,App orgánico,569.0,True,2,Web,hash_300741,0,0,14,769,3,2,3,1,1,0,2,0.5714285714285714,0.2142857142857142,147.85714285714286,1.5,0.38689256396632454,"Alto
(35-60%)"
CR000729,CL00658,2024-11-28,Crédito libre inversión,2350000,24,0.0201,124000,App,822,0.0523,Automática,Activo,0,0,0,1.0,0,2023-05-07,Risaralda,Pereira,36,F,1,Técnico/Tecnólogo,Empleado,2370000.0,App orgánico,569.0,True,2,Web,hash_300741,0,0,14,769,3,2,3,1,1,0,2,0.5714285714285714,0.2142857142857142,147.85714285714286,1.5,0.4173957505644218,"Alto
(35-60%)"
CR000730,CL00659,2025-05-20,Avance de nómina,250000,6,0.0228,45000,Web,714,0.0517,Automática,Mora moderada,0,1,46,0.8333333333333334,1,2025-08-20,Antioquia,Medellín,38,F,2,Bachiller,Desempleado,870000.0,App orgánico,448.0,False,2,iOS,hash_796001,0,0,10,232,2,3,3,0,2,0,0,0.8,0.2,195.0,1.0,0.6993313765571504,"Muy alto
(> 60%)"
CR000731,CL00659,2025-07-07,Crédito consumo digital,300000,6,0.0236,54000,App,704,0.0621,Automática,Mora severa,0,1,65,0.6666666666666666,2,2025-08-20,Antioquia,Medellín,38,F,2,Bachiller,Desempleado,870000.0,App orgánico,448.0,False,2,iOS,hash_796001,0,0,10,232,2,3,3,0,2,0,0,0.8,0.2,195.0,1.0,0.7228066032784881,"Muy alto
(> 60%)"
CR000732,CL00660,2026-01-27,Crédito consumo digital,400000,18,0.034,30000,App,827,0.0194,Automática,Activo,0,0,13,0.3333333333333333,2,2025-06-19,Antioquia,Medellín,35,F,3,Universitario,Conductor/Repartidor,1550000.0,Referido,572.0,False,1,Android,hash_648297,0,0,8,265,2,0,3,0,0,0,1,0.75,0.125,173.875,0.0,0.437355080882802,"Alto
(35-60%)"
CR000733,CL00661,2025-08-29,Crédito libre inversión,15050000,6,0.0281,2761000,Aliado,849,0.6218,Excepción,Finalizado,0,0,22,0.8333333333333334,1,2025-09-12,Santander,Bucaramanga,30,F,4,Técnico/Tecnólogo,Comerciante,4440000.0,Aliado comercial,616.0,False,1,iOS,hash_642618,0,0,6,186,4,0,2,0,0,0,0,0.8333333333333334,0.1666666666666666,137.16666666666666,0.0,0.41288047018576024,"Alto
(35-60%)"
CR000734,CL00663,2025-08-24,Crédito libre inversión,3600000,9,0.0196,440000,App,793,0.129,Automática,Mora severa,0,1,96,0.6666666666666666,2,2025-03-19,Atlántico,Barranquilla,36,M,2,Bachiller,Comerciante,3410000.0,Campaña digital,556.0,False,2,Android,hash_122205,0,0,7,343,3,0,0,0,3,0,0,1.0,0.0,226.14285714285717,0.0,0.5807138412980405,"Alto
(35-60%)"
CR000735,CL00666,2023-09-14,Crédito consumo digital,2850000,6,0.0312,528000,Aliado,900,0.0805,Automática,Finalizado,0,0,0,1.0,0,2023-08-21,Santander,Bucaramanga,37,M,2,Técnico/Tecnólogo,Empleado,6560000.0,Referido,647.0,True,3,Android,hash_139244,0,0,23,858,5,4,2,0,7,1,1,0.8260869565217391,0.1304347826086956,160.6086956521739,0.5,0.17482990231616616,"Medio
(15-35%)"
CR000736,CL00666,2025-01-26,Crédito consumo digital,3350000,12,0.0305,338000,App,900,0.0515,Automática,Finalizado,0,0,0,1.0,0,2023-08-21,Santander,Bucaramanga,37,M,2,Técnico/Tecnólogo,Empleado,6560000.0,Referido,647.0,True,3,Android,hash_139244,0,0,23,858,5,4,2,0,7,1,1,0.8260869565217391,0.1304347826086956,160.6086956521739,0.5,0.13223589469410788,"Bajo
(< 15%)"
CR000737,CL00666,2025-11-08,Avance de nómina,3950000,9,0.0282,503000,App,900,0.0767,Automática,Activo,0,0,0,0.8333333333333334,0,2023-08-21,Santander,Bucaramanga,37,M,2,Técnico/Tecnólogo,Empleado,6560000.0,Referido,647.0,True,3,Android,hash_139244,0,0,23,858,5,4,2,0,7,1,1,0.8260869565217391,0.1304347826086956,160.6086956521739,0.5,0.1528133068646671,"Medio
(15-35%)"
CR000738,CL00667,2025-11-10,Crédito libre inversión,2800000,9,0.0201,343000,App,829,0.1309,Automática,Activo,0,0,0,0.8333333333333334,0,2023-08-28,Santander,Bucaramanga,33,No informa,4,Universitario,Empleado,2620000.0,Campaña digital,645.0,True,1,Android,hash_960276,0,0,19,695,7,0,3,1,5,1,2,0.5789473684210527,0.2631578947368421,132.0,0.0,0.3550271288734022,"Alto
(35-60%)"
CR000739,CL00667,2024-04-10,Crédito libre inversión,5500000,12,0.0212,524000,Web,891,0.2,Automática,Mora severa,0,1,120,0.8333333333333334,1,2023-08-28,Santander,Bucaramanga,33,No informa,4,Universitario,Empleado,2620000.0,Campaña digital,645.0,True,1,Android,hash_960276,0,0,19,695,7,0,3,1,5,1,2,0.5789473684210527,0.2631578947368421,132.0,0.0,0.4023845100569906,"Alto
(35-60%)"
CR000740,CL00668,2025-03-15,Crédito libre inversión,1850000,12,0.0233,178000,Aliado,767,0.0957,Automática,Mora moderada,0,1,41,0.3333333333333333,4,2023-11-16,Atlántico,Barranquilla,51,M,2,Universitario,Empleado,1860000.0,Call center,492.0,False,0,Android,hash_326845,0,0,23,823,2,2,4,1,4,7,2,0.782608695652174,0.0869565217391304,194.7826086956522,2.0,0.634558721058056,"Muy alto
(> 60%)"
CR000741,CL00668,2024-03-25,Crédito consumo digital,800000,6,0.0253,145000,Web,742,0.078,Automática,Finalizado,0,0,6,0.8333333333333334,1,2023-11-16,Atlántico,Barranquilla,51,M,2,Universitario,Empleado,1860000.0,Call center,492.0,False,0,Android,hash_326845,0,0,23,823,2,2,4,1,4,7,2,0.782608695652174,0.0869565217391304,194.7826086956522,2.0,0.5133314457225913,"Alto
(35-60%)"
CR000742,CL00670,2025-05-19,Crédito consumo digital,1200000,9,0.0363,159000,App,900,0.0292,Automática,Finalizado,0,0,0,1.0,0,2025-01-06,Bogotá D.C.,Bogotá,47,F,4,Universitario,Comerciante,5440000.0,Aliado comercial,684.0,False,1,iOS,hash_776367,0,0,11,431,2,0,0,3,6,0,0,0.7272727272727273,0.0,170.36363636363637,0.0,0.10746274803716227,"Bajo
(< 15%)"
CR000743,CL00671,2025-12-17,Microcrédito,2650000,12,0.0268,261000,App,900,0.0967,Automática,Activo,0,0,6,0.75,1,2024-09-04,Bogotá D.C.,Bogotá,48,M,3,Universitario,Empleado,2700000.0,Call center,641.0,True,3,Android,hash_686463,0,0,5,409,1,0,1,1,1,0,1,0.6,0.0,97.4,0.0,0.22932543034166314,"Medio
(15-35%)"
CR000744,CL00672,2026-02-11,Avance de nómina,2250000,6,0.0199,402000,App,900,0.0719,Automática,Activo,0,0,0,0.6666666666666666,0,2025-11-27,Bogotá D.C.,Bogotá,19,M,3,Bachiller,Empleado,5590000.0,Aliado comercial,687.0,False,1,Android,hash_866159,0,0,9,132,1,2,1,1,2,0,1,0.6666666666666666,0.1111111111111111,122.55555555555556,0.5,0.2006619675567482,"Medio
(15-35%)"
CR000745,CL00673,2023-05-15,Crédito consumo digital,2350000,12,0.0266,231000,Web,900,0.0353,Automática,Finalizado,0,0,0,1.0,0,2023-03-25,Bogotá D.C.,Bogotá,33,M,4,Universitario,Empleado,6550000.0,Campaña digital,774.0,False,3,iOS,hash_954638,0,0,5,932,1,2,0,0,2,0,0,0.8,0.2,263.8,0.0,0.1035584155081562,"Bajo
(< 15%)"
CR000746,CL00674,2025-10-02,Crédito consumo digital,1450000,9,0.0294,186000,App,807,0.0916,Automática,Activo,0,0,0,1.0,0,2023-08-08,Antioquia,Medellín,32,M,1,Bachiller,Empleado,2030000.0,Campaña digital,495.0,True,1,Android,hash_263878,0,0,19,946,2,2,3,0,8,0,2,0.8421052631578947,0.0526315789473684,191.8947368421053,1.5,0.4282790717887046,"Alto
(35-60%)"
CR000747,CL00674,2024-11-09,Microcrédito,1000000,3,0.0439,363000,Web,737,0.1788,Automática,Finalizado,0,0,0,1.0,0,2023-08-08,Antioquia,Medellín,32,M,1,Bachiller,Empleado,2030000.0,Campaña digital,495.0,True,1,Android,hash_263878,0,0,19,946,2,2,3,0,8,0,2,0.8421052631578947,0.0526315789473684,191.8947368421053,1.5,0.5229749195388167,"Alto
(35-60%)"
CR000749,CL00677,2025-09-08,Crédito consumo digital,1550000,9,0.036,205000,App,900,0.0582,Automática,Activo,0,0,9,0.6666666666666666,2,2025-01-07,Santander,Bucaramanga,25,M,5,Técnico/Tecnólogo,Empleado,3520000.0,Aliado comercial,604.0,False,0,Android,hash_245250,0,0,17,451,6,4,1,0,5,0,0,0.8235294117647058,0.1764705882352941,150.41176470588235,0.25,0.1930155387956596,"Medio
(15-35%)"
CR000750,CL00678,2024-08-16,Crédito consumo digital,850000,6,0.0211,152000,App,900,0.071,Automática,Finalizado,0,0,0,1.0,0,2023-06-07,Norte de Santander,Cúcuta,54,M,2,Bachiller,Empleado,2140000.0,Campaña digital,658.0,True,0,Android,hash_751286,0,0,9,813,3,1,1,1,2,1,0,0.6666666666666666,0.2222222222222222,164.66666666666666,1.0,0.23258336849878383,"Medio
(15-35%)"
CR000751,CL00679,2025-06-04,Crédito consumo digital,650000,12,0.0348,67000,Web,780,0.0698,Automática,Mora severa,0,1,95,0.6666666666666666,2,2024-08-11,Atlántico,Barranquilla,45,M,2,Sin información,Independiente,960000.0,Campaña digital,441.0,False,0,Android,hash_902251,0,0,8,511,2,4,1,0,0,1,0,0.875,0.125,144.375,0.25,0.601253810689523,"Muy alto
(> 60%)"
CR000752,CL00680,2025-09-09,Avance de nómina,1550000,9,0.0251,195000,App,873,0.0714,Automática,Mora moderada,0,1,43,0.5,3,2025-07-14,Santander,Bucaramanga,49,M,4,Bachiller,Conductor/Repartidor,2730000.0,App orgánico,594.0,False,1,Android,hash_506906,0,0,22,266,4,4,3,0,4,2,4,0.7727272727272727,0.0454545454545454,170.77272727272728,0.75,0.28037122278750093,"Medio
(15-35%)"
CR000753,CL00680,2025-09-20,Crédito libre inversión,3200000,9,0.0238,399000,App,791,0.1462,Automática,Mora moderada,0,1,34,0.5,3,2025-07-14,Santander,Bucaramanga,49,M,4,Bachiller,Conductor/Repartidor,2730000.0,App orgánico,594.0,False,1,Android,hash_506906,0,0,22,266,4,4,3,0,4,2,4,0.7727272727272727,0.0454545454545454,170.77272727272728,0.75,0.5884676194724151,"Alto
(35-60%)"
CR000754,CL00682,2026-01-05,Crédito libre inversión,7200000,12,0.0198,680000,Web,794,0.1809,Automática,Activo,0,0,0,0.75,0,2025-06-30,Risaralda,Pereira,25,F,3,Bachiller,Empleado,3760000.0,Aliado comercial,669.0,True,0,Android,hash_893936,0,0,4,174,2,0,0,0,1,1,0,0.5,0.5,176.0,0.0,0.35781024168012265,"Alto
(35-60%)"
CR000755,CL00683,2025-06-02,Microcrédito,1450000,3,0.0364,519000,App,819,0.2437,Automática,Finalizado,0,0,0,1.0,0,2025-02-05,Atlántico,Barranquilla,31,F,1,Sin información,Empleado,2130000.0,Referido,552.0,True,2,Android,hash_824203,0,0,14,402,4,5,1,0,1,0,1,0.7857142857142857,0.1428571428571428,182.64285714285717,0.2,0.46816055621636343,"Alto
(35-60%)"
CR000756,CL00685,2024-11-19,Avance de nómina,1050000,6,0.0205,188000,Web,789,0.1182,Automática,Mora severa,0,1,60,0.5,3,2023-12-01,Antioquia,Medellín,24,M,1,Técnico/Tecnólogo,Comerciante,1590000.0,App orgánico,465.0,False,0,Android,hash_132548,0,0,3,53,1,1,0,0,0,1,0,0.0,1.0,90.66666666666669,0.0,0.6653763982768952,"Muy alto
(> 60%)"
CR000757,CL00687,2025-09-12,Crédito libre inversión,4950000,3,0.0301,1750000,Web,900,0.5087,Manual,Mora severa,0,1,86,0.6666666666666666,1,2024-08-02,Antioquia,Medellín,34,M,3,Bachiller,Independiente,3440000.0,Referido,695.0,False,0,Web,hash_474016,0,0,11,452,3,1,1,1,4,0,1,0.6363636363636364,0.1818181818181818,120.36363636363636,1.0,0.44453128735004727,"Alto
(35-60%)"
CR000758,CL00688,2026-02-11,Microcrédito,4450000,9,0.0265,562000,Web,900,0.0914,Automática,Activo,0,0,0,0.6666666666666666,0,2024-10-23,Bogotá D.C.,Bogotá,32,M,4,Posgrado,Empleado,6150000.0,Referido,706.0,True,3,Android,hash_868278,0,0,10,441,2,2,1,0,3,0,2,0.7,0.1,169.5,0.5,0.15466300028441776,"Medio
(15-35%)"
CR000759,CL00689,2026-01-06,Crédito consumo digital,1800000,6,0.0367,340000,App,900,0.0688,Automática,Activo,0,0,24,0.5,1,2025-04-22,Bogotá D.C.,Bogotá,43,F,2,Bachiller,Comerciante,4940000.0,App orgánico,608.0,True,0,Android,hash_229327,0,0,9,352,2,0,1,0,4,0,1,0.6666666666666666,0.2222222222222222,150.22222222222223,0.0,0.244900391088284,"Medio
(15-35%)"
CR000760,CL00690,2025-02-01,Crédito libre inversión,4200000,12,0.0175,391000,App,748,0.1975,Automática,Finalizado,0,0,13,0.8333333333333334,1,2024-08-14,Bogotá D.C.,Bogotá,40,M,2,Universitario,Microempresario,1980000.0,Campaña digital,539.0,False,3,iOS,hash_439899,0,0,8,407,2,1,0,0,3,1,1,0.625,0.25,213.75,0.0,0.5775042326355595,"Alto
(35-60%)"
CR000762,CL00691,2025-09-18,Avance de nómina,400000,3,0.0234,140000,Web,850,0.0443,Automática,Finalizado,0,0,0,1.0,0,2025-11-11,Santander,Bucaramanga,32,M,2,Técnico/Tecnólogo,Empleado,3160000.0,Campaña digital,644.0,True,2,Web,hash_798512,0,0,20,148,4,6,4,0,4,1,0,0.8,0.2,154.15,0.6666666666666666,0.22705639126479607,"Medio
(15-35%)"
CR000763,CL00691,2025-12-19,Crédito consumo digital,1950000,6,0.0255,355000,Aliado,807,0.1123,Automática,Activo,0,0,26,0.75,1,2025-11-11,Santander,Bucaramanga,32,M,2,Técnico/Tecnólogo,Empleado,3160000.0,Campaña digital,644.0,True,2,Web,hash_798512,0,0,20,148,4,6,4,0,4,1,0,0.8,0.2,154.15,0.6666666666666666,0.3166129256315065,"Medio
(15-35%)"
CR000764,CL00692,2025-08-16,Crédito consumo digital,4300000,12,0.0369,450000,App,819,0.1475,Automática,Activo,0,0,0,1.0,0,2025-04-11,Bogotá D.C.,Bogotá,48,M,2,Universitario,Empleado,3050000.0,Call center,587.0,True,2,Android,hash_629075,0,0,8,296,2,3,0,1,2,0,0,0.875,0.0,139.625,0.0,0.3618297701477119,"Alto
(35-60%)"
CR000766,CL00693,2025-05-21,Crédito consumo digital,3850000,9,0.0226,477000,App,745,0.1463,Automática,Finalizado,0,0,7,0.8333333333333334,1,2025-10-13,Bogotá D.C.,Bogotá,25,F,3,Técnico/Tecnólogo,Independiente,3260000.0,Campaña digital,550.0,False,0,iOS,hash_139726,0,0,12,194,2,4,1,0,4,1,0,1.0,0.0,117.08333333333331,0.25,0.4665983887410159,"Alto
(35-60%)"
CR000767,CL00694,2024-01-19,Crédito consumo digital,900000,9,0.038,120000,Aliado,786,0.0656,Automática,Finalizado,0,0,19,0.8333333333333334,1,2023-04-05,Antioquia,Medellín,42,M,2,Sin información,Pensionado,1830000.0,Campaña digital,526.0,True,1,iOS,hash_385201,0,0,8,978,3,0,1,0,3,1,0,0.75,0.25,112.0,0.0,0.4847673608818409,"Alto
(35-60%)"
CR000768,CL00695,2024-12-06,Microcrédito,1100000,18,0.0294,80000,Call center,763,0.0497,Automática,Mora moderada,0,0,27,0.3333333333333333,4,2024-04-28,Bogotá D.C.,Bogotá,42,No informa,3,Bachiller,Empleado,1610000.0,Aliado comercial,485.0,False,0,Web,hash_512126,0,0,14,678,6,3,2,0,2,0,1,0.7142857142857143,0.2142857142857142,146.85714285714286,0.6666666666666666,0.537301782359211,"Alto
(35-60%)"
CR000769,CL00696,2025-02-13,Crédito libre inversión,4800000,12,0.0226,461000,Web,900,0.1368,Automática,Finalizado,0,0,0,1.0,0,2024-08-03,Antioquia,Medellín,33,M,5,Técnico/Tecnólogo,Independiente,3370000.0,Aliado comercial,654.0,False,3,Android,hash_191005,0,0,11,481,3,4,1,0,2,0,1,0.8181818181818182,0.0909090909090909,131.63636363636363,0.25,0.33750027584315423,"Medio
(15-35%)"
CR000770,CL00696,2024-10-01,Crédito libre inversión,4700000,12,0.029,469000,Aliado,876,0.1392,Automática,Mora moderada,0,1,40,0.8333333333333334,1,2024-08-03,Antioquia,Medellín,33,M,5,Técnico/Tecnólogo,Independiente,3370000.0,Aliado comercial,654.0,False,3,Android,hash_191005,0,0,11,481,3,4,1,0,2,0,1,0.8181818181818182,0.0909090909090909,131.63636363636363,0.25,0.44403103515335024,"Alto
(35-60%)"
CR000771,CL00697,2025-01-27,Microcrédito,7850000,12,0.032,798000,App,900,0.1213,Automática,Mora moderada,0,0,0,1.0,0,2024-05-21,Valle del Cauca,Cali,39,M,6,Universitario,Comerciante,6580000.0,Referido,809.0,False,1,Android,hash_523190,0,0,11,636,1,3,3,0,1,1,1,0.8181818181818182,0.0909090909090909,146.0,1.0,0.18641530107537502,"Medio
(15-35%)"
CR000772,CL00698,2025-10-13,Crédito consumo digital,650000,12,0.03,65000,Aliado,880,0.0253,Automática,Activo,0,0,0,1.0,0,2025-07-19,Tolima,Ibagué,23,M,2,Bachiller,Microempresario,3240000.0,Referido,639.0,True,3,Web,hash_161779,0,0,6,98,2,1,1,1,0,0,0,0.8333333333333334,0.0,100.5,1.0,0.2943418067972442,"Medio
(15-35%)"
CR000773,CL00699,2025-09-23,Microcrédito,5550000,6,0.0423,1067000,Aliado,771,0.4917,Manual,Mora moderada,0,1,51,0.5,3,2024-02-17,Antioquia,Medellín,45,F,2,Universitario,Comerciante,2170000.0,App orgánico,583.0,False,1,Android,hash_123814,0,0,16,700,4,4,3,0,1,1,2,0.875,0.0,191.25,0.75,0.610725963372484,"Muy alto
(> 60%)"
CR000774,CL00700,2024-12-16,Avance de nómina,1650000,18,0.0277,118000,Aliado,877,0.0387,Automática,Activo,0,0,0,1.0,0,2024-06-12,Bogotá D.C.,Bogotá,34,M,5,Bachiller,Empleado,3050000.0,App orgánico,744.0,False,3,iOS,hash_543108,0,0,8,629,2,2,1,1,1,0,1,0.625,0.125,139.25,0.5,0.15885544274303703,"Medio
(15-35%)"
CR000775,CL00701,2025-04-25,Crédito consumo digital,2300000,9,0.0276,292000,App,776,0.1136,Automática,Finalizado,0,0,0,1.0,0,2023-06-09,Tolima,Ibagué,31,M,6,Técnico/Tecnólogo,Estudiante,-1.0,App orgánico,559.0,True,2,Android,hash_287213,0,0,7,955,2,0,0,0,2,1,0,0.8571428571428571,0.1428571428571428,184.57142857142856,0.0,0.5720197765845061,"Alto
(35-60%)"
CR000776,CL00702,2024-10-04,Crédito consumo digital,1150000,6,0.0288,211000,Call center,900,0.0776,Automática,Finalizado,0,0,0,1.0,0,2023-04-11,Bogotá D.C.,Bogotá,46,M,2,Técnico/Tecnólogo,Independiente,2720000.0,Referido,694.0,False,1,iOS,hash_177001,0,0,13,706,2,3,2,1,4,0,1,0.7692307692307693,0.0769230769230769,136.0,0.6666666666666666,0.2132720816906703,"Medio
(15-35%)"
CR000777,CL00703,2026-01-18,Microcrédito,950000,24,0.0405,63000,App,755,0.0229,Automática,Activo,0,0,12,0.3333333333333333,2,2025-11-30,Valle del Cauca,Cali,29,F,1,Bachiller,Empleado,2750000.0,App orgánico,534.0,False,0,Android,hash_297935,0,0,12,146,3,0,1,2,2,0,1,0.6666666666666666,0.0833333333333333,141.0,0.0,0.5175849200051446,"Alto
(35-60%)"
CR000778,CL00704,2025-06-25,Crédito consumo digital,950000,6,0.0276,174000,App,609,0.0677,Manual,Finalizado,0,0,3,0.8333333333333334,1,2024-12-28,Bogotá D.C.,Bogotá,22,F,3,Universitario,Empleado,2950000.0,Referido,588.0,True,0,Android,hash_121536,1,0,10,367,3,0,0,1,4,1,0,0.8,0.1,126.9,0.0,0.4736418891625037,"Alto
(35-60%)"
CR000779,CL00705,2025-01-10,Microcrédito,1800000,6,0.0356,338000,Web,792,0.0983,Automática,Mora moderada,0,1,57,0.6666666666666666,2,2023-08-24,Bogotá D.C.,Bogotá,20,M,3,Posgrado,Independiente,3440000.0,Referido,544.0,False,1,Android,hash_117352,0,0,4,624,3,0,0,0,1,0,0,1.0,0.0,173.0,0.0,0.6467314146793559,"Muy alto
(> 60%)"
CR000780,CL00706,2025-05-14,Crédito libre inversión,1500000,3,0.033,533000,Aliado,850,0.3439,Automática,Finalizado,0,0,0,1.0,0,2024-06-27,Tolima,Ibagué,42,M,2,Bachiller,Independiente,1550000.0,App orgánico,552.0,False,3,Android,hash_412444,0,0,6,223,3,0,0,1,0,2,0,0.8333333333333334,0.0,159.16666666666666,0.0,0.522675341864935,"Alto
(35-60%)"
CR000781,CL00707,2025-11-10,Avance de nómina,1450000,6,0.0254,264000,App,786,0.132,Automática,Activo,0,0,23,0.1666666666666666,4,2023-07-15,Cundinamarca,Soacha,23,M,2,Posgrado,Conductor/Repartidor,2000000.0,Campaña digital,510.0,False,0,Android,hash_750728,0,0,9,700,3,2,0,0,2,1,0,0.7777777777777778,0.2222222222222222,210.88888888888889,0.0,0.5904535892839448,"Alto
(35-60%)"
CR000782,CL00708,2025-12-17,Crédito consumo digital,2500000,24,0.0379,160000,Aliado,900,0.0339,Automática,Activo,0,0,0,1.0,0,2025-12-04,Antioquia,Medellín,54,F,3,Universitario,Microempresario,4720000.0,App orgánico,685.0,False,0,Android,hash_411847,0,0,9,127,4,4,0,0,0,0,1,0.8888888888888888,0.0,101.22222222222224,0.0,0.15250152343321016,"Medio
(15-35%)"
CR000783,CL00709,2025-05-03,Crédito consumo digital,1500000,18,0.0228,102000,Aliado,785,0.0298,Automática,Mora moderada,0,1,34,0.5,3,2024-08-31,Santander,Bucaramanga,19,F,4,Técnico/Tecnólogo,Comerciante,3420000.0,Campaña digital,501.0,True,4,Android,hash_440907,0,0,13,475,3,2,0,0,3,2,3,0.6153846153846154,0.1538461538461538,159.3846153846154,0.0,0.6177613361617323,"Muy alto
(> 60%)"
CR000784,CL00710,2025-09-28,Crédito consumo digital,450000,6,0.0269,82000,Web,722,0.0554,Automática,Finalizado,0,0,12,0.8333333333333334,1,2025-10-17,Valle del Cauca,Cali,53,F,3,Bachiller,Estudiante,1480000.0,Campaña digital,525.0,False,2,Android,hash_358989,0,0,8,131,3,1,1,0,2,1,0,1.0,0.0,215.25,1.0,0.5055064507033216,"Alto
(35-60%)"
CR000786,CL00711,2025-04-11,Avance de nómina,500000,3,0.0199,173000,Aliado,890,0.0558,Automática,Finalizado,0,0,0,1.0,0,2023-08-26,Bogotá D.C.,Bogotá,38,M,6,Técnico/Tecnólogo,Independiente,3100000.0,Aliado comercial,686.0,False,1,Android,hash_434267,0,0,17,802,11,2,1,0,2,0,0,0.8235294117647058,0.1764705882352941,144.23529411764707,0.5,0.22186836166255677,"Medio
(15-35%)"
CR000787,CL00711,2024-09-28,Microcrédito,3250000,12,0.0432,353000,Aliado,844,0.1139,Automática,Finalizado,0,0,0,1.0,0,2023-08-26,Bogotá D.C.,Bogotá,38,M,6,Técnico/Tecnólogo,Independiente,3100000.0,Aliado comercial,686.0,False,1,Android,hash_434267,0,0,17,802,11,2,1,0,2,0,0,0.8235294117647058,0.1764705882352941,144.23529411764707,0.5,0.3408089808437225,"Medio
(15-35%)"
CR000788,CL00711,2025-02-24,Crédito libre inversión,1550000,6,0.0199,277000,App,893,0.0894,Automática,Finalizado,0,0,0,1.0,0,2023-08-26,Bogotá D.C.,Bogotá,38,M,6,Técnico/Tecnólogo,Independiente,3100000.0,Aliado comercial,686.0,False,1,Android,hash_434267,0,0,17,802,11,2,1,0,2,0,0,0.8235294117647058,0.1764705882352941,144.23529411764707,0.5,0.2495613104912823,"Medio
(15-35%)"
CR000790,CL00713,2024-03-26,Microcrédito,7200000,3,0.0305,2548000,Web,893,0.4486,Manual,Finalizado,0,0,0,1.0,0,2023-12-29,Antioquia,Medellín,31,F,5,Universitario,Empleado,5680000.0,App orgánico,716.0,False,1,Android,hash_521399,0,0,5,679,3,1,1,0,0,0,0,1.0,0.0,136.2,1.0,0.25878712482111943,"Medio
(15-35%)"
CR000791,CL00714,2024-06-13,Crédito consumo digital,4550000,12,0.0319,462000,Aliado,900,0.073,Automática,Finalizado,0,0,0,1.0,0,2023-10-30,Bogotá D.C.,Bogotá,40,M,3,Universitario,Empleado,6330000.0,Aliado comercial,797.0,True,2,iOS,hash_356196,0,0,10,784,5,1,1,0,3,0,0,1.0,0.0,136.2,1.0,0.11633167315094177,"Bajo
(< 15%)"
CR000792,CL00715,2025-10-04,Crédito libre inversión,800000,24,0.0323,48000,App,843,0.0495,Automática,Activo,0,0,24,0.8333333333333334,1,2025-05-09,Bogotá D.C.,Bogotá,36,F,4,Técnico/Tecnólogo,Estudiante,970000.0,Campaña digital,614.0,False,3,Android,hash_797600,0,0,15,259,5,2,2,0,5,1,0,0.8,0.2,152.06666666666666,1.0,0.3714274492358575,"Alto
(35-60%)"
CR000794,CL00716,2025-07-19,Microcrédito,14850000,12,0.0339,1527000,Web,616,0.2665,Manual,Activo,0,0,0,1.0,0,2024-03-02,Meta,Villavicencio,47,F,5,Técnico/Tecnólogo,Microempresario,5730000.0,Aliado comercial,588.0,False,2,Android,hash_996020,1,0,12,690,5,0,1,0,4,1,0,1.0,0.0,152.5,0.0,0.4412324082836371,"Alto
(35-60%)"
CR000795,CL00718,2025-02-05,Crédito libre inversión,5100000,18,0.0185,336000,Web,900,0.1263,Automática,Activo,0,0,0,1.0,0,2023-01-26,Bogotá D.C.,Bogotá,38,F,4,Universitario,Empleado,2660000.0,Referido,637.0,False,0,Android,hash_909721,0,0,9,1070,1,3,2,0,1,0,2,0.4444444444444444,0.3333333333333333,166.66666666666666,0.6666666666666666,0.3366640665646894,"Medio
(15-35%)"
CR000796,CL00719,2025-12-05,Crédito libre inversión,3000000,6,0.028,550000,App,900,1.8,Automática,Mora moderada,0,1,44,0.0,4,2025-10-02,Meta,Villavicencio,32,M,3,Universitario,Microempresario,2840000.0,App orgánico,697.0,True,0,Android,hash_811921,0,0,2,50,1,0,0,0,1,0,0,1.0,0.0,181.5,0.0,0.26337482446447597,"Medio
(15-35%)"
CR000798,CL00722,2024-08-13,Microcrédito,2650000,9,0.0418,359000,Call center,703,1.2,Automática,Mora severa,0,1,46,0.1666666666666666,5,2024-03-12,Cundinamarca,Soacha,19,M,3,Bachiller,Pensionado,2890000.0,Aliado comercial,567.0,True,0,iOS,hash_273441,0,0,22,724,5,5,4,1,3,0,4,0.7272727272727273,0.0454545454545454,222.3181818181818,0.8,0.6659081290681095,"Muy alto
(> 60%)"
CR000799,CL00722,2024-12-08,Microcrédito,3150000,9,0.0381,420000,Call center,900,0.1453,Automática,Mora moderada,0,0,24,0.1666666666666666,5,2024-03-12,Cundinamarca,Soacha,19,M,3,Bachiller,Pensionado,2890000.0,Aliado comercial,567.0,True,0,iOS,hash_273441,0,0,22,724,5,5,4,1,3,0,4,0.7272727272727273,0.0454545454545454,222.3181818181818,0.8,0.4191408505737156,"Alto
(35-60%)"
CR000800,CL00723,2024-05-10,Microcrédito,2500000,6,0.0317,464000,App,882,0.0989,Automática,Mora severa,0,1,83,0.6666666666666666,2,2023-12-28,Norte de Santander,Cúcuta,23,M,3,Técnico/Tecnólogo,Microempresario,4690000.0,App orgánico,569.0,True,2,Android,hash_754373,0,0,8,550,2,3,0,0,2,0,1,0.75,0.125,125.25,0.0,0.4081791771628622,"Alto
(35-60%)"
CR000801,CL00724,2025-12-06,Crédito libre inversión,11050000,18,0.0195,734000,Aliado,900,0.1606,Automática,Activo,0,0,0,0.8,0,2025-01-18,Bogotá D.C.,Bogotá,43,F,2,Bachiller,Empleado,4570000.0,Campaña digital,656.0,True,2,Web,hash_394772,0,0,10,430,1,2,1,1,5,0,0,0.6,0.3,149.9,0.5,0.19125852593171785,"Medio
(15-35%)"
CR000802,CL00724,2025-10-20,Crédito consumo digital,3350000,9,0.0312,433000,App,900,0.0947,Automática,Activo,0,0,2,0.8333333333333334,1,2025-01-18,Bogotá D.C.,Bogotá,43,F,2,Bachiller,Empleado,4570000.0,Campaña digital,656.0,True,2,Web,hash_394772,0,0,10,430,1,2,1,1,5,0,0,0.6,0.3,149.9,0.5,0.18444214246294646,"Medio
(15-35%)"
CR000803,CL00727,2024-07-16,Crédito consumo digital,350000,9,0.0258,44000,App,739,0.0733,Automática,Finalizado,0,0,0,1.0,0,2023-06-18,Cundinamarca,Soacha,36,F,2,Bachiller,Desempleado,600000.0,App orgánico,483.0,False,2,Android,hash_707769,0,0,7,730,2,1,1,0,2,0,1,0.7142857142857143,0.1428571428571428,186.14285714285717,1.0,0.6199100840922548,"Muy alto
(> 60%)"
CR000804,CL00728,2025-12-01,Crédito consumo digital,1800000,6,0.0205,322000,App,704,0.2118,Automática,Mora moderada,0,1,34,0.2,4,2025-11-11,Bogotá D.C.,Bogotá,39,M,3,Universitario,Pensionado,1520000.0,Referido,472.0,False,4,Android,hash_665109,0,0,10,163,4,2,0,0,4,0,0,0.9,0.1,176.2,0.0,0.6673632215715969,"Muy alto
(> 60%)"
CR000805,CL00729,2025-10-31,Microcrédito,2350000,9,0.0252,295000,App,819,0.118,Automática,Activo,0,0,0,1.0,0,2025-10-14,Caldas,Manizales,31,M,3,Técnico/Tecnólogo,Empleado,2500000.0,Campaña digital,651.0,False,0,Web,hash_311470,0,0,15,177,7,2,0,1,2,0,2,0.6666666666666666,0.1333333333333333,150.0,0.0,0.33723960879347703,"Medio
(15-35%)"
CR000806,CL00730,2025-04-23,Crédito consumo digital,2600000,12,0.0203,246000,App,545,0.0969,Manual,Finalizado,0,0,12,0.6666666666666666,2,2023-10-28,Valle del Cauca,Cali,28,F,1,Bachiller,Comerciante,2540000.0,Referido,588.0,False,3,Android,hash_179711,1,0,8,754,5,0,1,0,0,0,1,0.625,0.25,241.0,0.0,0.4951985985119131,"Alto
(35-60%)"
CR000807,CL00731,2025-12-24,Crédito consumo digital,1350000,3,0.0224,470000,App,837,0.3013,Automática,Finalizado,0,0,0,1.0,0,2025-09-17,Bogotá D.C.,Bogotá,38,M,3,Bachiller,Conductor/Repartidor,1560000.0,Referido,598.0,True,0,Web,hash_367800,0,0,12,198,4,0,1,0,1,3,3,0.75,0.0,189.33333333333331,0.0,0.3898553215653691,"Alto
(35-60%)"
CR000809,CL00733,2026-01-09,Crédito libre inversión,3450000,3,0.0288,1217000,App,711,0.5385,Manual,Activo,0,0,21,0.0,3,2024-11-24,Meta,Villavicencio,40,F,1,Sin información,Empleado,2260000.0,Referido,485.0,False,3,iOS,hash_843537,0,0,16,428,3,3,4,2,3,1,0,0.6875,0.1875,177.0,1.3333333333333333,0.5984949412721057,"Alto
(35-60%)"
CR000810,CL00733,2025-11-19,Crédito libre inversión,3650000,9,0.0178,442000,Aliado,807,0.1956,Automática,Mora moderada,0,0,30,0.6,2,2024-11-24,Meta,Villavicencio,40,F,1,Sin información,Empleado,2260000.0,Referido,485.0,False,3,iOS,hash_843537,0,0,16,428,3,3,4,2,3,1,0,0.6875,0.1875,177.0,1.3333333333333333,0.5539534689771088,"Alto
(35-60%)"
CR000811,CL00734,2023-09-21,Crédito consumo digital,3100000,6,0.034,580000,Web,900,0.1169,Automática,Finalizado,0,0,1,0.8333333333333334,1,2023-02-05,Cundinamarca,Soacha,19,F,4,Técnico/Tecnólogo,Empleado,4960000.0,App orgánico,689.0,False,2,Android,hash_987687,0,0,11,903,1,0,1,2,4,1,1,0.7272727272727273,0.0,178.36363636363637,0.0,0.17321761224243365,"Medio
(15-35%)"
CR000812,CL00735,2023-08-10,Avance de nómina,450000,9,0.0225,56000,App,847,0.0311,Automática,Finalizado,0,0,4,0.8333333333333334,1,2023-03-19,Risaralda,Pereira,46,F,2,Universitario,Independiente,1800000.0,Referido,551.0,False,4,iOS,hash_304706,0,0,13,1010,2,2,4,0,2,2,0,0.9230769230769232,0.0769230769230769,171.53846153846155,2.0,0.4237700385441422,"Alto
(35-60%)"
CR000813,CL00736,2025-06-12,Crédito libre inversión,3950000,12,0.0306,398000,App,900,0.0911,Automática,Activo,0,0,0,1.0,0,2024-09-13,Antioquia,Medellín,41,F,5,Técnico/Tecnólogo,Empleado,4370000.0,Campaña digital,804.0,False,1,Android,hash_506656,0,0,19,544,6,4,1,0,5,0,2,0.8947368421052632,0.0,176.3684210526316,0.25,0.0977338517623589,"Bajo
(< 15%)"
CR000814,CL00737,2024-02-25,Microcrédito,1100000,12,0.0319,112000,App,738,0.0762,Automática,Mora severa,0,0,0,1.0,0,2023-10-27,Cundinamarca,Soacha,39,M,3,Posgrado,Estudiante,1470000.0,Aliado comercial,526.0,False,2,Android,hash_639006,0,0,9,855,2,4,0,1,2,0,0,0.5555555555555556,0.3333333333333333,152.55555555555554,0.0,0.6237000839166513,"Muy alto
(> 60%)"
CR000815,CL00737,2025-11-30,Crédito libre inversión,3050000,9,0.0265,385000,Web,687,0.2619,Automática,Activo,0,0,18,0.8,1,2023-10-27,Cundinamarca,Soacha,39,M,3,Posgrado,Estudiante,1470000.0,Aliado comercial,526.0,False,2,Android,hash_639006,0,0,9,855,2,4,0,1,2,0,0,0.5555555555555556,0.3333333333333333,152.55555555555554,0.0,0.7152094642598378,"Muy alto
(> 60%)"
CR000816,CL00738,2023-12-07,Crédito libre inversión,1650000,9,0.0195,202000,App,778,0.1303,Automática,Finalizado,0,0,0,1.0,0,2023-02-26,Bogotá D.C.,Bogotá,46,F,3,Bachiller,Independiente,1550000.0,Campaña digital,627.0,False,0,Android,hash_603122,0,0,11,899,3,1,1,0,3,1,1,0.8181818181818182,0.0909090909090909,163.8181818181818,1.0,0.40252917907681607,"Alto
(35-60%)"
CR000817,CL00739,2025-07-27,Crédito libre inversión,10700000,12,0.0196,1009000,Web,864,0.2352,Automática,Activo,0,0,5,0.8333333333333334,1,2025-12-03,Norte de Santander,Cúcuta,53,M,5,Técnico/Tecnólogo,Empleado,4290000.0,Campaña digital,671.0,False,2,Android,hash_114629,0,0,8,91,3,1,2,0,2,0,0,0.875,0.125,162.375,2.0,0.19680748852141405,"Medio
(15-35%)"
CR000819,CL00742,2025-07-04,Crédito consumo digital,4000000,6,0.0345,749000,App,900,0.1265,Automática,Finalizado,0,0,0,1.0,0,2026-01-01,Valle del Cauca,Cali,23,F,3,Bachiller,Microempresario,5920000.0,Campaña digital,705.0,False,4,Web,hash_334618,0,0,4,62,1,0,0,0,1,0,2,0.5,0.0,197.25,0.0,0.19001954963642653,"Medio
(15-35%)"
CR000820,CL00743,2025-06-12,Crédito consumo digital,1150000,9,0.0351,151000,App,845,0.0634,Automática,Finalizado,0,0,12,0.8333333333333334,1,2024-01-29,Caldas,Manizales,30,F,2,Universitario,Microempresario,2380000.0,Referido,526.0,True,0,iOS,hash_212168,0,0,4,208,1,0,1,0,1,0,1,0.75,0.0,166.25,0.0,0.35611369296204076,"Alto
(35-60%)"
CR000821,CL00746,2025-04-30,Crédito libre inversión,5100000,12,0.0205,484000,Web,868,0.1779,Automática,Finalizado,0,0,0,1.0,0,2023-06-15,Risaralda,Pereira,29,F,4,Técnico/Tecnólogo,Microempresario,2720000.0,App orgánico,692.0,True,1,Android,hash_832068,0,0,9,664,2,0,2,2,3,0,0,0.6666666666666666,0.1111111111111111,151.44444444444446,0.0,0.22357496062248022,"Medio
(15-35%)"
CR000823,CL00748,2025-12-27,Crédito consumo digital,650000,6,0.0338,122000,App,818,0.0475,Automática,Mora moderada,0,1,58,0.5,2,2024-03-07,Bogotá D.C.,Bogotá,28,F,1,Técnico/Tecnólogo,Comerciante,0.0,App orgánico,483.0,False,2,iOS,hash_547822,0,0,22,739,5,2,1,1,8,0,3,0.5,0.3181818181818182,154.72727272727272,0.5,0.6516085315794118,"Muy alto
(> 60%)"
CR000824,CL00748,2024-10-17,Microcrédito,2300000,9,0.0337,301000,App,818,0.1171,Automática,Mora moderada,0,1,58,0.5,3,2024-03-07,Bogotá D.C.,Bogotá,28,F,1,Técnico/Tecnólogo,Comerciante,0.0,App orgánico,483.0,False,2,iOS,hash_547822,0,0,22,739,5,2,1,1,8,0,3,0.5,0.3181818181818182,154.72727272727272,0.5,0.7273753438273792,"Muy alto
(> 60%)"
CR000825,CL00748,2025-11-03,Microcrédito,1350000,12,0.0324,138000,App,885,0.0537,Automática,Activo,0,0,0,0.8333333333333334,0,2024-03-07,Bogotá D.C.,Bogotá,28,F,1,Técnico/Tecnólogo,Comerciante,0.0,App orgánico,483.0,False,2,iOS,hash_547822,0,0,22,739,5,2,1,1,8,0,3,0.5,0.3181818181818182,154.72727272727272,0.5,0.5114076016051304,"Alto
(35-60%)"
CR000826,CL00749,2025-11-26,Crédito libre inversión,2050000,6,0.0301,379000,Call center,752,0.184,Automática,Activo,0,0,10,0.8,1,2025-02-05,Bogotá D.C.,Bogotá,30,F,3,Universitario,Estudiante,2060000.0,Referido,604.0,False,0,iOS,hash_871784,0,0,8,313,5,2,0,0,1,0,0,0.75,0.25,274.5,0.0,0.4972054941640629,"Alto
(35-60%)"
CR000827,CL00750,2023-11-20,Avance de nómina,1800000,9,0.0189,219000,App,844,0.0852,Automática,Finalizado,0,0,0,1.0,0,2023-04-26,Valle del Cauca,Cali,22,M,6,Bachiller,Empleado,2950000.0,Campaña digital,674.0,True,1,Android,hash_555618,0,0,3,283,0,1,1,0,1,0,0,1.0,0.0,119.0,1.0,0.28026540640234465,"Medio
(15-35%)"
CR000828,CL00751,2025-01-27,Microcrédito,3150000,6,0.0428,606000,App,872,0.1599,Automática,Finalizado,0,0,0,1.0,0,2024-04-07,Antioquia,Medellín,27,M,3,Universitario,Microempresario,3790000.0,App orgánico,588.0,True,1,Android,hash_306604,0,0,10,614,4,3,1,0,2,0,0,0.8,0.2,131.9,0.3333333333333333,0.42412987030131916,"Alto
(35-60%)"
CR000829,CL00753,2025-08-09,Crédito libre inversión,2250000,24,0.0277,130000,Web,727,0.0774,Automática,Mora moderada,0,1,34,0.6666666666666666,2,2025-12-04,Antioquia,Medellín,26,M,3,Universitario,Empleado,1680000.0,Campaña digital,550.0,False,1,Android,hash_492963,0,0,14,142,6,2,1,0,3,1,0,1.0,0.0,176.0,0.5,0.6414465762988713,"Muy alto
(> 60%)"
CR000830,CL00754,2025-10-25,Crédito consumo digital,450000,9,0.0376,60000,Aliado,900,0.0233,Automática,Activo,0,0,0,1.0,0,2024-06-02,Cundinamarca,Soacha,47,F,3,Sin información,Independiente,2370000.0,Campaña digital,629.0,True,0,Android,hash_317544,0,0,15,675,2,2,3,1,3,1,2,0.6,0.2,114.2,1.5,0.31566415505106205,"Medio
(15-35%)"
CR000831,CL00754,2025-11-26,Crédito consumo digital,2050000,12,0.0217,196000,App,867,0.0763,Automática,Activo,0,0,21,0.8,1,2024-06-02,Cundinamarca,Soacha,47,F,3,Sin información,Independiente,2370000.0,Campaña digital,629.0,True,0,Android,hash_317544,0,0,15,675,2,2,3,1,3,1,2,0.6,0.2,114.2,1.5,0.25154427566020227,"Medio
(15-35%)"
CR000832,CL00755,2024-07-03,Crédito consumo digital,1200000,12,0.0204,114000,App,808,0.0481,Automática,Finalizado,0,0,0,1.0,0,2023-01-20,Bolívar,Cartagena,27,F,3,Universitario,Comerciante,2370000.0,App orgánico,656.0,True,0,Android,hash_796403,0,0,8,1117,2,1,1,0,2,0,2,0.625,0.125,165.875,1.0,0.2724591287269061,"Medio
(15-35%)"
CR000833,CL00757,2025-02-27,Avance de nómina,1450000,3,0.0309,514000,App,886,0.1736,Automática,Finalizado,0,0,14,0.6666666666666666,1,2024-09-16,Santander,Bucaramanga,41,F,2,Bachiller,Empleado,2960000.0,Referido,663.0,True,0,iOS,hash_239244,0,0,7,482,2,1,1,0,1,1,1,0.5714285714285714,0.2857142857142857,99.71428571428572,1.0,0.278028752390811,"Medio
(15-35%)"
CR000834,CL00758,2025-05-01,Microcrédito,3900000,3,0.04,1405000,Web,836,0.4145,Manual,Finalizado,0,0,0,1.0,0,2024-01-16,Valle del Cauca,Cali,38,M,2,Sin información,Empleado,3390000.0,App orgánico,633.0,False,0,Android,hash_793278,0,0,7,563,2,1,1,1,1,1,0,0.8571428571428571,0.0,141.0,1.0,0.3958207310108445,"Alto
(35-60%)"
CR000835,CL00759,2024-09-10,Crédito libre inversión,5650000,12,0.0283,562000,Aliado,888,0.188,Automática,Finalizado,0,0,0,1.0,0,2024-08-15,Bogotá D.C.,Bogotá,27,M,3,Bachiller,Empleado,2990000.0,Aliado comercial,575.0,True,0,Android,hash_845870,0,0,5,137,3,0,0,0,1,0,0,0.8,0.2,194.6,0.0,0.4265344492201748,"Alto
(35-60%)"
CR000836,CL00761,2025-12-31,Desconocido,4850000,9,0.0235,604000,App,900,0.1581,Automática,Activo,0,0,0,1.0,0,2024-08-11,Bogotá D.C.,Bogotá,30,F,2,Universitario,Empleado,3820000.0,Campaña digital,562.0,True,3,Android,hash_700807,0,0,9,426,2,2,1,0,4,0,0,0.7777777777777778,0.2222222222222222,137.33333333333334,0.5,0.4172490649495891,"Alto
(35-60%)"
CR000837,CL00762,2025-11-26,Crédito consumo digital,2050000,9,0.0258,258000,App,807,0.0711,Automática,Activo,0,0,0,1.0,0,2025-06-28,Bogotá D.C.,Bogotá,37,M,2,Bachiller,Comerciante,3630000.0,App orgánico,532.0,True,2,iOS,hash_449529,0,0,18,290,3,5,3,0,6,1,0,0.7777777777777778,0.2222222222222222,147.72222222222223,0.6,0.3823628250527147,"Alto
(35-60%)"
CR000838,CL00762,2025-08-03,Microcrédito,3050000,12,0.0395,324000,App,840,0.0893,Automática,Mora severa,0,1,117,0.6666666666666666,2,2025-06-28,Bogotá D.C.,Bogotá,37,M,2,Bachiller,Comerciante,3630000.0,App orgánico,532.0,True,2,iOS,hash_449529,0,0,18,290,3,5,3,0,6,1,0,0.7777777777777778,0.2222222222222222,147.72222222222223,0.6,0.5381492711051432,"Alto
(35-60%)"
CR000840,CL00764,2025-12-05,Crédito consumo digital,2350000,3,0.0346,838000,App,841,0.2951,Automática,Mora moderada,0,1,31,0.6666666666666666,1,2025-05-31,Bogotá D.C.,Bogotá,35,F,2,Bachiller,Independiente,2840000.0,Campaña digital,587.0,False,1,Android,hash_901555,0,0,25,313,11,4,2,0,4,0,1,0.72,0.24,150.4,0.5,0.5559245707317717,"Alto
(35-60%)"
CR000841,CL00764,2025-10-26,Crédito consumo digital,1000000,6,0.0381,190000,Web,813,0.0669,Automática,Finalizado,0,0,5,0.8333333333333334,1,2025-05-31,Bogotá D.C.,Bogotá,35,F,2,Bachiller,Independiente,2840000.0,Campaña digital,587.0,False,1,Android,hash_901555,0,0,25,313,11,4,2,0,4,0,1,0.72,0.24,150.4,0.5,0.41219313157998405,"Alto
(35-60%)"
CR000842,CL00765,2025-08-27,Avance de nómina,450000,6,0.0184,80000,App,783,0.0449,Automática,Mora moderada,0,1,34,0.6666666666666666,2,2024-05-08,Bogotá D.C.,Bogotá,47,M,2,Universitario,Conductor/Repartidor,1780000.0,Campaña digital,525.0,False,2,Android,hash_638908,0,0,9,628,3,2,1,0,0,0,3,0.6666666666666666,0.0,126.22222222222224,0.5,0.5328319047811817,"Alto
(35-60%)"
CR000843,CL00766,2024-02-20,Crédito consumo digital,750000,3,0.0247,262000,App,894,0.1489,Automática,Finalizado,0,0,0,1.0,0,2023-10-23,Bogotá D.C.,Bogotá,29,F,2,Bachiller,Empleado,1760000.0,Call center,644.0,True,0,Android,hash_847590,0,0,8,595,2,2,0,0,2,0,2,0.625,0.125,123.375,0.0,0.33321639710285406,"Medio
(15-35%)"
CR000844,CL00767,2025-07-11,Crédito libre inversión,1550000,6,0.0211,278000,App,831,0.123,Automática,Mora moderada,0,1,49,0.6666666666666666,2,2024-11-13,Atlántico,Barranquilla,36,F,4,Sin información,Comerciante,2260000.0,Aliado comercial,566.0,False,2,iOS,hash_906675,0,0,13,455,2,3,1,2,0,3,1,0.7692307692307693,0.0,132.07692307692307,0.3333333333333333,0.5162095553405268,"Alto
(35-60%)"
CR000845,CL00767,2025-02-22,Crédito libre inversión,5050000,6,0.0277,925000,Aliado,743,0.4093,Manual,Mora severa,0,1,76,0.5,3,2024-11-13,Atlántico,Barranquilla,36,F,4,Sin información,Comerciante,2260000.0,Aliado comercial,566.0,False,2,iOS,hash_906675,0,0,13,455,2,3,1,2,0,3,1,0.7692307692307693,0.0,132.07692307692307,0.3333333333333333,0.6901418064097097,"Muy alto
(> 60%)"
CR000846,CL00768,2024-01-30,Crédito consumo digital,2100000,9,0.0213,259000,App,900,0.0649,Automática,Finalizado,0,0,0,1.0,0,2023-10-17,Bogotá D.C.,Bogotá,54,F,2,Técnico/Tecnólogo,Empleado,3990000.0,App orgánico,721.0,True,2,Web,hash_402944,0,0,13,828,5,1,2,0,3,2,0,1.0,0.0,195.84615384615384,2.0,0.08979556132592748,"Bajo
(< 15%)"
CR000847,CL00768,2025-03-09,Crédito consumo digital,2650000,3,0.0283,934000,Web,900,0.2341,Automática,Finalizado,0,0,0,1.0,0,2023-10-17,Bogotá D.C.,Bogotá,54,F,2,Técnico/Tecnólogo,Empleado,3990000.0,App orgánico,721.0,True,2,Web,hash_402944,0,0,13,828,5,1,2,0,3,2,0,1.0,0.0,195.84615384615384,2.0,0.11692289773596702,"Bajo
(< 15%)"
CR000848,CL00769,2025-04-19,Crédito consumo digital,600000,6,0.0382,114000,Aliado,726,0.0974,Automática,Mora severa,0,1,80,0.3333333333333333,4,2024-08-10,Bogotá D.C.,Bogotá,30,M,2,Bachiller,Conductor/Repartidor,1170000.0,Aliado comercial,401.0,False,0,Android,hash_569045,0,0,3,515,0,1,0,0,1,0,0,1.0,0.0,159.33333333333334,0.0,0.6600488649371309,"Muy alto
(> 60%)"
CR000849,CL00770,2024-07-22,Crédito consumo digital,1250000,12,0.0356,130000,Aliado,788,0.061,Automática,Mora severa,0,1,61,0.6666666666666666,2,2024-02-20,Valle del Cauca,Cali,54,F,3,Bachiller,Conductor/Repartidor,2130000.0,Aliado comercial,525.0,False,1,Android,hash_613909,0,0,11,733,2,2,2,0,2,0,1,0.9090909090909092,0.0,210.8181818181818,1.0,0.5203232816595869,"Alto
(35-60%)"
CR000850,CL00773,2025-11-25,Crédito consumo digital,650000,3,0.0316,231000,Web,868,0.106,Automática,Finalizado,0,0,0,1.0,0,2025-10-06,Valle del Cauca,Cali,42,F,4,Bachiller,Independiente,2180000.0,Aliado comercial,625.0,False,1,Android,hash_176693,0,0,14,197,5,4,1,0,3,0,1,0.8571428571428571,0.0714285714285714,180.14285714285714,0.25,0.27368265318578167,"Medio
(15-35%)"
CR000851,CL00774,2026-01-11,Crédito consumo digital,1350000,18,0.029,97000,App,726,0.0634,Automática,Activo,0,0,0,0.75,0,2025-12-21,Tolima,Ibagué,46,M,4,Universitario,Desempleado,1530000.0,Aliado comercial,519.0,False,0,Web,hash_948158,0,0,10,120,2,1,2,0,4,0,0,0.9,0.1,255.3,2.0,0.5154888546625093,"Alto
(35-60%)"
CR000852,CL00775,2025-08-29,Crédito consumo digital,800000,6,0.0208,143000,App,701,0.1723,Automática,Mora severa,0,1,86,0.6666666666666666,2,2025-10-15,Valle del Cauca,Cali,42,M,3,Universitario,Estudiante,830000.0,Call center,450.0,True,0,Android,hash_540769,0,0,18,176,7,1,2,0,5,0,2,0.6111111111111112,0.2777777777777778,125.27777777777776,2.0,0.6577992322066797,"Muy alto
(> 60%)"
CR000853,CL00775,2026-01-13,Crédito consumo digital,500000,9,0.0274,63000,App,655,0.0759,Automática,Activo,0,0,2,0.5,1,2025-10-15,Valle del Cauca,Cali,42,M,3,Universitario,Estudiante,830000.0,Call center,450.0,True,0,Android,hash_540769,0,0,18,176,7,1,2,0,5,0,2,0.6111111111111112,0.2777777777777778,125.27777777777776,2.0,0.609028233678336,"Muy alto
(> 60%)"
CR000854,CL00776,2025-01-17,Crédito consumo digital,1450000,6,0.0385,275000,App,834,0.118,Automática,Finalizado,0,0,14,0.8333333333333334,1,2024-01-10,Meta,Villavicencio,20,F,3,Técnico/Tecnólogo,Microempresario,2330000.0,Referido,566.0,False,1,Android,hash_770740,0,0,9,693,4,0,1,0,3,0,1,0.8888888888888888,0.0,192.44444444444449,0.0,0.41528989980280967,"Alto
(35-60%)"
CR000855,CL00777,2024-08-24,Crédito consumo digital,2150000,9,0.031,277000,Web,851,0.0737,Automática,Finalizado,0,0,16,0.8333333333333334,1,2024-05-29,Norte de Santander,Cúcuta,29,M,1,Posgrado,Empleado,3760000.0,Campaña digital,694.0,False,4,Android,hash_866781,0,0,11,590,2,0,2,0,2,2,3,0.7272727272727273,0.0,126.9090909090909,0.0,0.22113469323532717,"Medio
(15-35%)"
CR000856,CL00777,2025-01-03,Microcrédito,2200000,24,0.0449,152000,Web,827,0.0404,Automática,Activo,0,0,0,1.0,0,2024-05-29,Norte de Santander,Cúcuta,29,M,1,Posgrado,Empleado,3760000.0,Campaña digital,694.0,False,4,Android,hash_866781,0,0,11,590,2,0,2,0,2,2,3,0.7272727272727273,0.0,126.9090909090909,0.0,0.2442812411686552,"Medio
(15-35%)"
CR000858,CL00780,2025-12-04,Crédito consumo digital,800000,6,0.025,145000,App,816,0.0924,Automática,Activo,0,0,12,0.6,1,2025-12-01,Antioquia,Medellín,42,M,1,Bachiller,Comerciante,1570000.0,Aliado comercial,580.0,True,1,iOS,hash_620724,0,0,7,106,3,0,1,1,2,0,0,0.8571428571428571,0.0,195.42857142857144,0.0,0.40616706729108254,"Alto
(35-60%)"
CR000859,CL00781,2025-08-20,Microcrédito,2550000,9,0.0363,337000,App,839,0.1311,Automática,Mora moderada,0,1,57,0.6666666666666666,2,2024-12-10,Antioquia,Medellín,38,F,1,Sin información,Independiente,-1.0,App orgánico,507.0,True,2,Android,hash_680609,0,0,21,475,5,4,2,0,3,3,2,0.8095238095238095,0.0952380952380952,122.85714285714286,0.5,0.669476218143503,"Muy alto
(> 60%)"
CR000860,CL00781,2025-09-22,Crédito libre inversión,2700000,3,0.0178,932000,App,747,0.3626,Manual,Mora moderada,0,1,44,0.3333333333333333,2,2024-12-10,Antioquia,Medellín,38,F,1,Sin información,Independiente,-1.0,App orgánico,507.0,True,2,Android,hash_680609,0,0,21,475,5,4,2,0,3,3,2,0.8095238095238095,0.0952380952380952,122.85714285714286,0.5,0.6720485026883608,"Muy alto
(> 60%)"
CR000861,CL00781,2026-01-07,Crédito consumo digital,750000,6,0.0357,141000,Aliado,771,0.0549,Automática,Mora moderada,0,1,50,0.25,2,2024-12-10,Antioquia,Medellín,38,F,1,Sin información,Independiente,-1.0,App orgánico,507.0,True,2,Android,hash_680609,0,0,21,475,5,4,2,0,3,3,2,0.8095238095238095,0.0952380952380952,122.85714285714286,0.5,0.6531393030014199,"Muy alto
(> 60%)"
CR000862,CL00782,2025-01-06,Microcrédito,1650000,6,0.0364,311000,Aliado,834,0.121,Automática,Mora moderada,0,1,42,0.5,3,2023-09-01,Bogotá D.C.,Bogotá,23,M,3,Universitario,Independiente,2370000.0,Referido,568.0,False,2,Android,hash_119192,0,0,6,699,2,0,0,2,1,0,0,0.5,0.1666666666666666,155.33333333333334,0.0,0.6338324584861933,"Muy alto
(> 60%)"
CR000864,CL00786,2025-11-15,Crédito consumo digital,3550000,6,0.0206,635000,Web,852,0.1835,Automática,Activo,0,0,0,0.8333333333333334,0,2024-04-10,Caldas,Manizales,47,F,4,Bachiller,Comerciante,3460000.0,App orgánico,674.0,True,0,Android,hash_968480,0,0,8,579,2,0,1,0,2,1,1,0.875,0.0,120.25,0.0,0.18824988052833644,"Medio
(15-35%)"
CR000865,CL00788,2023-06-29,Crédito libre inversión,5750000,12,0.0211,548000,Web,829,0.1734,Automática,Finalizado,0,0,0,1.0,0,2023-03-08,Santander,Bucaramanga,41,M,3,Técnico/Tecnólogo,Empleado,3160000.0,Referido,649.0,True,1,iOS,hash_895707,0,0,29,1059,9,7,1,1,6,1,4,0.7931034482758621,0.0344827586206896,142.20689655172413,0.1428571428571428,0.2618732755137304,"Medio
(15-35%)"
CR000866,CL00788,2024-01-24,Microcrédito,2750000,6,0.0344,515000,Web,900,0.163,Automática,Finalizado,0,0,11,0.8333333333333334,1,2023-03-08,Santander,Bucaramanga,41,M,3,Técnico/Tecnólogo,Empleado,3160000.0,Referido,649.0,True,1,iOS,hash_895707,0,0,29,1059,9,7,1,1,6,1,4,0.7931034482758621,0.0344827586206896,142.20689655172413,0.1428571428571428,0.2556515823203533,"Medio
(15-35%)"
CR000867,CL00788,2024-11-10,Avance de nómina,650000,9,0.0265,82000,Web,859,0.0259,Automática,Finalizado,0,0,0,1.0,0,2023-03-08,Santander,Bucaramanga,41,M,3,Técnico/Tecnólogo,Empleado,3160000.0,Referido,649.0,True,1,iOS,hash_895707,0,0,29,1059,9,7,1,1,6,1,4,0.7931034482758621,0.0344827586206896,142.20689655172413,0.1428571428571428,0.20622339821513921,"Medio
(15-35%)"
CR000868,CL00789,2025-07-07,Crédito consumo digital,3000000,6,0.0304,555000,App,892,0.2238,Automática,Finalizado,0,0,26,0.6666666666666666,2,2024-03-28,Bogotá D.C.,Bogotá,35,M,2,Técnico/Tecnólogo,Microempresario,2480000.0,Campaña digital,627.0,False,1,iOS,hash_635452,0,0,22,714,2,5,2,0,5,1,2,0.8181818181818182,0.0909090909090909,165.04545454545453,0.4,0.3024413878812733,"Medio
(15-35%)"
CR000869,CL00789,2026-01-27,Crédito consumo digital,1200000,12,0.0383,127000,App,889,0.0512,Automática,Activo,0,0,0,1.0,0,2024-03-28,Bogotá D.C.,Bogotá,35,M,2,Técnico/Tecnólogo,Microempresario,2480000.0,Campaña digital,627.0,False,1,iOS,hash_635452,0,0,22,714,2,5,2,0,5,1,2,0.8181818181818182,0.0909090909090909,165.04545454545453,0.4,0.20937045321376174,"Medio
(15-35%)"
CR000870,CL00789,2025-12-30,Crédito libre inversión,3600000,3,0.0321,1278000,Web,829,0.5153,Manual,Finalizado,0,0,23,0.6666666666666666,1,2024-03-28,Bogotá D.C.,Bogotá,35,M,2,Técnico/Tecnólogo,Microempresario,2480000.0,Campaña digital,627.0,False,1,iOS,hash_635452,0,0,22,714,2,5,2,0,5,1,2,0.8181818181818182,0.0909090909090909,165.04545454545453,0.4,0.36681973043686467,"Alto
(35-60%)"
CR000871,CL00790,2024-06-04,Crédito consumo digital,3100000,18,0.0298,225000,Web,819,0.0563,Automática,Mora severa,0,1,117,0.8333333333333334,1,2024-02-05,Bogotá D.C.,Bogotá,19,F,4,Posgrado,Independiente,4000000.0,Aliado comercial,564.0,True,2,Android,hash_711889,0,0,7,726,2,1,0,0,0,1,1,0.8571428571428571,0.0,150.0,0.0,0.5648067636145234,"Alto
(35-60%)"
CR000872,CL00791,2025-12-16,Crédito consumo digital,400000,6,0.0208,72000,Aliado,780,0.0439,Automática,Activo,0,0,0,1.0,0,2025-06-30,Meta,Villavicencio,40,M,2,Universitario,Conductor/Repartidor,1640000.0,App orgánico,450.0,False,0,Web,hash_474684,0,0,8,219,0,2,5,0,0,1,0,0.875,0.125,146.0,2.5,0.5082407784887396,"Alto
(35-60%)"
CR000873,CL00792,2025-04-19,Crédito consumo digital,1250000,24,0.0328,76000,App,900,0.0226,Automática,Activo,0,0,0,1.0,0,2024-07-26,Valle del Cauca,Cali,38,M,2,Posgrado,Empleado,3360000.0,App orgánico,574.0,False,3,Android,hash_833709,0,0,8,444,1,1,1,0,2,1,1,0.75,0.125,98.875,1.0,0.2634906169025267,"Medio
(15-35%)"
CR000874,CL00793,2025-11-05,Crédito consumo digital,2900000,6,0.0352,545000,Aliado,900,0.1359,Automática,Activo,0,0,0,0.8333333333333334,0,2024-05-19,Valle del Cauca,Cali,39,M,3,Universitario,Empleado,4010000.0,Call center,794.0,True,2,iOS,hash_526542,0,0,13,568,6,1,2,0,3,0,1,0.8461538461538461,0.0769230769230769,173.15384615384616,2.0,0.1494007183719825,"Bajo
(< 15%)"
CR000875,CL00794,2025-06-11,Crédito consumo digital,3900000,9,0.0335,509000,Aliado,898,0.1018,Automática,Mora severa,0,1,116,0.6666666666666666,2,2024-03-29,Bogotá D.C.,Bogotá,23,M,2,Técnico/Tecnólogo,Empleado,5000000.0,Campaña digital,670.0,True,0,iOS,hash_858339,0,0,6,555,1,0,0,0,3,0,2,0.6666666666666666,0.0,152.66666666666666,0.0,0.3361341615607708,"Medio
(15-35%)"
CR000876,CL00795,2026-02-05,Crédito consumo digital,2150000,24,0.0228,117000,App,843,0.043,Automática,Activo,0,0,0,0.6666666666666666,0,2024-08-29,Tolima,Ibagué,25,M,4,Técnico/Tecnólogo,Empleado,2720000.0,Campaña digital,521.0,True,1,Android,hash_141559,0,0,11,589,5,0,2,0,3,0,1,0.9090909090909092,0.0,161.0909090909091,0.0,0.4282036850812679,"Alto
(35-60%)"
CR000877,CL00796,2025-07-07,Crédito consumo digital,1100000,6,0.0321,205000,App,756,0.0798,Automática,Finalizado,0,0,0,1.0,0,2025-06-01,Bogotá D.C.,Bogotá,47,M,1,Bachiller,Empleado,2950000.0,Campaña digital,507.0,False,0,iOS,hash_265426,0,0,8,256,2,1,0,0,1,0,2,0.5,0.25,157.25,0.0,0.4957439546863482,"Alto
(35-60%)"
CR000878,CL00798,2025-02-23,Crédito consumo digital,1300000,18,0.0213,88000,App,900,0.0553,Automática,Activo,0,0,28,0.8333333333333334,1,2024-08-05,Bolívar,Cartagena,43,M,2,Posgrado,Independiente,1590000.0,Call center,548.0,False,0,Android,hash_344955,0,0,8,490,1,1,2,0,2,2,0,0.625,0.375,170.375,2.0,0.446444506774742,"Alto
(35-60%)"
CR000879,CL00799,2025-04-17,Crédito consumo digital,750000,6,0.0373,142000,App,876,0.0714,Automática,Finalizado,0,0,0,1.0,0,2024-03-08,Meta,Villavicencio,36,M,4,Bachiller,Pensionado,1990000.0,Referido,577.0,False,0,iOS,hash_926064,0,0,15,686,5,4,1,1,4,0,0,0.7333333333333333,0.2,141.2,0.25,0.33882966879256976,"Medio
(15-35%)"
CR000880,CL00799,2025-08-18,Crédito consumo digital,1300000,9,0.0216,161000,App,776,0.0809,Automática,Activo,0,0,0,1.0,0,2024-03-08,Meta,Villavicencio,36,M,4,Bachiller,Pensionado,1990000.0,Referido,577.0,False,0,iOS,hash_926064,0,0,15,686,5,4,1,1,4,0,0,0.7333333333333333,0.2,141.2,0.25,0.41466575963724206,"Alto
(35-60%)"
CR000881,CL00801,2025-03-10,Crédito consumo digital,250000,9,0.0388,33000,App,767,0.0413,Automática,Finalizado,0,0,0,1.0,0,2023-05-18,Bogotá D.C.,Bogotá,45,M,1,Universitario,Pensionado,800000.0,Campaña digital,489.0,True,0,iOS,hash_186728,0,0,15,1016,3,1,4,0,4,0,3,0.8,0.0,194.4,4.0,0.554541242177957,"Alto
(35-60%)"
CR000882,CL00801,2025-10-11,Crédito consumo digital,900000,3,0.0383,323000,App,732,0.4037,Manual,Finalizado,0,0,5,0.3333333333333333,2,2023-05-18,Bogotá D.C.,Bogotá,45,M,1,Universitario,Pensionado,800000.0,Campaña digital,489.0,True,0,iOS,hash_186728,0,0,15,1016,3,1,4,0,4,0,3,0.8,0.0,194.4,4.0,0.5857685323142632,"Alto
(35-60%)"
CR000883,CL00801,2023-09-10,Crédito libre inversión,1650000,6,0.0295,304000,Aliado,744,0.38,Manual,Mora moderada,0,1,35,0.5,3,2023-05-18,Bogotá D.C.,Bogotá,45,M,1,Universitario,Pensionado,800000.0,Campaña digital,489.0,True,0,iOS,hash_186728,0,0,15,1016,3,1,4,0,4,0,3,0.8,0.0,194.4,4.0,0.723477860873595,"Muy alto
(> 60%)"
CR000884,CL00802,2025-07-13,Microcrédito,2100000,9,0.0274,266000,Call center,821,0.1209,Automática,Mora severa,0,1,86,0.8333333333333334,1,2023-11-03,Antioquia,Medellín,31,M,2,Bachiller,Empleado,2200000.0,Campaña digital,578.0,False,0,Android,hash_118225,0,0,16,756,4,3,3,1,2,1,2,0.6875,0.125,156.375,1.0,0.583081728681094,"Alto
(35-60%)"
CR000885,CL00802,2023-12-15,Microcrédito,1450000,3,0.0441,527000,Web,748,0.2395,Automática,Finalizado,0,0,27,0.6666666666666666,1,2023-11-03,Antioquia,Medellín,31,M,2,Bachiller,Empleado,2200000.0,Campaña digital,578.0,False,0,Android,hash_118225,0,0,16,756,4,3,3,1,2,1,2,0.6875,0.125,156.375,1.0,0.5197087248060622,"Alto
(35-60%)"
CR000886,CL00803,2025-06-20,Crédito libre inversión,850000,3,0.0316,301000,Web,684,0.2467,Automática,Finalizado,0,0,23,0.6666666666666666,1,2025-06-04,Bolívar,Cartagena,17,F,3,Bachiller,Pensionado,1220000.0,Campaña digital,452.0,False,2,Android,hash_171519,0,1,9,254,2,1,1,0,2,1,1,0.6666666666666666,0.2222222222222222,132.0,1.0,0.6350888121500547,"Muy alto
(> 60%)"
CR000888,CL00806,2025-03-21,Crédito consumo digital,1250000,9,0.0226,155000,Aliado,900,0.0518,Automática,Finalizado,0,0,27,0.8333333333333334,1,2024-02-16,Bogotá D.C.,Bogotá,33,F,5,Técnico/Tecnólogo,Independiente,2990000.0,App orgánico,687.0,False,0,Android,hash_992284,0,0,9,673,3,0,3,1,1,0,0,0.8888888888888888,0.0,155.66666666666666,0.0,0.16525213850848128,"Medio
(15-35%)"
CR000889,CL00806,2025-10-20,Avance de nómina,1400000,24,0.0258,79000,Call center,900,0.0264,Automática,Activo,0,0,0,1.0,0,2024-02-16,Bogotá D.C.,Bogotá,33,F,5,Técnico/Tecnólogo,Independiente,2990000.0,App orgánico,687.0,False,0,Android,hash_992284,0,0,9,673,3,0,3,1,1,0,0,0.8888888888888888,0.0,155.66666666666666,0.0,0.15734447803919552,"Medio
(15-35%)"
CR000890,CL00807,2024-12-30,Avance de nómina,2250000,18,0.0237,155000,Web,900,0.0341,Automática,Activo,0,0,0,1.0,0,2024-06-02,Tolima,Ibagué,38,M,4,Bachiller,Empleado,4540000.0,App orgánico,588.0,False,0,Android,hash_163805,0,0,14,595,2,2,1,1,4,2,1,0.7857142857142857,0.0714285714285714,154.64285714285714,0.5,0.2067403913164021,"Medio
(15-35%)"
CR000892,CL00808,2023-10-28,Microcrédito,3000000,6,0.0334,560000,App,822,0.1497,Automática,Finalizado,0,0,17,0.6666666666666666,2,2023-08-07,Valle del Cauca,Cali,31,F,3,Técnico/Tecnólogo,Empleado,3740000.0,Campaña digital,567.0,False,0,Android,hash_590492,0,0,13,772,6,2,1,2,1,0,1,0.6153846153846154,0.1538461538461538,133.15384615384616,0.5,0.5519039627602047,"Alto
(35-60%)"
CR000893,CL00808,2023-08-24,Crédito consumo digital,3750000,3,0.0256,1315000,App,858,0.3516,Manual,Mora severa,0,1,85,0.3333333333333333,2,2023-08-07,Valle del Cauca,Cali,31,F,3,Técnico/Tecnólogo,Empleado,3740000.0,Campaña digital,567.0,False,0,Android,hash_590492,0,0,13,772,6,2,1,2,1,0,1,0.6153846153846154,0.1538461538461538,133.15384615384616,0.5,0.5629780247955086,"Alto
(35-60%)"
CR000894,CL00809,2023-12-22,Avance de nómina,2200000,6,0.0206,394000,Aliado,900,0.0966,Automática,Finalizado,0,0,0,1.0,0,2023-09-02,Antioquia,Medellín,49,M,3,Bachiller,Empleado,4080000.0,Referido,605.0,False,3,Android,hash_836332,0,0,16,858,6,1,2,0,3,0,1,0.8125,0.125,208.0625,2.0,0.23338464128160566,"Medio
(15-35%)"
CR000895,CL00809,2023-12-26,Crédito consumo digital,1650000,6,0.0223,297000,Web,854,0.0728,Automática,Finalizado,0,0,0,1.0,0,2023-09-02,Antioquia,Medellín,49,M,3,Bachiller,Empleado,4080000.0,Referido,605.0,False,3,Android,hash_836332,0,0,16,858,6,1,2,0,3,0,1,0.8125,0.125,208.0625,2.0,0.2403027157768467,"Medio
(15-35%)"
CR000896,CL00811,2025-07-09,Crédito libre inversión,10600000,12,0.0214,1011000,Web,862,0.2824,Automática,Mora moderada,0,0,0,1.0,0,2025-03-19,Antioquia,Medellín,34,F,4,Bachiller,Independiente,3580000.0,Campaña digital,616.0,True,2,Android,hash_504593,0,0,10,360,4,1,2,1,1,0,0,0.9,0.0,113.9,2.0,0.32688673681510794,"Medio
(15-35%)"
CR000897,CL00812,2025-08-03,Crédito libre inversión,600000,24,0.0337,37000,App,795,0.0285,Automática,Mora moderada,0,1,37,0.6666666666666666,2,2025-02-22,Bogotá D.C.,Bogotá,82,M,2,Universitario,Independiente,1300000.0,App orgánico,555.0,False,1,Android,hash_989192,0,1,12,359,4,1,0,0,2,1,2,0.8333333333333334,0.0,226.08333333333331,0.0,0.5994966101806917,"Alto
(35-60%)"
CR000898,CL00813,2025-10-13,Crédito consumo digital,2250000,6,0.0223,405000,App,900,0.1015,Automática,Mora moderada,0,1,58,0.8333333333333334,1,2025-11-18,Atlántico,Barranquilla,50,M,3,Universitario,Independiente,3990000.0,App orgánico,698.0,False,1,iOS,hash_557199,0,0,6,156,3,0,0,0,2,1,0,0.8333333333333334,0.1666666666666666,117.33333333333331,0.0,0.2069011852729049,"Medio
(15-35%)"
CR000899,CL00814,2025-05-31,Crédito consumo digital,1550000,9,0.0292,198000,App,820,0.1048,Automática,Mora moderada,0,1,32,0.6666666666666666,2,2024-12-24,Santander,Bucaramanga,38,M,3,Técnico/Tecnólogo,Comerciante,1890000.0,App orgánico,476.0,True,4,Android,hash_837667,0,0,6,292,2,0,0,1,2,0,0,0.3333333333333333,0.5,199.5,0.0,0.6705679491522393,"Muy alto
(> 60%)"
CR000900,CL00815,2024-11-06,Crédito consumo digital,2150000,6,0.0236,389000,App,897,0.1063,Automática,Finalizado,0,0,0,1.0,0,2023-02-24,Santander,Bucaramanga,46,F,3,Posgrado,Independiente,3660000.0,App orgánico,685.0,True,0,Android,hash_386981,0,0,5,888,1,1,0,0,1,1,0,1.0,0.0,111.2,0.0,0.16982771560432589,"Medio
(15-35%)"
CR000901,CL00816,2026-02-12,Crédito consumo digital,700000,6,0.0279,128000,App,877,0.0601,Automática,Activo,0,0,0,0.6666666666666666,0,2024-09-07,Bogotá D.C.,Bogotá,21,M,3,Bachiller,Conductor/Repartidor,2130000.0,Aliado comercial,616.0,False,3,iOS,hash_355628,0,0,10,520,4,0,1,1,2,1,1,0.6,0.2,102.5,0.0,0.34092287610431354,"Medio
(15-35%)"
CR000902,CL00817,2025-09-11,Crédito consumo digital,1100000,18,0.0258,77000,App,852,0.0399,Automática,Activo,0,0,15,0.8333333333333334,1,2023-05-22,Bogotá D.C.,Bogotá,17,F,3,Técnico/Tecnólogo,Empleado,1930000.0,Referido,559.0,False,1,iOS,hash_922685,0,1,15,960,6,2,4,0,1,1,1,0.8666666666666667,0.0666666666666666,165.2,2.0,0.4867066123220494,"Alto
(35-60%)"
CR000903,CL00818,2023-10-03,Crédito libre inversión,2050000,12,0.0226,197000,App,803,0.0929,Automática,Mora moderada,0,0,19,0.8333333333333334,1,2023-06-08,Risaralda,Pereira,45,F,3,Posgrado,Independiente,2120000.0,Referido,522.0,False,3,Android,hash_470719,0,0,13,958,4,1,1,1,4,2,0,0.6923076923076923,0.2307692307692307,141.15384615384616,1.0,0.5069215793027539,"Alto
(35-60%)"
CR000904,CL00819,2025-10-25,Microcrédito,2200000,9,0.0334,287000,Aliado,807,0.1134,Automática,Activo,0,0,0,1.0,0,2024-03-20,Bogotá D.C.,Bogotá,37,M,3,Bachiller,Empleado,2530000.0,Campaña digital,609.0,True,0,iOS,hash_589620,0,0,10,495,2,1,3,1,1,1,1,0.8,0.0,161.2,3.0,0.3949856620485784,"Alto
(35-60%)"
CR000905,CL00822,2025-07-27,Crédito libre inversión,2200000,6,0.0264,401000,App,900,0.156,Automática,Finalizado,0,0,0,1.0,0,2023-07-25,Bogotá D.C.,Bogotá,50,M,3,Bachiller,Independiente,2370000.0,Campaña digital,625.0,True,0,Android,hash_328252,0,0,18,888,7,5,2,2,1,0,1,0.7222222222222222,0.1111111111111111,129.66666666666666,0.4,0.3022314506606185,"Medio
(15-35%)"
CR000906,CL00822,2025-01-29,Crédito consumo digital,1400000,3,0.0234,489000,App,839,0.1903,Automática,Finalizado,0,0,0,1.0,0,2023-07-25,Bogotá D.C.,Bogotá,50,M,3,Bachiller,Independiente,2370000.0,Campaña digital,625.0,True,0,Android,hash_328252,0,0,18,888,7,5,2,2,1,0,1,0.7222222222222222,0.1111111111111111,129.66666666666666,0.4,0.28668487580252294,"Medio
(15-35%)"
CR000909,CL00825,2025-09-01,Crédito libre inversión,1600000,6,0.0183,284000,Web,816,0.115,Automática,Mora moderada,0,0,30,0.6666666666666666,2,2024-09-02,Antioquia,Medellín,32,F,3,Posgrado,Empleado,2470000.0,App orgánico,514.0,False,0,Android,hash_238148,0,0,7,456,4,1,0,0,0,1,1,0.7142857142857143,0.1428571428571428,208.57142857142856,0.0,0.5234657613397331,"Alto
(35-60%)"
CR000911,CL00827,2026-02-08,Crédito consumo digital,4100000,12,0.0332,420000,App,900,0.1029,Automática,Activo,0,0,0,0.6666666666666666,0,2024-10-12,Valle del Cauca,Cali,52,F,2,Bachiller,Empleado,4080000.0,Call center,777.0,False,2,Android,hash_904402,0,0,18,516,4,2,3,1,4,1,2,0.8333333333333334,0.0,182.16666666666663,1.5,0.11772943628884878,"Bajo
(< 15%)"
CR000912,CL00828,2024-11-13,Crédito consumo digital,1500000,6,0.12,284000,App,896,0.1048,Automática,Mora severa,1,1,100,0.8333333333333334,1,2023-12-19,Valle del Cauca,Cali,31,F,4,Universitario,Independiente,2710000.0,Aliado comercial,494.0,False,2,Web,hash_306337,0,0,13,807,6,0,0,0,1,2,4,0.4615384615384615,0.2307692307692307,144.69230769230768,0.0,0.5107966662905692,"Alto
(35-60%)"
CR000913,CL00829,2025-09-19,Avance de nómina,250000,9,0.0256,31000,App,780,0.0193,Automática,Activo,0,0,0,1.0,0,2023-11-15,Bogotá D.C.,Bogotá,32,F,2,Bachiller,Pensionado,1610000.0,App orgánico,451.0,False,2,Android,hash_316585,0,0,24,820,7,3,3,1,6,2,2,0.75,0.125,129.58333333333334,1.0,0.49368445857121385,"Alto
(35-60%)"
CR000914,CL00829,2024-06-06,Crédito libre inversión,3000000,6,0.018,532000,Web,619,0.3304,Manual,Mora moderada,0,1,46,0.5,3,2023-11-15,Bogotá D.C.,Bogotá,32,F,2,Bachiller,Pensionado,1610000.0,App orgánico,451.0,False,2,Android,hash_316585,0,0,24,820,7,3,3,1,6,2,2,0.75,0.125,129.58333333333334,1.0,0.7220738126061839,"Muy alto
(> 60%)"
CR000915,CL00829,2025-02-17,Crédito consumo digital,1200000,3,0.0328,427000,App,740,0.2652,Automática,Finalizado,0,0,4,0.6666666666666666,1,2023-11-15,Bogotá D.C.,Bogotá,32,F,2,Bachiller,Pensionado,1610000.0,App orgánico,451.0,False,2,Android,hash_316585,0,0,24,820,7,3,3,1,6,2,2,0.75,0.125,129.58333333333334,1.0,0.5542622310031536,"Alto
(35-60%)"
CR000916,CL00830,2026-02-01,Crédito consumo digital,750000,9,0.03,96000,Web,780,0.05,Automática,Activo,0,0,0,0.6666666666666666,0,2024-02-18,Tolima,Ibagué,33,M,2,Posgrado,Empleado,1920000.0,Campaña digital,376.0,True,0,iOS,hash_793431,0,0,9,668,2,2,2,0,0,1,1,0.7777777777777778,0.1111111111111111,221.77777777777777,1.0,0.5386719737851527,"Alto
(35-60%)"
CR000917,CL00831,2025-07-02,Crédito libre inversión,6000000,9,0.0273,761000,Aliado,898,0.187,Automática,Finalizado,0,0,18,0.8333333333333334,1,2023-04-27,Norte de Santander,Cúcuta,23,F,1,Bachiller,Empleado,4070000.0,App orgánico,586.0,False,0,iOS,hash_544629,0,0,12,988,4,4,0,1,1,0,0,0.5833333333333334,0.3333333333333333,213.91666666666663,0.0,0.39266676167427017,"Alto
(35-60%)"
CR000918,CL00832,2024-10-19,Crédito consumo digital,3500000,6,0.0211,627000,Web,810,0.2076,Automática,Finalizado,0,0,3,0.8333333333333334,1,2023-06-23,Norte de Santander,Cúcuta,27,F,3,Técnico/Tecnólogo,Microempresario,3020000.0,App orgánico,605.0,False,3,Android,hash_800924,0,0,8,816,2,3,0,0,2,0,1,0.625,0.25,145.75,0.0,0.3541479449663247,"Alto
(35-60%)"
CR000920,CL00834,2026-02-08,Crédito consumo digital,1650000,12,0.028,164000,Aliado,835,1.8,Automática,Activo,0,0,29,0.0,2,2025-12-23,Santander,Bucaramanga,28,M,2,Técnico/Tecnólogo,Independiente,2500000.0,Referido,559.0,False,0,Android,hash_224109,0,0,17,105,4,4,3,2,4,0,0,0.8235294117647058,0.0588235294117647,151.05882352941177,0.75,0.46255035284626783,"Alto
(35-60%)"
CR000921,CL00835,2025-07-20,Crédito libre inversión,2150000,18,0.0263,151000,Aliado,890,0.0637,Automática,Mora moderada,0,1,40,0.8333333333333334,1,2024-08-19,Bogotá D.C.,Bogotá,36,M,3,Sin información,Independiente,2370000.0,Aliado comercial,576.0,False,2,Android,hash_649721,0,0,16,589,6,2,4,0,2,0,2,0.625,0.25,167.375,2.0,0.48690028188277057,"Alto
(35-60%)"
CR000922,CL00835,2025-07-08,Microcrédito,1900000,9,0.0282,242000,Aliado,885,0.1021,Automática,Finalizado,0,0,6,0.8333333333333334,1,2024-08-19,Bogotá D.C.,Bogotá,36,M,3,Sin información,Independiente,2370000.0,Aliado comercial,576.0,False,2,Android,hash_649721,0,0,16,589,6,2,4,0,2,0,2,0.625,0.25,167.375,2.0,0.46871351244786746,"Alto
(35-60%)"
CR000923,CL00837,2025-03-07,Microcrédito,2400000,6,0.0427,462000,Web,889,0.211,Automática,Mora moderada,0,1,52,0.8333333333333334,1,2025-01-04,Cundinamarca,Soacha,52,F,2,Bachiller,Independiente,2190000.0,App orgánico,589.0,False,2,iOS,hash_688330,0,0,12,400,3,3,0,0,4,1,1,0.9166666666666666,0.0,148.66666666666666,0.0,0.5715211932751056,"Alto
(35-60%)"
CR000924,CL00838,2024-07-15,Crédito consumo digital,1400000,6,0.0205,250000,Call center,780,0.098,Automática,Mora moderada,0,1,33,0.6666666666666666,2,2024-03-22,Atlántico,Barranquilla,26,F,2,Bachiller,Conductor/Repartidor,2550000.0,App orgánico,517.0,False,2,Android,hash_946801,0,0,8,744,3,0,0,0,2,2,0,0.875,0.125,157.125,0.0,0.5797780803403115,"Alto
(35-60%)"
CR000925,CL00839,2025-01-28,Crédito libre inversión,3450000,6,0.0231,622000,Web,765,0.2603,Automática,Finalizado,0,0,6,0.8333333333333334,1,2024-01-27,Bogotá D.C.,Bogotá,46,M,4,Sin información,Empleado,2390000.0,Aliado comercial,610.0,True,0,Android,hash_174300,0,0,10,735,2,1,1,0,4,0,2,0.7,0.1,198.3,1.0,0.44711070588375884,"Alto
(35-60%)"
CR000926,CL00840,2025-10-08,Avance de nómina,700000,18,0.0257,49000,App,900,0.0196,Automática,Activo,0,0,6,0.8333333333333334,1,2025-07-02,Valle del Cauca,Cali,34,M,2,Bachiller,Empleado,2500000.0,Aliado comercial,517.0,True,0,Android,hash_728422,0,0,9,265,2,2,0,1,3,0,1,0.7777777777777778,0.0,219.77777777777777,0.0,0.32579493360330675,"Medio
(15-35%)"
CR000927,CL00841,2025-10-06,Crédito consumo digital,2550000,6,0.0385,484000,App,900,0.072,Automática,Finalizado,0,0,0,1.0,0,2025-10-06,Bogotá D.C.,Bogotá,36,F,6,Bachiller,Empleado,6720000.0,App orgánico,841.0,True,0,Android,hash_239648,0,0,7,110,2,0,1,0,1,0,1,0.5714285714285714,0.2857142857142857,173.71428571428572,0.0,0.124049799107045,"Bajo
(< 15%)"
CR000928,CL00842,2025-05-13,Crédito consumo digital,800000,12,0.0223,77000,App,881,0.03,Automática,Activo,0,0,0,1.0,0,2024-08-21,Bogotá D.C.,Bogotá,43,M,4,Técnico/Tecnólogo,Independiente,2370000.0,App orgánico,565.0,False,1,Android,hash_878985,0,0,18,599,7,1,2,0,3,1,3,0.8333333333333334,0.0,205.0,2.0,0.3600372803152262,"Alto
(35-60%)"
CR000929,CL00842,2025-08-09,Crédito consumo digital,1400000,9,0.0311,181000,Call center,833,0.0704,Automática,Activo,0,0,0,1.0,0,2024-08-21,Bogotá D.C.,Bogotá,43,M,4,Técnico/Tecnólogo,Independiente,2370000.0,App orgánico,565.0,False,1,Android,hash_878985,0,0,18,599,7,1,2,0,3,1,3,0.8333333333333334,0.0,205.0,2.0,0.35281582333181893,"Alto
(35-60%)"
CR000930,CL00843,2025-10-20,Crédito consumo digital,1150000,3,0.0365,412000,Aliado,715,0.1981,Automática,Finalizado,0,0,0,1.0,0,2024-11-12,Bogotá D.C.,Bogotá,25,F,2,Sin información,Empleado,2080000.0,App orgánico,528.0,True,0,iOS,hash_599302,0,0,12,354,4,4,0,0,3,0,0,0.8333333333333334,0.1666666666666666,190.08333333333331,0.0,0.49389024891087496,"Alto
(35-60%)"
CR000932,CL00846,2026-02-03,Crédito consumo digital,800000,3,0.0366,286000,App,854,0.1799,Automática,Activo,0,0,0,0.6666666666666666,0,2025-04-12,Bogotá D.C.,Bogotá,41,F,2,Bachiller,Empleado,1590000.0,Call center,588.0,False,1,Android,hash_525615,0,0,5,250,0,1,0,0,1,2,0,1.0,0.0,229.2,0.0,0.33159101135155467,"Medio
(15-35%)"
CR000933,CL00847,2025-08-11,Crédito libre inversión,3050000,24,0.032,184000,App,791,0.0716,Automática,Mora severa,0,1,64,0.8333333333333334,1,2024-12-05,Antioquia,Medellín,39,F,2,Técnico/Tecnólogo,Comerciante,2640000.0,App orgánico,553.0,False,4,Android,hash_301513,0,0,11,400,6,1,1,1,1,1,0,0.9090909090909092,0.0,159.36363636363637,1.0,0.5619444371982625,"Alto
(35-60%)"
CR000934,CL00848,2025-06-18,Microcrédito,2150000,12,0.029,215000,Call center,874,0.0837,Automática,Mora moderada,0,0,0,1.0,0,2023-01-22,Bogotá D.C.,Bogotá,61,F,4,Universitario,Empleado,2950000.0,Referido,681.0,False,0,Android,hash_802166,0,0,12,892,4,2,1,0,2,1,2,0.6666666666666666,0.1666666666666666,172.75,0.5,0.20979326013548893,"Medio
(15-35%)"
CR000935,CL00848,2025-06-30,Avance de nómina,450000,3,0.0296,159000,App,851,0.0619,Automática,Finalizado,0,0,0,1.0,0,2023-01-22,Bogotá D.C.,Bogotá,61,F,4,Universitario,Empleado,2950000.0,Referido,681.0,False,0,Android,hash_802166,0,0,12,892,4,2,1,0,2,1,2,0.6666666666666666,0.1666666666666666,172.75,0.5,0.21750511395703812,"Medio
(15-35%)"
CR000936,CL00849,2026-01-29,Crédito libre inversión,1200000,3,0.0333,427000,Aliado,835,0.1959,Automática,Finalizado,0,0,6,0.6666666666666666,1,2025-08-06,Bogotá D.C.,Bogotá,30,M,3,Técnico/Tecnólogo,Independiente,2180000.0,Referido,537.0,False,0,Android,hash_260887,0,0,11,205,1,0,0,0,5,2,3,0.6363636363636364,0.0909090909090909,152.72727272727272,0.0,0.5159163813922876,"Alto
(35-60%)"
CR000937,CL00850,2025-05-12,Crédito consumo digital,3450000,6,0.0207,617000,Aliado,804,0.2036,Automática,Finalizado,0,0,25,0.6666666666666666,2,2025-10-09,Bogotá D.C.,Bogotá,31,F,3,Universitario,Empleado,3030000.0,Aliado comercial,590.0,False,0,Android,hash_208345,0,0,10,146,3,0,3,0,2,0,1,0.6,0.3,207.6,0.0,0.43915858241871075,"Alto
(35-60%)"
CR000938,CL00851,2025-06-02,Microcrédito,1550000,6,0.0338,290000,App,826,0.1062,Automática,Mora moderada,0,1,38,0.8333333333333334,1,2023-03-26,Bogotá D.C.,Bogotá,30,F,2,Sin información,Empleado,2730000.0,Campaña digital,513.0,True,0,Android,hash_232316,0,0,12,973,4,1,1,0,3,0,2,0.75,0.0833333333333333,237.0,1.0,0.5485586836327403,"Alto
(35-60%)"
CR000939,CL00852,2025-12-15,Crédito libre inversión,14550000,3,0.0182,5028000,App,900,0.6573,Excepción,Finalizado,0,0,0,1.0,0,2025-06-20,Cundinamarca,Soacha,30,F,5,Bachiller,Empleado,7650000.0,Referido,821.0,True,0,Android,hash_814967,0,0,12,309,6,3,1,0,1,0,0,0.9166666666666666,0.0833333333333333,243.33333333333331,0.3333333333333333,0.22892140499564323,"Medio
(15-35%)"
CR000940,CL00853,2025-07-12,Crédito consumo digital,750000,6,0.0207,134000,App,824,0.0709,Automática,Finalizado,0,0,23,0.6666666666666666,2,2025-07-15,Cundinamarca,Soacha,30,M,2,Bachiller,Independiente,1890000.0,App orgánico,567.0,True,1,iOS,hash_892976,0,0,12,257,3,2,1,0,2,2,1,0.9166666666666666,0.0,169.08333333333334,0.5,0.40925997093771543,"Alto
(35-60%)"
CR000941,CL00854,2025-10-26,Crédito consumo digital,400000,12,0.0208,38000,Call center,834,0.0215,Automática,Activo,0,0,0,1.0,0,2024-04-11,Bolívar,Cartagena,48,F,3,Sin información,Pensionado,1770000.0,Campaña digital,561.0,True,2,Android,hash_859510,0,0,8,510,2,0,1,1,2,1,1,0.5,0.25,150.5,0.0,0.4602475547250861,"Alto
(35-60%)"
CR000942,CL00855,2025-12-01,Desconocido,1050000,9,0.0274,133000,Web,900,0.0518,Automática,Activo,0,0,0,1.0,0,2025-05-31,Norte de Santander,Cúcuta,50,M,6,Bachiller,Empleado,2950000.0,Aliado comercial,715.0,False,0,Web,hash_892332,0,0,9,245,3,2,0,0,4,0,0,0.7777777777777778,0.2222222222222222,152.66666666666666,0.0,0.16514202525140548,"Medio
(15-35%)"
CR000943,CL00857,2025-12-18,Microcrédito,1500000,6,0.03,277000,App,716,0.172,Automática,Mora moderada,0,1,35,0.0,4,2025-12-19,Bogotá D.C.,Bogotá,28,M,3,Sin información,Independiente,1610000.0,Campaña digital,496.0,False,0,Android,hash_228773,0,0,15,124,4,1,1,2,2,1,3,0.6,0.0666666666666666,188.4,1.0,0.7149546726566879,"Muy alto
(> 60%)"
CR000944,CL00859,2025-02-06,Avance de nómina,3750000,6,0.0303,693000,Aliado,900,0.1006,Automática,Finalizado,0,0,0,1.0,0,2024-12-26,Antioquia,Medellín,30,F,4,Bachiller,Empleado,6890000.0,App orgánico,778.0,True,1,Android,hash_782083,0,0,11,470,2,0,3,0,3,0,2,0.7272727272727273,0.0909090909090909,125.54545454545456,0.0,0.17921673879902955,"Medio
(15-35%)"
CR000945,CL00861,2024-02-16,Crédito consumo digital,1250000,24,0.0217,67000,Web,578,0.0295,Manual,Mora moderada,0,0,16,0.8333333333333334,1,2023-12-18,Bogotá D.C.,Bogotá,38,M,3,Bachiller,Pensionado,2270000.0,App orgánico,588.0,False,0,Web,hash_495037,1,0,14,717,9,2,0,0,1,0,2,0.7857142857142857,0.0714285714285714,177.92857142857142,0.0,0.4308717920800245,"Alto
(35-60%)"
CR000946,CL00862,2025-12-02,Microcrédito,1700000,6,0.0385,323000,Web,900,0.0907,Automática,Activo,0,0,15,0.8,1,2024-06-27,Santander,Bucaramanga,21,M,2,Bachiller,Comerciante,3560000.0,Referido,705.0,False,1,Android,hash_637426,0,0,9,577,2,3,2,0,1,0,0,0.6666666666666666,0.3333333333333333,206.33333333333331,0.6666666666666666,0.24811841627295542,"Medio
(15-35%)"
CR000947,CL00863,2024-06-27,Crédito consumo digital,1750000,12,0.0308,177000,App,861,0.0734,Automática,Finalizado,0,0,0,1.0,0,2023-10-17,Norte de Santander,Cúcuta,51,F,3,Bachiller,Empleado,2410000.0,Referido,674.0,False,1,iOS,hash_591592,0,0,9,733,1,4,0,1,2,0,1,0.7777777777777778,0.0,227.66666666666663,0.0,0.13662466532674888,"Bajo
(< 15%)"
CR000950,CL00866,2025-05-01,Crédito consumo digital,1400000,9,0.024,175000,App,873,0.0681,Automática,Finalizado,0,0,2,0.8333333333333334,1,2024-04-03,Tolima,Ibagué,32,M,3,Bachiller,Empleado,2950000.0,Aliado comercial,594.0,False,0,Android,hash_534171,0,0,9,524,4,0,1,0,3,1,0,0.6666666666666666,0.3333333333333333,180.22222222222223,0.0,0.2762084013316144,"Medio
(15-35%)"
CR000952,CL00869,2025-08-10,Crédito consumo digital,2400000,18,0.0388,188000,App,805,0.1279,Automática,Mora moderada,0,1,54,0.8333333333333334,1,2025-07-16,Bogotá D.C.,Bogotá,43,F,2,Bachiller,Independiente,1470000.0,App orgánico,473.0,True,1,Android,hash_459523,0,0,13,263,3,2,1,0,2,3,2,0.7692307692307693,0.0769230769230769,153.30769230769232,0.5,0.6238456793749242,"Muy alto
(> 60%)"
CR000953,CL00870,2025-01-12,Microcrédito,2600000,9,0.0418,353000,App,847,0.1374,Automática,Mora moderada,0,0,12,0.6666666666666666,2,2023-08-05,Santander,Bucaramanga,56,M,3,Técnico/Tecnólogo,Conductor/Repartidor,2570000.0,App orgánico,547.0,True,2,Android,hash_501365,0,0,14,995,3,3,1,0,3,2,2,0.7857142857142857,0.0714285714285714,162.85714285714286,0.3333333333333333,0.5440343789601587,"Alto
(35-60%)"
CR000954,CL00870,2024-04-24,Microcrédito,1700000,6,0.045,330000,App,788,0.1284,Automática,Finalizado,0,0,0,1.0,0,2023-08-05,Santander,Bucaramanga,56,M,3,Técnico/Tecnólogo,Conductor/Repartidor,2570000.0,App orgánico,547.0,True,2,Android,hash_501365,0,0,14,995,3,3,1,0,3,2,2,0.7857142857142857,0.0714285714285714,162.85714285714286,0.3333333333333333,0.5719158795574516,"Alto
(35-60%)"
CR000955,CL00871,2023-09-19,Crédito libre inversión,3600000,18,0.0325,267000,App,822,0.1658,Automática,Finalizado,0,0,0,1.0,0,2023-05-19,Antioquia,Medellín,34,M,3,Bachiller,Empleado,1610000.0,Campaña digital,611.0,False,1,Android,hash_106798,0,0,15,651,7,2,0,1,2,0,1,0.7333333333333333,0.1333333333333333,179.26666666666668,0.0,0.4382197039404967,"Alto
(35-60%)"
CR000956,CL00873,2025-12-14,Crédito consumo digital,2600000,6,0.0313,482000,App,845,0.1535,Automática,Mora severa,0,1,70,0.6,1,2024-11-12,Bogotá D.C.,Bogotá,22,M,3,Bachiller,Empleado,3140000.0,Referido,551.0,True,0,iOS,hash_767550,0,0,4,266,2,0,1,0,1,0,0,1.0,0.0,138.75,0.0,0.5890309782682217,"Alto
(35-60%)"
CR000957,CL00874,2025-05-22,Crédito consumo digital,3700000,6,0.0268,676000,Web,900,0.1653,Automática,Finalizado,0,0,0,1.0,0,2024-11-07,Santander,Bucaramanga,29,F,5,Sin información,Microempresario,4090000.0,Campaña digital,716.0,False,1,Android,hash_805126,0,0,7,387,5,1,0,0,1,0,0,0.7142857142857143,0.2857142857142857,176.57142857142858,0.0,0.13182170948986885,"Bajo
(< 15%)"
CR000958,CL00876,2025-09-04,Avance de nómina,1000000,12,0.0282,99000,App,887,0.0304,Automática,Activo,0,0,0,1.0,0,2025-04-18,Risaralda,Pereira,54,M,3,Universitario,Conductor/Repartidor,3260000.0,Campaña digital,605.0,False,3,Web,hash_634328,0,0,11,335,2,0,3,0,2,1,2,0.8181818181818182,0.0,181.9090909090909,0.0,0.22445539316032942,"Medio
(15-35%)"
CR000959,CL00876,2025-10-28,Microcrédito,3950000,18,0.0349,299000,App,876,0.0917,Automática,Activo,0,0,23,0.3333333333333333,4,2025-04-18,Risaralda,Pereira,54,M,3,Universitario,Conductor/Repartidor,3260000.0,Campaña digital,605.0,False,3,Web,hash_634328,0,0,11,335,2,0,3,0,2,1,2,0.8181818181818182,0.0,181.9090909090909,0.0,0.2721059281060312,"Medio
(15-35%)"
CR000960,CL00877,2025-11-13,Crédito consumo digital,950000,6,0.0234,172000,App,748,0.1623,Automática,Mora moderada,0,1,55,0.3333333333333333,3,2026-01-18,Bogotá D.C.,Bogotá,31,F,1,Bachiller,Pensionado,1060000.0,Campaña digital,498.0,False,4,Android,hash_609090,0,0,12,91,5,1,2,0,1,2,0,0.6666666666666666,0.3333333333333333,138.58333333333334,2.0,0.6554466016674825,"Muy alto
(> 60%)"
CR000961,CL00877,2025-07-10,Crédito consumo digital,650000,12,0.0331,67000,App,811,0.0632,Automática,Activo,0,0,0,1.0,0,2026-01-18,Bogotá D.C.,Bogotá,31,F,1,Bachiller,Pensionado,1060000.0,Campaña digital,498.0,False,4,Android,hash_609090,0,0,12,91,5,1,2,0,1,2,0,0.6666666666666666,0.3333333333333333,138.58333333333334,2.0,0.570051226683961,"Alto
(35-60%)"
CR000962,CL00878,2025-05-07,Crédito consumo digital,400000,6,0.0285,73000,App,819,0.0408,Automática,Finalizado,0,0,1,0.8333333333333334,1,2023-07-18,Santander,Bucaramanga,38,F,3,Bachiller,Estudiante,1790000.0,Campaña digital,594.0,True,3,Web,hash_371698,0,0,10,930,3,1,1,1,1,3,0,0.8,0.1,212.9,1.0,0.3961950523321359,"Alto
(35-60%)"
CR000963,CL00879,2025-03-20,Microcrédito,2350000,6,0.035,441000,App,893,0.1267,Automática,Finalizado,0,0,0,1.0,0,2024-04-06,Atlántico,Barranquilla,36,M,4,Posgrado,Empleado,3480000.0,App orgánico,704.0,True,1,Android,hash_510685,0,0,10,706,5,1,2,0,1,1,0,1.0,0.0,141.7,2.0,0.20533350286698535,"Medio
(15-35%)"
CR000964,CL00879,2025-04-19,Crédito consumo digital,1800000,18,0.0385,140000,App,900,0.0402,Automática,Activo,0,0,23,0.8333333333333334,1,2024-04-06,Atlántico,Barranquilla,36,M,4,Posgrado,Empleado,3480000.0,App orgánico,704.0,True,1,Android,hash_510685,0,0,10,706,5,1,2,0,1,1,0,1.0,0.0,141.7,2.0,0.12672063097629677,"Bajo
(< 15%)"
CR000965,CL00881,2025-10-16,Microcrédito,950000,9,0.0431,130000,App,810,0.0605,Automática,Activo,0,0,10,0.8333333333333334,1,2026-01-14,Cundinamarca,Soacha,61,F,4,Posgrado,Independiente,2150000.0,Referido,676.0,False,1,Android,hash_204448,0,0,5,72,2,0,1,0,1,0,0,1.0,0.0,208.2,0.0,0.31462936355516125,"Medio
(15-35%)"
CR000966,CL00882,2024-12-23,Crédito consumo digital,2500000,6,0.0329,466000,App,900,0.1043,Automática,Finalizado,0,0,6,0.6666666666666666,2,2023-05-20,Bogotá D.C.,Bogotá,31,M,2,Universitario,Empleado,4470000.0,Campaña digital,633.0,False,1,Android,hash_648349,0,0,5,586,1,1,2,0,0,1,0,0.8,0.2,203.2,2.0,0.22410821044137344,"Medio
(15-35%)"
CR000967,CL00883,2025-03-30,Crédito consumo digital,400000,24,0.0267,23000,App,722,0.0365,Automática,Mora severa,0,1,74,0.5,3,2023-07-26,Antioquia,Medellín,31,F,3,Bachiller,Desempleado,630000.0,Campaña digital,408.0,False,2,Android,hash_132882,0,0,4,513,2,0,1,0,0,1,0,1.0,0.0,114.0,0.0,0.6006560646699474,"Muy alto
(> 60%)"
CR000968,CL00884,2025-08-20,Microcrédito,10450000,12,0.0259,1025000,Aliado,867,0.1795,Automática,Activo,0,0,0,1.0,0,2023-05-29,Santander,Bucaramanga,46,M,2,Posgrado,Empleado,5710000.0,Campaña digital,685.0,False,1,Android,hash_508039,0,0,8,763,3,2,0,0,2,0,0,0.375,0.625,220.75,0.0,0.25307780546084296,"Medio
(15-35%)"
CR000969,CL00886,2025-12-17,Crédito consumo digital,1100000,6,0.0297,203000,App,794,0.1586,Automática,Activo,0,0,0,1.0,0,2025-09-27,Antioquia,Medellín,54,F,4,Técnico/Tecnólogo,Estudiante,1280000.0,Referido,642.0,True,0,Web,hash_778627,0,0,7,174,3,1,1,0,0,2,0,0.8571428571428571,0.1428571428571428,214.42857142857144,1.0,0.34533986619591306,"Medio
(15-35%)"
CR000970,CL00887,2026-01-27,Crédito consumo digital,950000,12,0.0375,100000,App,817,0.0439,Automática,Activo,0,0,0,1.0,0,2026-01-03,Bogotá D.C.,Bogotá,42,F,2,Bachiller,Empleado,2280000.0,Referido,520.0,True,1,Web,hash_561003,0,0,12,110,4,4,0,0,2,2,0,0.8333333333333334,0.1666666666666666,221.5,0.0,0.4381572852793418,"Alto
(35-60%)"
CR000971,CL00889,2025-01-02,Crédito consumo digital,3150000,12,0.0231,304000,App,785,0.1126,Automática,Mora severa,0,1,63,0.6666666666666666,2,2023-07-20,Santander,Bucaramanga,42,M,3,Bachiller,Conductor/Repartidor,2700000.0,Campaña digital,620.0,False,0,Android,hash_957263,0,0,11,830,5,2,1,0,1,0,2,0.6363636363636364,0.1818181818181818,205.8181818181818,0.5,0.4030886154789786,"Alto
(35-60%)"
CR000972,CL00890,2025-02-10,Crédito consumo digital,1450000,12,0.0302,146000,Web,548,0.0664,Manual,Finalizado,0,0,0,1.0,0,2024-07-10,Cundinamarca,Soacha,47,F,3,Universitario,Microempresario,2200000.0,Campaña digital,588.0,False,3,Android,hash_954127,1,0,16,611,4,2,4,0,1,2,3,0.5625,0.25,124.8125,2.0,0.46390977558168905,"Alto
(35-60%)"
CR000973,CL00890,2025-12-16,Crédito consumo digital,1250000,9,0.0246,157000,App,528,0.0714,Excepción,Activo,0,0,0,1.0,0,2024-07-10,Cundinamarca,Soacha,47,F,3,Universitario,Microempresario,2200000.0,Campaña digital,588.0,False,3,Android,hash_954127,1,0,16,611,4,2,4,0,1,2,3,0.5625,0.25,124.8125,2.0,0.43861126411091794,"Alto
(35-60%)"
CR000974,CL00891,2024-08-22,Avance de nómina,1000000,6,0.0233,181000,Call center,831,0.0675,Automática,Mora moderada,0,1,38,0.8333333333333334,1,2023-04-23,Bogotá D.C.,Bogotá,44,M,2,Bachiller,Comerciante,2680000.0,App orgánico,637.0,False,2,Android,hash_689759,0,0,9,738,2,3,2,0,1,0,1,0.6666666666666666,0.2222222222222222,144.11111111111111,0.6666666666666666,0.43578804234196633,"Alto
(35-60%)"
CR000975,CL00891,2024-12-24,Crédito consumo digital,800000,12,0.0322,81000,App,830,0.0302,Automática,Finalizado,0,0,10,0.8333333333333334,1,2023-04-23,Bogotá D.C.,Bogotá,44,M,2,Bachiller,Comerciante,2680000.0,App orgánico,637.0,False,2,Android,hash_689759,0,0,9,738,2,3,2,0,1,0,1,0.6666666666666666,0.2222222222222222,144.11111111111111,0.6666666666666666,0.36502440229137734,"Alto
(35-60%)"
CR000977,CL00892,2025-08-31,Crédito libre inversión,5150000,6,0.0202,920000,App,767,0.358,Manual,Mora moderada,0,1,42,0.6666666666666666,2,2025-03-26,Bolívar,Cartagena,41,M,3,Sin información,Empleado,2950000.0,App orgánico,601.0,False,1,Android,hash_513869,0,0,15,374,7,2,0,1,3,1,1,0.5333333333333333,0.3333333333333333,207.6,0.0,0.6295835654170745,"Muy alto
(> 60%)"
CR000978,CL00893,2025-10-05,Crédito consumo digital,2600000,6,0.035,488000,Aliado,622,0.2346,Automática,Finalizado,0,0,4,0.6666666666666666,2,2025-06-19,Atlántico,Barranquilla,47,F,1,Sin información,Empleado,2080000.0,Aliado comercial,588.0,True,3,iOS,hash_240017,1,0,15,289,1,1,2,3,4,3,1,0.6666666666666666,0.0666666666666666,116.2,2.0,0.42065390779444983,"Alto
(35-60%)"
CR000980,CL00895,2025-07-28,Crédito libre inversión,3850000,9,0.0242,481000,App,900,0.0962,Automática,Finalizado,0,0,0,1.0,0,2025-12-25,Caldas,Manizales,50,M,1,Técnico/Tecnólogo,Empleado,5000000.0,Referido,673.0,True,0,iOS,hash_146972,0,0,9,84,3,1,1,1,1,1,1,0.7777777777777778,0.0,133.77777777777777,1.0,0.17903283580447987,"Medio
(15-35%)"
CR000981,CL00896,2025-06-29,Crédito consumo digital,900000,12,0.0354,93000,Web,860,0.0363,Automática,Mora moderada,0,0,30,0.8333333333333334,1,2025-08-17,Caldas,Manizales,42,M,1,Universitario,Empleado,2560000.0,App orgánico,591.0,False,4,Android,hash_920677,0,0,7,235,0,3,1,0,1,0,1,0.7142857142857143,0.1428571428571428,197.42857142857144,0.3333333333333333,0.31991047302367465,"Medio
(15-35%)"
CR000982,CL00897,2025-09-13,Microcrédito,1800000,12,0.0392,191000,App,744,0.1308,Automática,Mora severa,0,1,114,0.8333333333333334,1,2024-02-21,Valle del Cauca,Cali,34,F,1,Bachiller,Conductor/Repartidor,1460000.0,Campaña digital,495.0,True,1,Android,hash_943882,0,0,10,742,4,1,3,0,1,1,0,0.9,0.1,166.5,3.0,0.6868881058923166,"Muy alto
(> 60%)"
CR000983,CL00898,2025-09-04,Crédito consumo digital,1800000,12,0.027,178000,App,831,0.1369,Automática,Activo,0,0,28,0.5,3,2025-07-17,Tolima,Ibagué,37,M,1,Bachiller,Conductor/Repartidor,1300000.0,App orgánico,446.0,False,1,iOS,hash_315523,0,0,9,193,3,2,1,1,0,0,0,0.6666666666666666,0.2222222222222222,161.11111111111111,0.5,0.5441073792373593,"Alto
(35-60%)"
CR000984,CL00900,2025-04-26,Microcrédito,5800000,6,0.0307,1073000,Call center,529,0.3989,Excepción,Finalizado,0,0,29,0.3333333333333333,4,2024-05-03,Bogotá D.C.,Bogotá,28,F,2,Universitario,Empleado,2690000.0,Referido,588.0,False,1,Android,hash_448787,1,0,22,627,4,5,1,2,6,1,2,0.8181818181818182,0.0,182.5909090909091,0.2,0.5727817409551136,"Alto
(35-60%)"
CR000985,CL00900,2024-06-23,Microcrédito,2800000,12,0.0251,273000,App,617,0.1015,Manual,Finalizado,0,0,0,1.0,0,2024-05-03,Bogotá D.C.,Bogotá,28,F,2,Universitario,Empleado,2690000.0,Referido,588.0,False,1,Android,hash_448787,1,0,22,627,4,5,1,2,6,1,2,0.8181818181818182,0.0,182.5909090909091,0.2,0.5312977438426794,"Alto
(35-60%)"
CR000986,CL00900,2025-04-09,Crédito consumo digital,700000,9,0.0226,87000,App,634,0.0323,Automática,Finalizado,0,0,0,1.0,0,2024-05-03,Bogotá D.C.,Bogotá,28,F,2,Universitario,Empleado,2690000.0,Referido,588.0,False,1,Android,hash_448787,1,0,22,627,4,5,1,2,6,1,2,0.8181818181818182,0.0,182.5909090909091,0.2,0.4244863410624901,"Alto
(35-60%)"
CR000987,CL00904,2025-06-21,Microcrédito,650000,6,0.0311,120000,Aliado,801,0.0774,Automática,Mora moderada,0,1,56,0.8333333333333334,1,2023-08-27,Cundinamarca,Soacha,49,M,1,Posgrado,Independiente,1550000.0,Campaña digital,621.0,False,1,Android,hash_652766,0,0,9,924,3,0,2,1,2,1,0,0.6666666666666666,0.2222222222222222,224.88888888888889,0.0,0.40882133347644145,"Alto
(35-60%)"
CR000988,CL00905,2025-07-17,Crédito consumo digital,650000,18,0.0305,47000,Web,815,0.0214,Automática,Mora severa,0,1,116,0.6666666666666666,2,2025-09-04,Valle del Cauca,Cali,38,M,2,Sin información,Empleado,2200000.0,Aliado comercial,571.0,True,1,iOS,hash_887600,0,0,5,199,0,0,0,1,2,0,1,0.4,0.2,155.6,0.0,0.5992499857308116,"Alto
(35-60%)"
CR000989,CL00906,2024-11-08,Crédito consumo digital,3150000,12,0.0208,299000,Web,889,0.0845,Automática,Mora moderada,0,1,35,0.8333333333333334,1,2024-05-20,Bogotá D.C.,Bogotá,36,M,6,Bachiller,Conductor/Repartidor,3540000.0,App orgánico,712.0,False,0,Android,hash_446336,0,0,10,552,3,1,1,2,2,0,0,0.8,0.0,163.1,1.0,0.15388822418971154,"Medio
(15-35%)"
CR000990,CL00907,2025-05-22,Microcrédito,2800000,6,0.0448,543000,App,793,0.1655,Automática,Mora moderada,0,1,56,0.6666666666666666,2,2024-07-10,Bogotá D.C.,Bogotá,22,F,2,Sin información,Empleado,3280000.0,Campaña digital,603.0,False,0,Android,hash_203691,0,0,10,589,1,0,0,1,5,1,2,0.6,0.1,165.9,0.0,0.6081874453085157,"Muy alto
(> 60%)"
CR000991,CL00908,2025-09-09,Crédito consumo digital,1250000,9,0.0243,156000,Aliado,856,0.0681,Automática,Activo,0,0,16,0.8333333333333334,1,2024-10-14,Santander,Bucaramanga,43,M,4,Posgrado,Independiente,2290000.0,Referido,534.0,False,3,Android,hash_148544,0,0,12,391,5,1,1,1,2,1,1,0.5833333333333334,0.25,81.08333333333333,1.0,0.41055685192157115,"Alto
(35-60%)"
CR000992,CL00908,2026-01-26,Crédito consumo digital,1200000,6,0.0292,221000,App,845,0.0965,Automática,Activo,0,0,0,1.0,0,2024-10-14,Santander,Bucaramanga,43,M,4,Posgrado,Independiente,2290000.0,Referido,534.0,False,3,Android,hash_148544,0,0,12,391,5,1,1,1,2,1,1,0.5833333333333334,0.25,81.08333333333333,1.0,0.43221974874108016,"Alto
(35-60%)"
CR000993,CL00909,2023-11-28,Crédito consumo digital,1250000,12,0.0214,119000,Web,753,0.0721,Automática,Finalizado,0,0,18,0.8333333333333334,1,2023-11-07,Bogotá D.C.,Bogotá,42,M,1,Bachiller,Microempresario,1650000.0,Campaña digital,603.0,False,0,Android,hash_318865,0,0,13,829,1,3,1,1,3,1,1,0.6153846153846154,0.2307692307692307,140.3846153846154,0.3333333333333333,0.42036667796824767,"Alto
(35-60%)"
CR000994,CL00909,2026-01-26,Microcrédito,1850000,6,0.0323,344000,App,799,0.2085,Automática,Activo,0,0,0,1.0,0,2023-11-07,Bogotá D.C.,Bogotá,42,M,1,Bachiller,Microempresario,1650000.0,Campaña digital,603.0,False,0,Android,hash_318865,0,0,13,829,1,3,1,1,3,1,1,0.6153846153846154,0.2307692307692307,140.3846153846154,0.3333333333333333,0.47800916079856576,"Alto
(35-60%)"
CR000995,CL00911,2025-05-21,Crédito consumo digital,1800000,12,0.0382,190000,Aliado,850,0.0696,Automática,Activo,0,0,0,1.0,0,2025-03-08,Antioquia,Medellín,33,F,3,Sin información,Conductor/Repartidor,2730000.0,Aliado comercial,605.0,False,1,Android,hash_702565,0,0,14,381,4,2,1,1,5,1,0,0.9285714285714286,0.0,219.07142857142856,0.5,0.23076848626228336,"Medio
(15-35%)"
CR000996,CL00912,2025-07-09,Microcrédito,1750000,6,0.0266,319000,App,779,0.106,Automática,Finalizado,0,0,0,1.0,0,2025-05-14,Antioquia,Medellín,38,F,2,Universitario,Empleado,3010000.0,App orgánico,586.0,True,0,iOS,hash_515651,0,0,10,249,5,1,0,0,2,1,1,0.9,0.0,213.8,0.0,0.47295579929742565,"Alto
(35-60%)"
CR000997,CL00912,2025-09-10,Microcrédito,2900000,3,0.0362,1037000,App,813,0.3445,Automática,Finalizado,0,0,15,0.6666666666666666,1,2025-05-14,Antioquia,Medellín,38,F,2,Universitario,Empleado,3010000.0,App orgánico,586.0,True,0,iOS,hash_515651,0,0,10,249,5,1,0,0,2,1,1,0.9,0.0,213.8,0.0,0.4041145049419238,"Alto
(35-60%)"
CR000998,CL00913,2025-09-22,Crédito consumo digital,550000,9,0.0335,72000,Aliado,785,0.059,Automática,Mora moderada,0,1,50,0.8333333333333334,1,2025-09-01,Bogotá D.C.,Bogotá,38,M,1,Técnico/Tecnólogo,Independiente,1220000.0,App orgánico,572.0,False,2,Web,hash_469517,0,0,6,177,1,1,0,0,3,0,0,1.0,0.0,181.0,0.0,0.6238623951615225,"Muy alto
(> 60%)"
CR001000,CL00915,2025-08-03,Microcrédito,1400000,6,0.0285,257000,App,768,0.1272,Automática,Finalizado,0,0,17,0.6666666666666666,2,2025-03-27,Antioquia,Medellín,35,F,2,Técnico/Tecnólogo,Comerciante,2020000.0,App orgánico,470.0,False,0,Android,hash_184269,0,0,4,362,1,0,3,0,0,0,0,1.0,0.0,155.25,0.0,0.5720890446629209,"Alto
(35-60%)"
CR001001,CL00916,2025-02-19,Crédito consumo digital,1500000,24,0.0202,80000,Web,882,0.0233,Automática,Activo,0,0,0,1.0,0,2023-02-14,Antioquia,Medellín,39,F,5,Técnico/Tecnólogo,Empleado,3440000.0,Campaña digital,742.0,True,2,Android,hash_594614,0,0,13,993,4,1,0,0,5,0,2,0.6153846153846154,0.2307692307692307,159.30769230769232,0.0,0.1495879428650066,"Bajo
(< 15%)"
CR001002,CL00917,2026-01-03,Crédito consumo digital,1100000,24,0.0385,71000,Aliado,900,0.0216,Automática,Activo,0,0,0,0.75,0,2025-09-07,Tolima,Ibagué,42,M,5,Bachiller,Pensionado,3280000.0,App orgánico,768.0,False,1,Android,hash_951081,0,0,14,194,4,1,3,0,1,2,3,0.5714285714285714,0.2142857142857142,163.0,3.0,0.2704553094763288,"Medio
(15-35%)"
CR001003,CL00917,2025-08-23,Crédito consumo digital,1500000,6,0.0278,275000,Aliado,900,0.0838,Automática,Mora moderada,0,1,45,0.8333333333333334,1,2025-09-07,Tolima,Ibagué,42,M,5,Bachiller,Pensionado,3280000.0,App orgánico,768.0,False,1,Android,hash_951081,0,0,14,194,4,1,3,0,1,2,3,0.5714285714285714,0.2142857142857142,163.0,3.0,0.3521908794168647,"Alto
(35-60%)"
CR001004,CL00918,2024-10-15,Avance de nómina,1150000,3,0.03,407000,Web,900,0.0604,Automática,Finalizado,0,0,0,1.0,0,2023-11-05,Antioquia,Medellín,38,M,3,Técnico/Tecnólogo,Empleado,6740000.0,Campaña digital,642.0,False,0,Android,hash_934175,0,0,7,623,2,1,0,2,0,0,2,0.4285714285714285,0.0,248.57142857142856,0.0,0.18977940434168128,"Medio
(15-35%)"
CR001005,CL00919,2024-12-12,Microcrédito,1150000,6,0.0365,217000,App,799,0.0844,Automática,Finalizado,0,0,0,1.0,0,2024-11-06,Valle del Cauca,Cali,32,F,3,Técnico/Tecnólogo,Comerciante,2640000.0,Referido,573.0,False,1,Android,hash_978174,0,0,10,481,5,0,1,0,2,0,1,0.8,0.1,175.4,0.0,0.46567450209151223,"Alto
(35-60%)"
CR001006,CL00919,2025-10-07,Avance de nómina,950000,18,0.0296,69000,App,816,0.0268,Automática,Mora severa,0,1,113,0.8333333333333334,1,2024-11-06,Valle del Cauca,Cali,32,F,3,Técnico/Tecnólogo,Comerciante,2640000.0,Referido,573.0,False,1,Android,hash_978174,0,0,10,481,5,0,1,0,2,0,1,0.8,0.1,175.4,0.0,0.531122858947542,"Alto
(35-60%)"
CR001007,CL00920,2024-08-24,Crédito consumo digital,1500000,9,0.0365,199000,Web,900,0.057,Automática,Finalizado,0,0,0,1.0,0,2023-11-17,Bogotá D.C.,Bogotá,38,M,4,Universitario,Empleado,3490000.0,App orgánico,712.0,True,1,iOS,hash_455281,0,0,6,562,2,2,0,0,1,0,1,0.6666666666666666,0.1666666666666666,174.33333333333334,0.0,0.11856418723964332,"Bajo
(< 15%)"
CR001008,CL00921,2026-02-02,Crédito consumo digital,1300000,9,0.0302,167000,App,768,0.0746,Automática,Activo,0,0,0,1.0,0,2023-09-20,Meta,Villavicencio,47,M,2,Técnico/Tecnólogo,Comerciante,2240000.0,Campaña digital,526.0,False,1,iOS,hash_473555,0,0,14,910,5,2,1,2,3,0,1,0.7857142857142857,0.0,115.21428571428572,0.5,0.4086430071909659,"Alto
(35-60%)"
CR001009,CL00921,2025-04-12,Crédito consumo digital,1650000,9,0.033,215000,Call center,885,0.096,Automática,Finalizado,0,0,17,0.8333333333333334,1,2023-09-20,Meta,Villavicencio,47,M,2,Técnico/Tecnólogo,Comerciante,2240000.0,Campaña digital,526.0,False,1,iOS,hash_473555,0,0,14,910,5,2,1,2,3,0,1,0.7857142857142857,0.0,115.21428571428572,0.5,0.2853360025643614,"Medio
(15-35%)"
CR001010,CL00923,2024-02-03,Crédito libre inversión,4250000,6,0.0307,786000,Aliado,772,0.2265,Automática,Finalizado,0,0,13,0.6666666666666666,2,2023-05-18,Valle del Cauca,Cali,37,F,4,Sin información,Empleado,3470000.0,Referido,557.0,False,0,iOS,hash_411295,0,0,9,985,2,2,0,0,1,1,2,0.6666666666666666,0.1111111111111111,134.0,0.0,0.6004685131420118,"Muy alto
(> 60%)"
CR001011,CL00925,2025-11-20,Crédito consumo digital,800000,9,0.025,100000,App,900,0.0356,Automática,Activo,0,0,0,1.0,0,2025-02-04,Santander,Bucaramanga,48,M,2,Bachiller,Empleado,2810000.0,Referido,713.0,True,1,Android,hash_357391,0,0,5,306,3,0,0,0,2,0,0,1.0,0.0,122.8,0.0,0.1925511610331515,"Medio
(15-35%)"
CR001013,CL00928,2024-02-10,Crédito consumo digital,600000,12,0.0322,61000,App,712,0.0526,Automática,Mora moderada,0,1,48,0.5,3,2023-04-08,Bogotá D.C.,Bogotá,40,M,2,Bachiller,Independiente,1160000.0,Aliado comercial,459.0,False,0,iOS,hash_823040,0,0,9,780,2,1,0,1,2,0,3,0.4444444444444444,0.1111111111111111,195.0,0.0,0.6794249701887477,"Muy alto
(> 60%)"
CR001014,CL00929,2026-01-27,Crédito libre inversión,1500000,9,0.0289,192000,Web,723,0.1433,Automática,Activo,0,0,0,1.0,0,2025-06-15,Cundinamarca,Soacha,52,M,3,Bachiller,Empleado,1340000.0,App orgánico,531.0,False,1,Android,hash_389707,0,0,11,193,3,1,1,0,5,0,1,0.8181818181818182,0.0909090909090909,137.72727272727272,1.0,0.5769662414715128,"Alto
(35-60%)"
CR001015,CL00930,2025-10-20,Crédito consumo digital,1600000,12,0.035,166000,Aliado,801,0.1129,Automática,Activo,0,0,0,1.0,0,2025-01-28,Risaralda,Pereira,35,F,1,Bachiller,Empleado,1470000.0,Referido,532.0,True,2,Android,hash_881345,0,0,1,1,0,0,0,0,0,1,0,1.0,0.0,120.0,0.0,0.4395149821467607,"Alto
(35-60%)"
CR001016,CL00931,2025-10-09,Microcrédito,1400000,6,0.0346,262000,App,771,0.1489,Automática,Mora moderada,0,1,38,0.5,3,2025-02-28,Valle del Cauca,Cali,30,M,1,Técnico/Tecnólogo,Independiente,1760000.0,Aliado comercial,505.0,True,2,Android,hash_640856,0,0,9,296,1,3,1,1,1,2,0,0.6666666666666666,0.2222222222222222,140.33333333333334,0.3333333333333333,0.6610090994961856,"Muy alto
(> 60%)"
CR001018,CL00933,2025-02-01,Crédito libre inversión,1650000,12,0.0265,162000,Aliado,781,0.0827,Automática,Finalizado,0,0,0,1.0,0,2024-03-24,Atlántico,Barranquilla,22,F,1,Bachiller,Empleado,1960000.0,Call center,575.0,False,2,iOS,hash_318400,0,0,8,479,4,3,0,0,1,0,0,0.875,0.125,113.5,0.0,0.5176302154204532,"Alto
(35-60%)"
CR001019,CL00934,2025-04-09,Crédito libre inversión,5050000,6,0.0258,919000,App,777,0.2908,Automática,Mora severa,0,1,83,0.3333333333333333,4,2023-01-25,Bogotá D.C.,Bogotá,19,M,3,Técnico/Tecnólogo,Independiente,3160000.0,Campaña digital,482.0,False,3,iOS,hash_764573,0,0,11,1013,4,1,4,0,1,0,0,0.8181818181818182,0.1818181818181818,159.63636363636363,4.0,0.7366383777201837,"Muy alto
(> 60%)"
CR001021,CL00938,2025-12-10,Crédito consumo digital,850000,6,0.0374,161000,Web,791,1.8,Automática,Mora severa,0,1,75,0.0,4,2025-04-18,Atlántico,Barranquilla,43,M,4,Técnico/Tecnólogo,Empleado,2450000.0,App orgánico,608.0,True,0,Android,hash_923509,0,0,18,241,9,2,1,1,2,0,2,0.7777777777777778,0.0555555555555555,154.0,0.5,0.4340712878672919,"Alto
(35-60%)"
CR001022,CL00938,2026-01-15,Microcrédito,1850000,9,0.0301,238000,Aliado,808,0.0971,Automática,Activo,0,0,3,0.5,1,2025-04-18,Atlántico,Barranquilla,43,M,4,Técnico/Tecnólogo,Empleado,2450000.0,App orgánico,608.0,True,0,Android,hash_923509,0,0,18,241,9,2,1,1,2,0,2,0.7777777777777778,0.0555555555555555,154.0,0.5,0.3985456889549273,"Alto
(35-60%)"
CR001023,CL00939,2023-12-16,Crédito consumo digital,1800000,6,0.0273,329000,Call center,834,0.0991,Automática,Finalizado,0,0,0,1.0,0,2023-03-10,Valle del Cauca,Cali,38,M,1,Universitario,Empleado,3320000.0,App orgánico,587.0,False,0,iOS,hash_473345,0,0,10,1074,2,4,2,0,0,0,0,0.8,0.2,128.2,0.5,0.3992028458163213,"Alto
(35-60%)"
CR001024,CL00940,2024-02-17,Avance de nómina,1350000,6,0.0282,248000,Call center,900,0.0482,Automática,Finalizado,0,0,26,0.8333333333333334,1,2023-11-13,Risaralda,Pereira,30,F,4,Sin información,Empleado,5150000.0,Referido,620.0,False,2,Android,hash_443264,0,0,16,724,1,3,4,2,2,0,3,0.625,0.0625,136.5625,1.3333333333333333,0.18163843897430942,"Medio
(15-35%)"
CR001025,CL00940,2024-11-28,Crédito consumo digital,2350000,6,0.0345,440000,App,900,0.0854,Automática,Finalizado,0,0,0,1.0,0,2023-11-13,Risaralda,Pereira,30,F,4,Sin información,Empleado,5150000.0,Referido,620.0,False,2,Android,hash_443264,0,0,16,724,1,3,4,2,2,0,3,0.625,0.0625,136.5625,1.3333333333333333,0.20403755100136695,"Medio
(15-35%)"
CR001026,CL00941,2024-03-27,Crédito consumo digital,2600000,6,0.0205,465000,App,892,0.1987,Automática,Finalizado,0,0,0,1.0,0,2023-12-13,Cundinamarca,Soacha,23,F,3,Universitario,Independiente,2340000.0,App orgánico,615.0,True,2,Android,hash_117985,0,0,11,678,4,1,0,1,4,0,0,0.8181818181818182,0.0909090909090909,139.63636363636363,0.0,0.3069008097807039,"Medio
(15-35%)"
CR001027,CL00941,2025-06-27,Crédito consumo digital,1150000,6,0.0277,211000,App,828,0.0902,Automática,Finalizado,0,0,0,1.0,0,2023-12-13,Cundinamarca,Soacha,23,F,3,Universitario,Independiente,2340000.0,App orgánico,615.0,True,2,Android,hash_117985,0,0,11,678,4,1,0,1,4,0,0,0.8181818181818182,0.0909090909090909,139.63636363636363,0.0,0.33269527441655067,"Medio
(15-35%)"
CR001028,CL00942,2026-01-08,Microcrédito,4100000,3,0.0302,1450000,App,856,0.4096,Manual,Activo,0,0,22,0.6666666666666666,1,2025-03-20,Antioquia,Medellín,45,M,3,Técnico/Tecnólogo,Empleado,3540000.0,Campaña digital,673.0,True,2,Android,hash_737696,0,0,13,314,5,2,2,1,2,1,0,0.6153846153846154,0.3076923076923077,126.15384615384616,1.0,0.3644817430803564,"Alto
(35-60%)"
CR001029,CL00942,2025-04-27,Crédito libre inversión,5900000,12,0.0226,567000,Aliado,868,0.1602,Automática,Finalizado,0,0,0,1.0,0,2025-03-20,Antioquia,Medellín,45,M,3,Técnico/Tecnólogo,Empleado,3540000.0,Campaña digital,673.0,True,2,Android,hash_737696,0,0,13,314,5,2,2,1,2,1,0,0.6153846153846154,0.3076923076923077,126.15384615384616,1.0,0.2672788384162139,"Medio
(15-35%)"
CR001030,CL00943,2024-10-28,Crédito consumo digital,800000,6,0.0226,144000,App,856,0.0842,Automática,Finalizado,0,0,6,0.8333333333333334,1,2023-09-18,Bogotá D.C.,Bogotá,43,M,2,Bachiller,Empleado,1710000.0,Campaña digital,584.0,True,3,Web,hash_792822,0,0,9,580,4,0,0,0,2,0,1,0.6666666666666666,0.2222222222222222,166.11111111111111,0.0,0.4004320283838052,"Alto
(35-60%)"
CR001031,CL00944,2024-08-29,Crédito consumo digital,600000,3,0.0356,214000,App,637,0.1399,Automática,Finalizado,0,0,20,0.3333333333333333,2,2023-02-28,Bogotá D.C.,Bogotá,35,F,2,Bachiller,Conductor/Repartidor,1530000.0,Referido,449.0,False,1,Android,hash_170511,0,0,13,1037,4,3,3,0,2,0,0,0.7692307692307693,0.2307692307692307,156.3846153846154,1.0,0.6036559166988147,"Muy alto
(> 60%)"
CR001032,CL00944,2023-09-18,Crédito libre inversión,2750000,6,0.0293,506000,App,735,0.3307,Automática,Mora moderada,0,1,41,0.3333333333333333,4,2023-02-28,Bogotá D.C.,Bogotá,35,F,2,Bachiller,Conductor/Repartidor,1530000.0,Referido,449.0,False,1,Android,hash_170511,0,0,13,1037,4,3,3,0,2,0,0,0.7692307692307693,0.2307692307692307,156.3846153846154,1.0,0.8088716416951187,"Muy alto
(> 60%)"
CR001033,CL00944,2025-07-21,Crédito consumo digital,1200000,3,0.0213,417000,App,844,0.2725,Automática,Mora severa,0,1,64,0.0,3,2023-02-28,Bogotá D.C.,Bogotá,35,F,2,Bachiller,Conductor/Repartidor,1530000.0,Referido,449.0,False,1,Android,hash_170511,0,0,13,1037,4,3,3,0,2,0,0,0.7692307692307693,0.2307692307692307,156.3846153846154,1.0,0.6269921251291861,"Muy alto
(> 60%)"
CR001034,CL00945,2025-10-21,Microcrédito,2400000,24,0.0295,141000,App,856,0.0472,Automática,Activo,0,0,4,0.8333333333333334,1,2026-01-03,Tolima,Ibagué,54,F,3,Universitario,Empleado,2990000.0,Referido,588.0,False,1,Android,hash_174783,0,0,12,98,2,4,2,1,2,0,1,0.6666666666666666,0.1666666666666666,141.83333333333334,0.5,0.31699175379273664,"Medio
(15-35%)"
CR001035,CL00946,2025-10-20,Crédito consumo digital,1550000,12,0.0222,149000,Call center,833,0.0536,Automática,Activo,0,0,0,1.0,0,2024-10-28,Meta,Villavicencio,25,F,4,Técnico/Tecnólogo,Microempresario,2780000.0,Campaña digital,586.0,False,0,Android,hash_928267,0,0,9,442,2,3,0,2,1,0,1,0.4444444444444444,0.2222222222222222,182.33333333333331,0.0,0.3320759367874079,"Medio
(15-35%)"
CR001036,CL00947,2023-12-24,Crédito consumo digital,4800000,12,0.0285,478000,Aliado,900,0.1037,Automática,Finalizado,0,0,0,1.0,0,2023-08-20,Bogotá D.C.,Bogotá,21,F,4,Bachiller,Empleado,4610000.0,Referido,675.0,True,1,Android,hash_832382,0,0,14,930,5,1,4,0,2,1,1,0.7142857142857143,0.2142857142857142,150.92857142857142,4.0,0.25393738880917316,"Medio
(15-35%)"
CR001037,CL00947,2023-09-18,Crédito consumo digital,2950000,6,0.0341,552000,App,900,0.1197,Automática,Finalizado,0,0,3,0.8333333333333334,1,2023-08-20,Bogotá D.C.,Bogotá,21,F,4,Bachiller,Empleado,4610000.0,Referido,675.0,True,1,Android,hash_832382,0,0,14,930,5,1,4,0,2,1,1,0.7142857142857143,0.2142857142857142,150.92857142857142,4.0,0.23982666545165862,"Medio
(15-35%)"
CR001038,CL00949,2025-08-08,Crédito consumo digital,1400000,9,0.0366,185000,App,875,0.1076,Automática,Activo,0,0,0,1.0,0,2026-01-09,Antioquia,Medellín,36,M,4,Sin información,Pensionado,1720000.0,App orgánico,619.0,False,3,Web,hash_236537,0,0,8,96,5,2,0,0,0,1,0,1.0,0.0,86.125,0.0,0.29338640311370506,"Medio
(15-35%)"
CR001039,CL00950,2025-07-12,Avance de nómina,500000,6,0.0208,90000,App,876,0.0584,Automática,Mora severa,0,1,102,0.3333333333333333,4,2023-02-09,Bolívar,Cartagena,38,F,3,Técnico/Tecnólogo,Independiente,1540000.0,Campaña digital,452.0,False,1,Android,hash_226892,0,0,12,964,2,0,3,1,3,2,1,0.6666666666666666,0.1666666666666666,198.83333333333331,0.0,0.5345552141914177,"Alto
(35-60%)"
CR001040,CL00950,2024-06-17,Avance de nómina,1150000,9,0.0276,146000,Web,766,0.0948,Automática,Mora severa,0,1,91,0.3333333333333333,4,2023-02-09,Bolívar,Cartagena,38,F,3,Técnico/Tecnólogo,Independiente,1540000.0,Campaña digital,452.0,False,1,Android,hash_226892,0,0,12,964,2,0,3,1,3,2,1,0.6666666666666666,0.1666666666666666,198.83333333333331,0.0,0.6332169639630447,"Muy alto
(> 60%)"
CR001041,CL00951,2026-02-08,Crédito consumo digital,1050000,3,0.025,368000,Web,757,0.1786,Automática,Activo,0,0,0,0.6666666666666666,0,2024-09-29,Bolívar,Cartagena,34,F,4,Universitario,Empleado,2060000.0,Referido,531.0,False,2,Android,hash_829988,0,0,12,394,2,3,0,1,2,1,0,0.9166666666666666,0.0,153.41666666666666,0.0,0.4343782851900729,"Alto
(35-60%)"
CR001042,CL00952,2024-01-12,Microcrédito,3900000,6,0.0296,719000,Web,789,0.2643,Automática,Mora moderada,0,1,44,0.5,3,2023-06-12,Valle del Cauca,Cali,40,F,1,Universitario,Empleado,2720000.0,Referido,542.0,False,0,Android,hash_741406,0,0,6,514,4,0,0,0,1,0,1,0.8333333333333334,0.0,159.33333333333334,0.0,0.6682832923284407,"Muy alto
(> 60%)"
CR001043,CL00953,2025-07-23,Crédito libre inversión,1700000,6,0.018,301000,App,807,0.101,Automática,Mora moderada,0,1,34,0.8333333333333334,1,2024-01-24,Bogotá D.C.,Bogotá,23,M,2,Bachiller,Comerciante,2980000.0,Campaña digital,593.0,False,1,Android,hash_447806,0,0,12,689,3,1,2,1,4,0,1,0.75,0.0833333333333333,188.75,2.0,0.4558763762830558,"Alto
(35-60%)"
CR001044,CL00953,2025-12-23,Crédito consumo digital,1450000,9,0.0273,184000,Aliado,782,0.0617,Automática,Activo,0,0,0,1.0,0,2024-01-24,Bogotá D.C.,Bogotá,23,M,2,Bachiller,Comerciante,2980000.0,Campaña digital,593.0,False,1,Android,hash_447806,0,0,12,689,3,1,2,1,4,0,1,0.75,0.0833333333333333,188.75,2.0,0.3926404856870756,"Alto
(35-60%)"
CR001045,CL00954,2024-11-05,Crédito libre inversión,3000000,12,0.0325,306000,App,900,0.1391,Automática,Finalizado,0,0,0,1.0,0,2023-04-03,Bogotá D.C.,Bogotá,50,F,3,Posgrado,Empleado,2200000.0,App orgánico,619.0,False,0,Android,hash_497534,0,0,12,904,4,2,2,0,2,1,1,0.6666666666666666,0.25,166.16666666666666,1.0,0.31227060280736885,"Medio
(15-35%)"
CR001046,CL00956,2025-08-09,Crédito consumo digital,2150000,18,0.0246,149000,Aliado,900,0.0309,Automática,Activo,0,0,0,1.0,0,2024-08-12,Caldas,Manizales,47,F,6,Bachiller,Microempresario,4820000.0,Aliado comercial,799.0,True,2,Android,hash_477186,0,0,2,549,0,0,1,0,0,1,0,0.5,0.5,202.5,0.0,0.19489475381688073,"Medio
(15-35%)"
CR001048,CL00958,2025-05-07,Crédito libre inversión,5450000,12,0.0219,521000,App,565,0.1731,Manual,Activo,0,0,0,1.0,0,2024-11-21,Antioquia,Medellín,41,F,1,Sin información,Empleado,3010000.0,Aliado comercial,588.0,True,2,Android,hash_830161,1,0,22,490,3,3,2,0,8,2,3,0.7272727272727273,0.1363636363636363,161.5909090909091,0.6666666666666666,0.44833189778317056,"Alto
(35-60%)"
CR001049,CL00958,2025-12-26,Crédito libre inversión,4850000,3,0.0282,1709000,Aliado,441,0.5678,Excepción,Finalizado,0,0,0,1.0,0,2024-11-21,Antioquia,Medellín,41,F,1,Sin información,Empleado,3010000.0,Aliado comercial,588.0,True,2,Android,hash_830161,1,0,22,490,3,3,2,0,8,2,3,0.7272727272727273,0.1363636363636363,161.5909090909091,0.6666666666666666,0.4778126724146992,"Alto
(35-60%)"
CR001050,CL00958,2025-06-09,Crédito libre inversión,2300000,12,0.0223,221000,App,591,0.0734,Manual,Activo,0,0,0,1.0,0,2024-11-21,Antioquia,Medellín,41,F,1,Sin información,Empleado,3010000.0,Aliado comercial,588.0,True,2,Android,hash_830161,1,0,22,490,3,3,2,0,8,2,3,0.7272727272727273,0.1363636363636363,161.5909090909091,0.6666666666666666,0.3803546422576355,"Alto
(35-60%)"
CR001051,CL00960,2024-03-21,Crédito consumo digital,2200000,6,0.035,413000,App,844,0.1229,Automática,Finalizado,0,0,0,1.0,0,2023-11-16,Cundinamarca,Soacha,40,F,3,Sin información,Conductor/Repartidor,3360000.0,Referido,552.0,False,0,Android,hash_926152,0,0,11,847,4,2,2,2,0,0,0,0.8181818181818182,0.0,136.0909090909091,1.0,0.4150714113193893,"Alto
(35-60%)"
CR001052,CL00961,2025-06-30,Crédito libre inversión,3050000,12,0.022,292000,App,828,0.1106,Automática,Activo,0,0,0,1.0,0,2025-12-04,Antioquia,Medellín,42,F,1,Técnico/Tecnólogo,Comerciante,2640000.0,Campaña digital,575.0,True,1,Android,hash_806691,0,0,10,132,2,2,2,1,1,1,1,0.8,0.0,177.7,1.0,0.4452836360361339,"Alto
(35-60%)"
CR001054,CL00962,2025-08-16,Crédito consumo digital,1950000,12,0.0256,191000,App,900,0.0593,Automática,Activo,0,0,0,1.0,0,2025-12-16,Cundinamarca,Soacha,49,F,2,Bachiller,Empleado,3220000.0,Aliado comercial,708.0,False,0,Android,hash_742699,0,0,14,127,5,2,3,0,1,1,2,0.8571428571428571,0.0,173.64285714285714,1.5,0.13269213153431178,"Bajo
(< 15%)"
CR001055,CL00963,2024-05-29,Crédito libre inversión,3700000,12,0.0189,348000,Aliado,785,0.1822,Automática,Mora moderada,0,0,11,0.8333333333333334,1,2023-10-03,Caldas,Manizales,38,F,1,Técnico/Tecnólogo,Independiente,1910000.0,Aliado comercial,571.0,True,1,Android,hash_422742,0,0,12,867,5,3,1,0,2,0,1,0.8333333333333334,0.0833333333333333,144.75,0.3333333333333333,0.5722090860999067,"Alto
(35-60%)"
CR001056,CL00964,2026-01-03,Crédito consumo digital,1050000,6,0.0314,195000,Web,893,0.101,Automática,Activo,0,0,3,0.5,1,2025-12-10,Santander,Bucaramanga,43,F,2,Universitario,Independiente,1930000.0,App orgánico,625.0,False,2,iOS,hash_841277,0,0,5,81,1,0,1,0,1,1,1,0.8,0.0,156.0,0.0,0.26619048441197446,"Medio
(15-35%)"
CR001057,CL00965,2024-04-17,Microcrédito,2600000,18,0.0406,206000,App,801,0.0802,Automática,Mora severa,0,1,108,0.6666666666666666,2,2023-11-09,Risaralda,Pereira,35,F,5,Bachiller,Comerciante,2640000.0,Aliado comercial,557.0,True,3,Android,hash_611213,0,0,12,767,2,2,1,0,5,0,2,0.5,0.3333333333333333,150.75,0.5,0.6222033658978056,"Muy alto
(> 60%)"
CR001059,CL00968,2025-05-25,Crédito consumo digital,2300000,9,0.0365,304000,Call center,846,0.1328,Automática,Finalizado,0,0,0,1.0,0,2025-08-19,Tolima,Ibagué,54,M,2,Bachiller,Independiente,2290000.0,Aliado comercial,672.0,True,3,Android,hash_124718,0,0,9,217,1,1,0,0,4,1,2,0.4444444444444444,0.3333333333333333,216.88888888888889,0.0,0.32909683891107344,"Medio
(15-35%)"
CR001060,CL00969,2024-02-13,Avance de nómina,400000,6,0.0316,74000,App,862,0.0288,Automática,Finalizado,0,0,0,1.0,0,2023-03-13,Antioquia,Medellín,36,M,2,Bachiller,Empleado,2950000.0,App orgánico,686.0,False,0,Android,hash_184079,0,0,11,843,5,0,3,1,1,0,1,0.6363636363636364,0.1818181818181818,160.72727272727272,0.0,0.22082677079699345,"Medio
(15-35%)"
CR001061,CL00970,2026-02-10,Avance de nómina,750000,3,0.095,263000,Aliado,813,0.1185,Automática,Activo,0,0,0,0.6666666666666666,0,2025-06-09,Antioquia,Medellín,22,F,2,Bachiller,Conductor/Repartidor,2220000.0,Campaña digital,508.0,False,1,Android,hash_833413,0,0,9,283,2,1,0,1,2,0,3,0.5555555555555556,0.0,169.66666666666666,0.0,0.5045280304155427,"Alto
(35-60%)"
CR001063,CL00972,2026-01-22,Crédito consumo digital,350000,12,0.0332,36000,App,641,0.0474,Automática,Mora moderada,0,0,30,0.0,3,2024-10-21,Bogotá D.C.,Bogotá,29,F,3,Bachiller,Desempleado,760000.0,Aliado comercial,405.0,False,2,Android,hash_533174,0,0,12,489,5,2,1,0,2,0,1,0.8333333333333334,0.0833333333333333,139.58333333333334,0.5,0.620141884426666,"Muy alto
(> 60%)"
CR001064,CL00972,2025-05-15,Crédito consumo digital,450000,6,0.0267,82000,Aliado,792,0.1079,Automática,Mora severa,0,1,60,0.1666666666666666,5,2024-10-21,Bogotá D.C.,Bogotá,29,F,3,Bachiller,Desempleado,760000.0,Aliado comercial,405.0,False,2,Android,hash_533174,0,0,12,489,5,2,1,0,2,0,1,0.8333333333333334,0.0833333333333333,139.58333333333334,0.5,0.6225493175630799,"Muy alto
(> 60%)"
CR001065,CL00973,2025-07-16,Avance de nómina,500000,18,0.0259,35000,Call center,893,0.0075,Automática,Activo,0,0,0,1.0,0,2025-01-11,Risaralda,Pereira,44,M,5,Técnico/Tecnólogo,Conductor/Repartidor,4660000.0,App orgánico,587.0,False,1,Android,hash_843218,0,0,15,385,6,0,1,1,2,1,3,0.4,0.3333333333333333,136.66666666666666,0.0,0.32874055202897623,"Medio
(15-35%)"
CR001066,CL00973,2025-11-05,Crédito consumo digital,2150000,18,0.0268,152000,Aliado,900,0.0326,Automática,Activo,0,0,2,0.6666666666666666,1,2025-01-11,Risaralda,Pereira,44,M,5,Técnico/Tecnólogo,Conductor/Repartidor,4660000.0,App orgánico,587.0,False,1,Android,hash_843218,0,0,15,385,6,0,1,1,2,1,3,0.4,0.3333333333333333,136.66666666666666,0.0,0.2902028017278744,"Medio
(15-35%)"
CR001067,CL00975,2024-12-10,Crédito consumo digital,1600000,18,0.0348,121000,Call center,752,0.0699,Automática,Mora moderada,0,0,30,0.8333333333333334,1,2023-08-12,Valle del Cauca,Cali,32,F,3,Bachiller,Empleado,1730000.0,Aliado comercial,485.0,False,2,Android,hash_631501,0,0,3,900,1,0,1,0,1,0,0,1.0,0.0,163.66666666666666,0.0,0.5288433944282338,"Alto
(35-60%)"
CR001068,CL00978,2025-12-07,Crédito consumo digital,1350000,12,0.0317,137000,Call center,780,0.0533,Automática,Activo,0,0,0,0.8,0,2024-06-24,Tolima,Ibagué,19,M,2,Sin información,Empleado,2950000.0,App orgánico,576.0,False,1,Android,hash_207904,0,0,13,537,6,1,0,1,4,0,0,0.8461538461538461,0.0769230769230769,151.53846153846155,0.0,0.5211358194834473,"Alto
(35-60%)"
CR001069,CL00978,2025-10-16,Crédito libre inversión,2200000,12,0.0255,215000,Aliado,820,0.0837,Automática,Mora severa,0,1,73,0.6666666666666666,2,2024-06-24,Tolima,Ibagué,19,M,2,Sin información,Empleado,2950000.0,App orgánico,576.0,False,1,Android,hash_207904,0,0,13,537,6,1,0,1,4,0,0,0.8461538461538461,0.0769230769230769,151.53846153846155,0.0,0.6316510874588409,"Muy alto
(> 60%)"
CR001070,CL00979,2023-11-08,Microcrédito,1700000,18,0.0405,135000,Web,757,0.1071,Automática,Mora severa,0,1,49,0.3333333333333333,4,2023-01-28,Santander,Bucaramanga,20,M,2,Técnico/Tecnólogo,Comerciante,1260000.0,App orgánico,494.0,False,2,Android,hash_861733,0,0,12,804,2,1,3,0,3,2,1,0.75,0.1666666666666666,141.58333333333334,3.0,0.7480821839978252,"Muy alto
(> 60%)"
CR001071,CL00979,2023-09-06,Crédito libre inversión,2300000,6,0.025,418000,App,773,0.3317,Automática,Mora moderada,0,1,34,0.3333333333333333,4,2023-01-28,Santander,Bucaramanga,20,M,2,Técnico/Tecnólogo,Comerciante,1260000.0,App orgánico,494.0,False,2,Android,hash_861733,0,0,12,804,2,1,3,0,3,2,1,0.75,0.1666666666666666,141.58333333333334,3.0,0.8198040191521898,"Muy alto
(> 60%)"
CR001072,CL00980,2025-06-28,Crédito consumo digital,1900000,9,0.0248,238000,Web,900,0.0829,Automática,Finalizado,0,0,0,1.0,0,2024-12-08,Valle del Cauca,Cali,44,M,5,Universitario,Empleado,2870000.0,Campaña digital,673.0,True,3,Android,hash_311980,0,0,7,388,2,1,2,0,1,0,1,0.8571428571428571,0.0,150.14285714285714,2.0,0.18153368040736065,"Medio
(15-35%)"
CR001073,CL00981,2025-11-03,Crédito consumo digital,3000000,9,0.0224,372000,Aliado,852,0.0869,Automática,Mora moderada,0,1,52,0.6666666666666666,1,2024-04-03,Bogotá D.C.,Bogotá,44,M,3,Técnico/Tecnólogo,Comerciante,4280000.0,App orgánico,694.0,False,0,Android,hash_634228,0,0,9,507,4,3,1,0,0,0,0,0.7777777777777778,0.2222222222222222,190.33333333333331,0.3333333333333333,0.33200744102427193,"Medio
(15-35%)"
CR001074,CL00982,2025-10-31,Crédito libre inversión,2400000,3,0.0199,832000,App,786,0.4597,Manual,Finalizado,0,0,1,0.6666666666666666,1,2023-07-26,Valle del Cauca,Cali,40,M,1,Universitario,Empleado,1810000.0,App orgánico,554.0,False,0,iOS,hash_432783,0,0,11,637,1,0,3,0,2,0,3,0.7272727272727273,0.0,223.1818181818182,0.0,0.5722626643525407,"Alto
(35-60%)"
CR001075,CL00983,2025-06-29,Microcrédito,3850000,3,0.031,1364000,App,840,0.4624,Manual,Finalizado,0,0,4,0.6666666666666666,1,2024-10-22,Santander,Bucaramanga,26,M,4,Universitario,Independiente,2950000.0,Campaña digital,569.0,False,1,iOS,hash_689413,0,0,9,477,5,0,1,0,1,0,2,0.7777777777777778,0.0,151.33333333333334,0.0,0.5128455863992138,"Alto
(35-60%)"
CR001076,CL00984,2024-03-12,Crédito libre inversión,2500000,3,0.0311,886000,App,795,0.4497,Manual,Finalizado,0,0,0,1.0,0,2024-02-07,Antioquia,Medellín,36,F,2,Técnico/Tecnólogo,Estudiante,1970000.0,App orgánico,539.0,False,1,iOS,hash_984847,0,0,10,612,1,3,2,1,1,1,1,0.7,0.1,78.7,0.6666666666666666,0.5356407389766392,"Alto
(35-60%)"
CR001078,CL00986,2025-08-11,Crédito consumo digital,1200000,12,0.0356,125000,App,587,0.0638,Manual,Activo,0,0,0,1.0,0,2024-05-04,Bolívar,Cartagena,24,M,2,Universitario,Independiente,1960000.0,App orgánico,588.0,True,0,Android,hash_188327,1,0,17,639,8,5,1,0,1,1,1,0.7058823529411765,0.2352941176470588,116.58823529411764,0.2,0.5245835067338964,"Alto
(35-60%)"
CR001079,CL00986,2024-11-21,Crédito consumo digital,700000,24,0.0311,42000,Aliado,616,0.0214,Manual,Mora severa,0,1,87,0.6666666666666666,2,2024-05-04,Bolívar,Cartagena,24,M,2,Universitario,Independiente,1960000.0,App orgánico,588.0,True,0,Android,hash_188327,1,0,17,639,8,5,1,0,1,1,1,0.7058823529411765,0.2352941176470588,116.58823529411764,0.2,0.5824651440638112,"Alto
(35-60%)"
CR001080,CL00987,2025-12-03,Crédito consumo digital,400000,3,0.0361,143000,App,900,0.0633,Automática,Mora severa,0,1,85,0.6666666666666666,1,2025-07-12,Cundinamarca,Soacha,51,F,2,Técnico/Tecnólogo,Empleado,2260000.0,Referido,661.0,False,2,Android,hash_211113,0,0,14,250,4,3,3,0,1,1,1,0.7857142857142857,0.1428571428571428,106.28571428571428,1.0,0.3608006577128623,"Alto
(35-60%)"
CR001081,CL00988,2025-11-14,Microcrédito,5900000,12,0.0297,592000,App,824,0.1741,Automática,Activo,0,0,29,0.3333333333333333,3,2024-12-24,Valle del Cauca,Cali,45,M,2,Universitario,Pensionado,3400000.0,Referido,555.0,False,3,Android,hash_974479,0,0,20,482,7,3,4,0,3,1,2,0.85,0.05,179.3,1.3333333333333333,0.3856376934848466,"Alto
(35-60%)"
CR001082,CL00988,2025-12-01,Avance de nómina,1350000,6,0.0294,249000,App,786,0.0732,Automática,Activo,0,0,4,0.8,1,2024-12-24,Valle del Cauca,Cali,45,M,2,Universitario,Pensionado,3400000.0,Referido,555.0,False,3,Android,hash_974479,0,0,20,482,7,3,4,0,3,1,2,0.85,0.05,179.3,1.3333333333333333,0.33991494250619775,"Medio
(15-35%)"
CR001083,CL00989,2025-08-04,Microcrédito,1100000,12,0.0277,109000,App,800,0.044,Automática,Activo,0,0,0,1.0,0,2024-08-14,Bogotá D.C.,Bogotá,34,M,2,Bachiller,Comerciante,2480000.0,App orgánico,582.0,False,0,Android,hash_914155,0,0,9,505,3,0,1,0,3,0,2,0.7777777777777778,0.0,177.66666666666666,0.0,0.42428482493441644,"Alto
(35-60%)"
CR001084,CL00990,2025-09-26,Crédito libre inversión,1500000,12,0.0327,153000,App,582,0.0677,Manual,Activo,0,0,6,0.8333333333333334,1,2025-11-28,Santander,Bucaramanga,36,M,3,Técnico/Tecnólogo,Empleado,2260000.0,App orgánico,588.0,True,1,Android,hash_608469,1,0,9,132,3,2,2,0,1,0,0,1.0,0.0,101.88888888888889,1.0,0.3769412744259305,"Alto
(35-60%)"
CR001085,CL00991,2024-09-01,Crédito consumo digital,3100000,6,0.0359,584000,Aliado,900,0.1497,Automática,Finalizado,0,0,0,1.0,0,2023-06-18,Tolima,Ibagué,38,M,5,Bachiller,Empleado,3900000.0,Aliado comercial,629.0,True,3,Android,hash_609135,0,0,9,905,2,0,1,0,5,0,1,0.7777777777777778,0.1111111111111111,195.77777777777777,0.0,0.20941798974557685,"Medio
(15-35%)"
CR001086,CL00992,2025-07-06,Crédito consumo digital,1050000,12,0.0336,108000,App,885,0.0403,Automática,Mora severa,0,1,99,0.6666666666666666,2,2024-05-14,Tolima,Ibagué,19,F,3,Universitario,Conductor/Repartidor,2680000.0,Campaña digital,510.0,True,1,Android,hash_283501,0,0,12,616,6,1,2,0,2,0,1,0.75,0.1666666666666666,177.5,2.0,0.5506946412115409,"Alto
(35-60%)"
CR001087,CL00992,2025-10-27,Crédito libre inversión,7550000,24,0.0186,393000,App,876,0.1466,Automática,Activo,0,0,3,0.6666666666666666,2,2024-05-14,Tolima,Ibagué,19,F,3,Universitario,Conductor/Repartidor,2680000.0,Campaña digital,510.0,True,1,Android,hash_283501,0,0,12,616,6,1,2,0,2,0,1,0.75,0.1666666666666666,177.5,2.0,0.6153536367471264,"Muy alto
(> 60%)"
CR001088,CL00992,2025-08-23,Microcrédito,2100000,9,0.0285,268000,Aliado,768,0.1,Automática,Mora severa,0,1,66,0.5,3,2024-05-14,Tolima,Ibagué,19,F,3,Universitario,Conductor/Repartidor,2680000.0,Campaña digital,510.0,True,1,Android,hash_283501,0,0,12,616,6,1,2,0,2,0,1,0.75,0.1666666666666666,177.5,2.0,0.7372377600936576,"Muy alto
(> 60%)"
CR001089,CL00994,2025-07-20,Crédito consumo digital,1750000,9,0.0264,221000,App,900,0.0619,Automática,Finalizado,0,0,0,1.0,0,2025-01-30,Valle del Cauca,Cali,29,M,3,Universitario,Microempresario,3570000.0,Call center,590.0,True,4,Android,hash_647594,0,0,14,340,1,1,2,0,7,1,0,0.8571428571428571,0.1428571428571428,123.71428571428572,2.0,0.24178457273577095,"Medio
(15-35%)"
CR001090,CL00995,2025-06-25,Crédito consumo digital,1000000,12,0.0376,105000,App,705,0.0398,Automática,Activo,0,0,7,0.8333333333333334,1,2025-02-15,Bogotá D.C.,Bogotá,26,F,1,Bachiller,Empleado,2640000.0,Campaña digital,449.0,False,1,Android,hash_211414,0,0,15,425,6,3,2,0,4,0,0,0.8666666666666667,0.1333333333333333,179.66666666666666,0.6666666666666666,0.5480387529179886,"Alto
(35-60%)"
CR001091,CL00995,2025-05-23,Crédito consumo digital,2450000,12,0.0231,236000,App,781,0.0894,Automática,Activo,0,0,7,0.8333333333333334,1,2025-02-15,Bogotá D.C.,Bogotá,26,F,1,Bachiller,Empleado,2640000.0,Campaña digital,449.0,False,1,Android,hash_211414,0,0,15,425,6,3,2,0,4,0,0,0.8666666666666667,0.1333333333333333,179.66666666666666,0.6666666666666666,0.5827273103056974,"Alto
(35-60%)"
CR001092,CL00996,2025-06-04,Crédito consumo digital,850000,12,0.0388,90000,Aliado,826,0.0312,Automática,Activo,0,0,0,1.0,0,2025-09-12,Risaralda,Pereira,33,M,3,Universitario,Empleado,2880000.0,App orgánico,642.0,False,0,Android,hash_747049,0,0,3,172,0,1,1,0,1,0,0,1.0,0.0,373.0,1.0,0.23961253871009636,"Medio
(15-35%)"
CR001093,CL00999,2025-10-05,Crédito consumo digital,1200000,18,0.0227,82000,App,877,0.035,Automática,Activo,0,0,0,1.0,0,2025-11-02,Bogotá D.C.,Bogotá,30,M,3,Técnico/Tecnólogo,Empleado,2340000.0,Campaña digital,650.0,False,3,Android,hash_757362,0,0,5,74,1,2,2,0,0,0,0,1.0,0.0,107.8,1.0,0.23089076236128261,"Medio
(15-35%)"
CR001094,CL01000,2025-09-19,Crédito libre inversión,5000000,24,0.0332,306000,App,853,0.0818,Automática,Activo,0,0,0,1.0,0,2025-06-19,Bogotá D.C.,Bogotá,42,M,3,Bachiller,Empleado,3740000.0,App orgánico,676.0,False,0,Android,hash_141446,0,0,25,308,7,3,3,1,4,1,6,0.68,0.04,144.36,1.0,0.244555424808536,"Medio
(15-35%)"
CR001095,CL01000,2025-12-29,Crédito libre inversión,5950000,9,0.0267,753000,App,900,0.2013,Automática,Activo,0,0,4,0.75,1,2025-06-19,Bogotá D.C.,Bogotá,42,M,3,Bachiller,Empleado,3740000.0,App orgánico,676.0,False,0,Android,hash_141446,0,0,25,308,7,3,3,1,4,1,6,0.68,0.04,144.36,1.0,0.2142276497341151,"Medio
(15-35%)"
CR001096,CL01000,2025-10-14,Crédito libre inversión,8100000,18,0.026,569000,App,900,0.1521,Automática,Activo,0,0,0,1.0,0,2025-06-19,Bogotá D.C.,Bogotá,42,M,3,Bachiller,Empleado,3740000.0,App orgánico,676.0,False,0,Android,hash_141446,0,0,25,308,7,3,3,1,4,1,6,0.68,0.04,144.36,1.0,0.18567425087333608,"Medio
(15-35%)"
CR001097,CL01001,2025-11-03,Crédito consumo digital,5050000,18,0.0203,338000,Web,900,0.0797,Automática,Activo,0,0,0,0.8333333333333334,0,2024-12-06,Cundinamarca,Soacha,50,F,4,Bachiller,Comerciante,4240000.0,Referido,688.0,False,1,Android,hash_634402,0,0,12,258,3,1,2,2,3,0,0,0.6666666666666666,0.1666666666666666,112.83333333333331,2.0,0.1546749248091351,"Medio
(15-35%)"
CR001099,CL01003,2025-10-19,Crédito consumo digital,6950000,3,0.0328,2470000,App,796,0.8125,Excepción,Finalizado,0,0,0,1.0,0,2025-10-05,Antioquia,Medellín,37,M,2,Sin información,Pensionado,3040000.0,Aliado comercial,573.0,False,0,Android,hash_242475,0,0,15,168,4,3,1,1,5,0,0,0.8,0.1333333333333333,154.73333333333332,0.3333333333333333,0.4791143083778247,"Alto
(35-60%)"
CR001100,CL01003,2025-11-02,Crédito consumo digital,2150000,24,0.0346,133000,App,850,0.0437,Automática,Activo,0,0,0,0.8333333333333334,0,2025-10-05,Antioquia,Medellín,37,M,2,Sin información,Pensionado,3040000.0,Aliado comercial,573.0,False,0,Android,hash_242475,0,0,15,168,4,3,1,1,5,0,0,0.8,0.1333333333333333,154.73333333333332,0.3333333333333333,0.2809955957632112,"Medio
(15-35%)"
CR001101,CL01004,2025-11-27,Microcrédito,3700000,12,0.0424,400000,App,900,0.0694,Automática,Activo,0,0,0,1.0,0,2025-09-07,Bogotá D.C.,Bogotá,30,F,2,Bachiller,Microempresario,5760000.0,App orgánico,634.0,False,0,Android,hash_461116,0,0,7,154,2,0,0,0,5,0,0,0.5714285714285714,0.4285714285714285,138.28571428571428,0.0,0.2968546076663652,"Medio
(15-35%)"
CR001102,CL01005,2025-01-03,Crédito consumo digital,950000,6,0.0305,176000,App,900,0.083,Automática,Finalizado,0,0,0,1.0,0,2023-02-25,Antioquia,Medellín,43,F,2,Técnico/Tecnólogo,Independiente,2120000.0,Aliado comercial,564.0,False,0,Android,hash_485905,0,0,10,935,1,1,1,1,3,2,1,0.8,0.0,169.2,1.0,0.32308361578129635,"Medio
(15-35%)"
CR001103,CL01006,2025-11-12,Crédito consumo digital,3550000,3,0.025,1243000,App,827,0.3482,Automática,Finalizado,0,0,0,1.0,0,2024-03-20,Bogotá D.C.,Bogotá,40,F,2,Universitario,Independiente,3570000.0,App orgánico,532.0,True,4,Android,hash_654868,0,0,13,674,3,0,5,2,2,0,1,0.7692307692307693,0.0,205.53846153846155,0.0,0.38755535400278474,"Alto
(35-60%)"
CR001104,CL01006,2024-04-20,Microcrédito,7450000,6,0.0359,1402000,Aliado,787,0.3927,Manual,Mora moderada,0,0,30,0.5,3,2024-03-20,Bogotá D.C.,Bogotá,40,F,2,Universitario,Independiente,3570000.0,App orgánico,532.0,True,4,Android,hash_654868,0,0,13,674,3,0,5,2,2,0,1,0.7692307692307693,0.0,205.53846153846155,0.0,0.5234800998984599,"Alto
(35-60%)"
CR001105,CL01007,2024-10-05,Crédito consumo digital,800000,9,0.0231,99000,Web,794,0.0471,Automática,Finalizado,0,0,0,1.0,0,2023-08-02,Risaralda,Pereira,45,F,4,Universitario,Empleado,2100000.0,Campaña digital,585.0,True,0,Android,hash_808636,0,0,19,951,8,2,2,0,2,0,4,0.6842105263157895,0.1052631578947368,149.57894736842104,1.0,0.4551632846032876,"Alto
(35-60%)"
CR001106,CL01007,2025-08-01,Crédito consumo digital,1150000,12,0.0336,118000,Call center,851,0.0562,Automática,Mora moderada,0,1,48,0.8333333333333334,1,2023-08-02,Risaralda,Pereira,45,F,4,Universitario,Empleado,2100000.0,Campaña digital,585.0,True,0,Android,hash_808636,0,0,19,951,8,2,2,0,2,0,4,0.6842105263157895,0.1052631578947368,149.57894736842104,1.0,0.4982670442365941,"Alto
(35-60%)"
CR001107,CL01009,2025-05-18,Crédito libre inversión,2700000,9,0.0277,343000,App,786,0.1916,Automática,Finalizado,0,0,24,0.8333333333333334,1,2024-09-25,Atlántico,Barranquilla,46,F,4,Bachiller,Conductor/Repartidor,1790000.0,Campaña digital,634.0,True,2,Android,hash_170509,0,0,10,465,2,1,1,0,2,1,3,0.6,0.1,217.3,1.0,0.4331696636780392,"Alto
(35-60%)"
CR001108,CL01010,2025-10-19,Avance de nómina,500000,6,0.0272,91000,Aliado,784,0.0548,Automática,Mora severa,0,1,87,0.6666666666666666,2,2024-12-07,Bogotá D.C.,Medellín,31,M,1,Técnico/Tecnólogo,Empleado,1660000.0,Campaña digital,488.0,True,1,iOS,hash_517065,0,0,5,424,2,0,1,0,2,0,0,0.8,0.2,140.2,0.0,0.5987927159608639,"Alto
(35-60%)"
CR001110,CL01013,2026-01-18,Crédito libre inversión,6750000,12,0.0175,629000,App,863,0.2132,Automática,Activo,0,0,0,1.0,0,2024-11-21,Bolívar,Cartagena,57,F,3,Universitario,Independiente,2950000.0,Campaña digital,634.0,False,2,Web,hash_407522,0,0,17,437,4,3,0,1,7,0,2,0.6470588235294118,0.1764705882352941,211.41176470588235,0.0,0.2271876361300285,"Medio
(15-35%)"
CR001112,CL01013,2025-09-18,Crédito libre inversión,6150000,6,0.0231,1110000,App,836,0.3763,Manual,Finalizado,0,0,0,1.0,0,2024-11-21,Bolívar,Cartagena,57,F,3,Universitario,Independiente,2950000.0,Campaña digital,634.0,False,2,Web,hash_407522,0,0,17,437,4,3,0,1,7,0,2,0.6470588235294118,0.1764705882352941,211.41176470588235,0.0,0.27942388920126804,"Medio
(15-35%)"
CR001113,CL01014,2023-07-18,Crédito consumo digital,1050000,12,0.0365,110000,App,783,0.0775,Automática,Mora severa,0,1,66,0.8333333333333334,1,2023-02-16,Bogotá D.C.,Bogotá,29,M,1,Bachiller,Independiente,1420000.0,Referido,500.0,False,0,iOS,hash_160941,0,0,7,779,1,0,3,0,2,0,1,0.8571428571428571,0.0,114.71428571428572,0.0,0.5782723993407792,"Alto
(35-60%)"
CR001114,CL01015,2025-07-27,Crédito libre inversión,2700000,6,0.0281,495000,Web,571,0.7984,Excepción,Mora moderada,0,1,56,0.1666666666666666,5,2025-03-15,Caldas,Manizales,53,F,3,Universitario,Desempleado,620000.0,Campaña digital,538.0,False,0,Android,hash_363575,0,0,19,404,7,3,1,1,5,0,2,0.7368421052631579,0.1052631578947368,154.94736842105263,0.3333333333333333,0.7906577148616195,"Muy alto
(> 60%)"
CR001115,CL01015,2025-07-14,Crédito libre inversión,1950000,9,0.018,237000,App,585,0.3823,Manual,Mora severa,0,1,104,0.1666666666666666,5,2025-03-15,Caldas,Manizales,53,F,3,Universitario,Desempleado,620000.0,Campaña digital,538.0,False,0,Android,hash_363575,0,0,19,404,7,3,1,1,5,0,2,0.7368421052631579,0.1052631578947368,154.94736842105263,0.3333333333333333,0.7514251504655636,"Muy alto
(> 60%)"
CR001116,CL01016,2025-09-06,Crédito libre inversión,3250000,12,0.0182,304000,Web,900,0.0498,Automática,Activo,0,0,0,1.0,0,2025-04-06,Valle del Cauca,Cali,38,F,4,Universitario,Empleado,6110000.0,Campaña digital,711.0,True,0,iOS,hash_397214,0,0,8,328,1,2,1,0,3,0,1,0.5,0.375,144.625,0.5,0.1555637286141672,"Medio
(15-35%)"
CR001117,CL01017,2024-09-16,Crédito libre inversión,2600000,6,0.0178,461000,App,742,0.2058,Automática,Mora moderada,0,1,50,0.5,3,2024-08-16,Bogotá D.C.,Bogotá,29,M,1,Universitario,Conductor/Repartidor,2240000.0,Campaña digital,436.0,False,2,iOS,hash_990432,0,0,7,376,3,0,0,0,3,1,0,1.0,0.0,174.28571428571428,0.0,0.6966061941599136,"Muy alto
(> 60%)"
CR001118,CL01018,2024-08-11,Crédito consumo digital,750000,12,0.0255,73000,Aliado,868,0.0315,Automática,Finalizado,0,0,0,1.0,0,2024-02-09,Bolívar,Cartagena,82,F,2,Bachiller,Empleado,2320000.0,App orgánico,719.0,False,0,Android,hash_642358,0,1,4,496,1,1,0,0,1,0,1,0.75,0.0,121.0,0.0,0.2338528085968616,"Medio
(15-35%)"
CR001119,CL01019,2024-08-22,Microcrédito,4500000,24,0.0274,258000,App,817,0.1004,Automática,Mora severa,0,0,8,0.8333333333333334,1,2024-04-10,Atlántico,Barranquilla,33,M,2,Bachiller,Empleado,2950000.0,App orgánico,547.0,True,2,Android,hash_336424,0,0,18,673,4,2,4,0,4,2,2,0.7777777777777778,0.1111111111111111,135.33333333333334,2.0,0.5064415557886093,"Alto
(35-60%)"
CR001120,CL01019,2025-11-09,Avance de nómina,500000,6,0.0279,92000,App,779,0.0358,Automática,Activo,0,0,21,0.6666666666666666,1,2024-04-10,Atlántico,Barranquilla,33,M,2,Bachiller,Empleado,2950000.0,App orgánico,547.0,True,2,Android,hash_336424,0,0,18,673,4,2,4,0,4,2,2,0.7777777777777778,0.1111111111111111,135.33333333333334,2.0,0.43388554732515977,"Alto
(35-60%)"
CR001121,CL01020,2026-01-04,Crédito consumo digital,1300000,12,0.0342,134000,Aliado,853,0.0381,Automática,Activo,0,0,0,1.0,0,2024-12-27,Bogotá D.C.,Bogotá,40,M,4,Sin información,Empleado,3520000.0,App orgánico,592.0,False,2,Android,hash_397691,0,0,11,446,1,4,1,0,3,1,1,0.7272727272727273,0.1818181818181818,177.0,0.25,0.24264773883450533,"Medio
(15-35%)"
CR001122,CL01021,2025-12-02,Crédito libre inversión,6450000,18,0.026,453000,Aliado,840,0.2004,Automática,Activo,0,0,26,0.6,1,2025-10-10,Santander,Bucaramanga,41,M,2,Bachiller,Independiente,2260000.0,Campaña digital,504.0,True,2,Android,hash_459271,0,0,9,181,3,0,1,0,3,0,1,0.8888888888888888,0.0,164.66666666666666,0.0,0.5834760194214162,"Alto
(35-60%)"
CR001123,CL01022,2025-01-29,Crédito consumo digital,2250000,6,0.0336,420000,App,900,0.0959,Automática,Finalizado,0,0,0,1.0,0,2023-07-05,Cundinamarca,Soacha,30,F,3,Sin información,Microempresario,4380000.0,Aliado comercial,747.0,False,3,Android,hash_967414,0,0,10,794,4,2,1,1,2,0,0,0.5,0.4,154.6,0.5,0.20724482186373325,"Medio
(15-35%)"
CR001124,CL01025,2025-12-01,Crédito libre inversión,5700000,6,0.0321,1059000,Call center,900,0.2179,Automática,Activo,0,0,5,0.8,1,2025-08-12,Bogotá D.C.,Bogotá,53,M,5,Técnico/Tecnólogo,Microempresario,4860000.0,Campaña digital,675.0,True,1,Android,hash_912082,0,0,13,231,1,4,3,0,4,0,0,1.0,0.0,180.92307692307693,0.75,0.14755813075446006,"Bajo
(< 15%)"
CR001125,CL01026,2024-09-18,Crédito consumo digital,4750000,6,0.03,877000,App,900,0.1491,Automática,Finalizado,0,0,0,1.0,0,2023-04-12,Bogotá D.C.,Bogotá,40,M,4,Técnico/Tecnólogo,Independiente,5880000.0,Referido,766.0,False,1,Web,hash_804825,0,0,11,795,1,1,1,0,6,1,1,0.7272727272727273,0.1818181818181818,173.45454545454547,1.0,0.1623050561422221,"Medio
(15-35%)"
CR001126,CL01028,2025-01-27,Crédito libre inversión,1900000,9,0.0196,232000,App,799,0.1536,Automática,Finalizado,0,0,0,1.0,0,2023-07-30,Antioquia,Medellín,37,M,1,Universitario,Empleado,1510000.0,Campaña digital,591.0,True,3,Android,hash_810787,0,0,6,539,0,2,1,1,1,1,0,0.6666666666666666,0.1666666666666666,223.66666666666663,0.5,0.48261038019548946,"Alto
(35-60%)"
CR001127,CL01029,2025-06-08,Crédito libre inversión,7550000,6,0.0272,1381000,Web,725,0.4384,Manual,Finalizado,0,0,5,0.6666666666666666,2,2023-12-15,Norte de Santander,Cúcuta,42,M,3,Bachiller,Microempresario,3150000.0,Call center,577.0,False,0,Web,hash_712274,0,0,7,532,3,2,0,2,0,0,0,0.7142857142857143,0.0,102.42857142857144,0.0,0.4792842711420265,"Alto
(35-60%)"
CR001128,CL01030,2025-07-13,Crédito consumo digital,600000,6,0.0267,110000,Aliado,756,0.0759,Automática,Finalizado,0,0,11,0.8333333333333334,1,2025-05-31,Bogotá D.C.,Bogotá,26,F,3,Técnico/Tecnólogo,Independiente,1450000.0,Campaña digital,550.0,True,2,Web,hash_595446,0,0,14,319,3,2,1,2,3,1,2,0.7142857142857143,0.0,149.71428571428572,0.5,0.5014674570097601,"Alto
(35-60%)"
CR001129,CL01031,2025-11-24,Crédito consumo digital,1750000,6,0.0258,319000,App,802,0.1208,Automática,Activo,0,0,26,0.8,1,2024-01-14,Santander,Bucaramanga,33,F,3,Técnico/Tecnólogo,Comerciante,2640000.0,Call center,516.0,False,4,Android,hash_300229,0,0,8,415,3,1,1,0,2,0,1,0.875,0.0,169.125,1.0,0.46514496538391314,"Alto
(35-60%)"
CR001130,CL01032,2024-10-10,Crédito libre inversión,8000000,24,0.0252,448000,App,862,0.1082,Automática,Mora severa,0,0,7,0.6666666666666666,2,2024-06-14,Antioquia,Medellín,19,M,3,Bachiller,Conductor/Repartidor,4140000.0,Campaña digital,557.0,False,4,Android,hash_975534,0,0,13,634,3,2,4,1,2,1,0,0.8461538461538461,0.0769230769230769,172.23076923076923,2.0,0.48771049377710873,"Alto
(35-60%)"
CR001131,CL01032,2025-11-11,Microcrédito,2800000,12,0.0438,305000,Web,900,0.0737,Automática,Activo,0,0,17,0.5,2,2024-06-14,Antioquia,Medellín,19,M,3,Bachiller,Conductor/Repartidor,4140000.0,Campaña digital,557.0,False,4,Android,hash_975534,0,0,13,634,3,2,4,1,2,1,0,0.8461538461538461,0.0769230769230769,172.23076923076923,2.0,0.40604593260442073,"Alto
(35-60%)"
CR001132,CL01033,2024-11-18,Microcrédito,1450000,12,0.0258,142000,Aliado,692,0.1203,Automática,Mora severa,0,1,92,0.3333333333333333,4,2024-01-31,Santander,Bucaramanga,40,F,1,Bachiller,Conductor/Repartidor,1180000.0,Call center,383.0,False,0,Android,hash_312690,0,0,12,722,6,0,3,0,2,0,1,0.8333333333333334,0.0833333333333333,171.58333333333334,0.0,0.7558900106705694,"Muy alto
(> 60%)"
CR001133,CL01033,2025-11-21,Avance de nómina,400000,6,0.0237,72000,Aliado,661,0.061,Automática,Activo,0,0,21,0.2,4,2024-01-31,Santander,Bucaramanga,40,F,1,Bachiller,Conductor/Repartidor,1180000.0,Call center,383.0,False,0,Android,hash_312690,0,0,12,722,6,0,3,0,2,0,1,0.8333333333333334,0.0833333333333333,171.58333333333334,0.0,0.667022331661847,"Muy alto
(> 60%)"
CR001134,CL01035,2025-07-22,Crédito consumo digital,600000,9,0.0259,76000,Web,785,0.0455,Automática,Finalizado,0,0,0,1.0,0,2024-10-16,Atlántico,Barranquilla,31,M,2,Bachiller,Pensionado,1670000.0,Aliado comercial,543.0,False,1,Android,hash_299460,0,0,9,529,1,2,1,0,1,1,2,0.5555555555555556,0.2222222222222222,102.33333333333331,0.5,0.5141000963034997,"Alto
(35-60%)"
CR001135,CL01036,2025-02-25,Crédito libre inversión,2150000,6,0.0321,400000,App,695,0.5714,Excepción,Mora moderada,0,1,43,0.1666666666666666,5,2023-10-18,Cundinamarca,Soacha,52,M,4,Universitario,Desempleado,700000.0,App orgánico,562.0,False,0,Android,hash_880143,0,0,9,722,3,1,0,0,3,0,2,0.7777777777777778,0.0,186.66666666666663,0.0,0.7656431224224169,"Muy alto
(> 60%)"
CR001136,CL01037,2026-01-10,Crédito libre inversión,1900000,9,0.0285,242000,App,788,0.1551,Automática,Activo,0,0,4,0.5,1,2024-03-29,Valle del Cauca,Cali,24,F,2,Posgrado,Comerciante,1560000.0,App orgánico,601.0,True,2,Android,hash_977112,0,0,6,752,1,1,0,0,2,1,0,0.8333333333333334,0.1666666666666666,145.83333333333334,0.0,0.5306113605094901,"Alto
(35-60%)"
CR001137,CL01038,2024-05-10,Crédito consumo digital,750000,6,0.0208,134000,Web,729,0.2,Automática,Mora severa,0,1,66,0.0,6,2023-05-13,Atlántico,Barranquilla,21,F,1,Universitario,Estudiante,670000.0,App orgánico,395.0,False,3,iOS,hash_290563,0,0,15,1014,6,3,1,0,3,1,1,0.8666666666666667,0.0666666666666666,146.66666666666666,0.3333333333333333,0.7208669749756978,"Muy alto
(> 60%)"
CR001138,CL01040,2026-02-01,Crédito libre inversión,4700000,6,0.021,842000,Call center,881,0.2934,Automática,Activo,0,0,0,0.6666666666666666,0,2025-03-06,Atlántico,Barranquilla,46,M,4,Técnico/Tecnólogo,Empleado,2870000.0,Referido,717.0,False,1,iOS,hash_814355,0,0,4,123,0,1,0,0,1,0,0,0.75,0.25,100.0,0.0,0.2767307304137093,"Medio
(15-35%)"
CR001139,CL01041,2025-04-16,Crédito libre inversión,4300000,12,0.0295,431000,App,849,0.189,Automática,Finalizado,0,0,0,1.0,0,2024-03-22,Atlántico,Barranquilla,53,F,1,Universitario,Empleado,2280000.0,Referido,616.0,False,1,Android,hash_663723,0,0,3,230,2,0,0,0,0,1,0,1.0,0.0,216.66666666666663,0.0,0.31923420768649347,"Medio
(15-35%)"
CR001140,CL01043,2024-10-30,Crédito libre inversión,1700000,24,0.0295,100000,App,886,0.0392,Automática,Mora moderada,0,0,4,0.6666666666666666,2,2024-03-27,Bogotá D.C.,Bogotá,47,F,5,Bachiller,Conductor/Repartidor,2550000.0,Campaña digital,526.0,False,1,Android,hash_255562,0,0,16,755,7,0,3,0,2,2,1,0.875,0.0625,138.75,0.0,0.3639000978994762,"Alto
(35-60%)"
CR001141,CL01043,2025-01-24,Crédito consumo digital,2850000,6,0.0204,510000,Aliado,795,0.2,Automática,Mora severa,0,1,64,0.6666666666666666,2,2024-03-27,Bogotá D.C.,Bogotá,47,F,5,Bachiller,Conductor/Repartidor,2550000.0,Campaña digital,526.0,False,1,Android,hash_255562,0,0,16,755,7,0,3,0,2,2,1,0.875,0.0625,138.75,0.0,0.6182739325180316,"Muy alto
(> 60%)"
CR001142,CL01043,2025-12-04,Avance de nómina,450000,9,0.0211,55000,Aliado,786,0.0216,Automática,Activo,0,0,6,0.6,1,2024-03-27,Bogotá D.C.,Bogotá,47,F,5,Bachiller,Conductor/Repartidor,2550000.0,Campaña digital,526.0,False,1,Android,hash_255562,0,0,16,755,7,0,3,0,2,2,1,0.875,0.0625,138.75,0.0,0.49480727143908254,"Alto
(35-60%)"
CR001143,CL01044,2024-08-12,Crédito libre inversión,5200000,9,0.0275,660000,App,804,0.2568,Automática,Mora severa,0,1,92,0.6666666666666666,2,2024-02-27,Antioquia,Medellín,36,M,2,Bachiller,Empleado,2950000.0,Aliado comercial,537.0,False,1,iOS,hash_605365,0,0,9,579,1,2,1,1,4,0,0,0.7777777777777778,0.1111111111111111,171.66666666666666,0.5,0.6424475645556614,"Muy alto
(> 60%)"
CR001144,CL01045,2025-08-05,Crédito libre inversión,3250000,3,0.032,1153000,App,803,0.4486,Manual,Finalizado,0,0,19,0.3333333333333333,2,2023-03-16,Antioquia,Medellín,34,F,4,Universitario,Independiente,2370000.0,App orgánico,627.0,True,0,Android,hash_993708,0,0,12,862,2,1,1,1,4,0,2,0.5,0.25,136.66666666666666,1.0,0.43182360474949333,"Alto
(35-60%)"
CR001145,CL01046,2025-04-16,Crédito libre inversión,13050000,6,0.0292,2403000,Call center,900,0.4401,Manual,Finalizado,0,0,24,0.8333333333333334,1,2023-06-29,Atlántico,Barranquilla,45,M,5,Sin información,Independiente,5460000.0,Campaña digital,777.0,False,0,iOS,hash_513997,0,0,9,923,4,1,2,0,1,0,0,0.7777777777777778,0.2222222222222222,264.22222222222223,2.0,0.2525996862021588,"Medio
(15-35%)"
CR001146,CL01047,2025-02-10,Avance de nómina,1450000,6,0.0282,266000,App,805,0.1035,Automática,Finalizado,0,0,0,1.0,0,2023-09-27,Bogotá D.C.,Bogotá,43,M,3,Técnico/Tecnólogo,Comerciante,2640000.0,Campaña digital,612.0,False,3,iOS,hash_314075,0,0,6,622,1,0,2,0,2,1,0,0.8333333333333334,0.1666666666666666,154.66666666666666,0.0,0.3815488487979122,"Alto
(35-60%)"
CR001147,CL01048,2025-05-11,Avance de nómina,900000,18,0.0252,63000,App,767,0.0364,Automática,Mora severa,0,0,0,1.0,0,2025-10-24,Santander,Bucaramanga,20,F,2,Bachiller,Independiente,1730000.0,App orgánico,488.0,False,0,Android,hash_768234,0,0,12,148,4,1,3,0,4,0,0,0.9166666666666666,0.0833333333333333,126.08333333333331,3.0,0.5577306821813248,"Alto
(35-60%)"
CR001148,CL01051,2023-07-31,Microcrédito,1350000,24,0.0393,88000,Aliado,730,0.0807,Automática,Mora severa,0,0,30,0.6666666666666666,2,2023-02-14,Antioquia,Medellín,30,M,2,Bachiller,Independiente,1090000.0,Campaña digital,448.0,True,0,Android,hash_371993,0,0,11,961,4,1,1,1,2,0,2,0.5454545454545454,0.1818181818181818,187.45454545454547,1.0,0.7190737408984385,"Muy alto
(> 60%)"
CR001149,CL01053,2025-11-04,Crédito consumo digital,800000,12,0.026,78000,App,789,0.0375,Automática,Mora moderada,0,1,34,0.6666666666666666,1,2025-08-07,Bogotá D.C.,Bogotá,41,M,3,Técnico/Tecnólogo,Empleado,2080000.0,App orgánico,558.0,False,1,Android,hash_497774,0,0,8,210,0,2,3,0,1,0,2,0.5,0.25,213.125,1.5,0.6035596768076139,"Muy alto
(> 60%)"
CR001150,CL01054,2025-10-04,Crédito libre inversión,2450000,9,0.0286,313000,App,891,0.119,Automática,Activo,0,0,1,0.8333333333333334,1,2025-11-11,Valle del Cauca,Cali,39,F,3,Sin información,Pensionado,2630000.0,Campaña digital,622.0,False,3,Web,hash_438233,0,0,10,166,4,2,0,1,3,0,0,0.7,0.2,189.1,0.0,0.2446587248991812,"Medio
(15-35%)"
CR001151,CL01055,2026-02-13,Microcrédito,2250000,6,0.0276,412000,Web,769,0.1839,Automática,Activo,0,0,6,0.3333333333333333,1,2024-08-09,Bolívar,Cartagena,30,M,2,Universitario,Comerciante,2240000.0,App orgánico,486.0,False,2,Android,hash_567741,0,0,8,610,2,1,1,0,0,0,3,0.625,0.0,108.25,1.0,0.5589149327302687,"Alto
(35-60%)"
CR001152,CL01056,2023-09-29,Microcrédito,1450000,6,0.0399,277000,Aliado,715,0.1937,Automática,Mora severa,0,1,110,0.5,3,2023-09-12,Antioquia,Medellín,29,F,4,Técnico/Tecnólogo,Independiente,1430000.0,App orgánico,574.0,False,3,Android,hash_526375,0,0,12,792,2,2,1,0,2,1,3,0.6666666666666666,0.0833333333333333,147.33333333333334,0.5,0.6998779672952528,"Muy alto
(> 60%)"
CR001153,CL01058,2023-12-20,Crédito consumo digital,250000,9,0.0261,32000,Call center,777,0.0492,Automática,Mora moderada,0,1,52,0.5,3,2023-04-30,Antioquia,Medellín,48,M,3,Bachiller,Desempleado,650000.0,Campaña digital,488.0,False,1,Android,hash_112741,0,0,7,961,3,1,1,0,2,0,0,0.7142857142857143,0.2857142857142857,112.14285714285714,1.0,0.630958406668494,"Muy alto
(> 60%)"
CR001154,CL01059,2024-12-05,Crédito consumo digital,1550000,9,0.0214,191000,Web,900,0.0408,Automática,Finalizado,0,0,0,1.0,0,2023-09-25,Atlántico,Barranquilla,41,M,3,Sin información,Empleado,4680000.0,Call center,667.0,False,1,Android,hash_613207,0,0,8,569,4,0,1,0,2,1,0,0.75,0.25,144.75,0.0,0.13697065285098392,"Bajo
(< 15%)"
CR001155,CL01061,2025-10-01,Crédito consumo digital,850000,9,0.037,113000,App,845,0.0897,Automática,Activo,0,0,0,1.0,0,2025-01-08,Norte de Santander,Cúcuta,44,F,2,Bachiller,Independiente,1260000.0,Referido,570.0,True,4,Android,hash_406732,0,0,13,355,0,1,2,1,3,3,0,0.7692307692307693,0.1538461538461538,135.6153846153846,2.0,0.46264607702382576,"Alto
(35-60%)"
CR001156,CL01062,2025-07-07,Crédito consumo digital,1350000,18,0.0254,94000,App,867,0.0503,Automática,Mora moderada,0,1,36,0.8333333333333334,1,2025-01-10,Bogotá D.C.,Bogotá,19,M,2,Técnico/Tecnólogo,Empleado,1870000.0,App orgánico,543.0,True,2,Android,hash_222082,0,0,7,273,0,2,1,0,3,0,0,0.7142857142857143,0.2857142857142857,170.42857142857142,0.5,0.5477658632651811,"Alto
(35-60%)"
CR001157,CL01063,2024-07-05,Crédito consumo digital,1350000,12,0.0309,136000,App,852,0.0422,Automática,Finalizado,0,0,0,1.0,0,2024-05-28,Meta,Villavicencio,47,M,4,Bachiller,Independiente,3220000.0,Aliado comercial,630.0,False,1,Web,hash_508107,0,0,11,397,3,2,1,0,3,0,1,0.2727272727272727,0.6363636363636364,126.27272727272728,0.5,0.2737959967150197,"Medio
(15-35%)"
CR001158,CL01064,2024-04-29,Crédito consumo digital,950000,6,0.0235,172000,App,830,0.0623,Automática,Finalizado,0,0,0,1.0,0,2024-01-06,Bogotá D.C.,Bogotá,19,F,2,Universitario,Empleado,2760000.0,Referido,711.0,False,0,iOS,hash_746905,0,0,10,586,4,1,0,1,2,0,2,0.6,0.1,217.7,0.0,0.29637547462466407,"Medio
(15-35%)"
CR001159,CL01065,2024-10-10,Crédito consumo digital,1750000,18,0.0382,136000,App,869,0.0971,Automática,Mora moderada,0,0,0,1.0,0,2024-04-06,Atlántico,Barranquilla,32,F,3,Universitario,Conductor/Repartidor,1400000.0,Referido,596.0,False,2,Android,hash_801983,0,0,7,585,3,0,1,0,2,0,1,0.8571428571428571,0.0,161.14285714285714,0.0,0.3082134194779585,"Medio
(15-35%)"
CR001160,CL01066,2025-10-03,Avance de nómina,450000,12,0.0268,44000,App,859,0.0155,Automática,Activo,0,0,0,1.0,0,2025-03-03,Valle del Cauca,Cali,25,M,4,Bachiller,Pensionado,2840000.0,Aliado comercial,576.0,True,0,Android,hash_331059,0,0,8,322,3,0,0,0,3,0,2,0.625,0.125,228.875,0.0,0.34391203835304873,"Medio
(15-35%)"
CR001161,CL01067,2024-04-26,Microcrédito,2550000,6,0.0449,494000,Call center,793,0.2245,Automática,Finalizado,0,0,25,0.6666666666666666,2,2023-11-17,Bolívar,Cartagena,23,F,3,Universitario,Empleado,2200000.0,Campaña digital,575.0,False,1,Android,hash_989920,0,0,10,819,4,1,2,0,1,1,0,0.8,0.2,203.8,2.0,0.6407217101919587,"Muy alto
(> 60%)"
CR001162,CL01070,2026-02-15,Crédito libre inversión,12450000,12,0.0233,1202000,App,900,0.3284,Automática,Activo,0,0,0,0.6666666666666666,0,2024-03-08,Bogotá D.C.,Bogotá,39,F,3,Universitario,Microempresario,3660000.0,Aliado comercial,720.0,False,1,Android,hash_279598,0,0,19,723,6,2,1,1,3,2,3,0.7368421052631579,0.0526315789473684,188.0,0.5,0.19551577144115495,"Medio
(15-35%)"
CR001163,CL01070,2025-02-08,Crédito consumo digital,1900000,6,0.0254,345000,App,900,0.0943,Automática,Finalizado,0,0,0,1.0,0,2024-03-08,Bogotá D.C.,Bogotá,39,F,3,Universitario,Microempresario,3660000.0,Aliado comercial,720.0,False,1,Android,hash_279598,0,0,19,723,6,2,1,1,3,2,3,0.7368421052631579,0.0526315789473684,188.0,0.5,0.16497557566436558,"Medio
(15-35%)"
CR001165,CL01071,2026-02-01,Avance de nómina,500000,12,0.0212,48000,Aliado,900,0.0164,Automática,Activo,0,0,0,1.0,0,2025-05-23,Risaralda,Pereira,36,F,6,Técnico/Tecnólogo,Independiente,2920000.0,Campaña digital,696.0,False,1,iOS,hash_128082,0,0,7,339,4,0,0,0,2,0,1,0.7142857142857143,0.1428571428571428,122.85714285714286,0.0,0.24640135328493465,"Medio
(15-35%)"
CR001166,CL01072,2025-11-22,Crédito libre inversión,9700000,18,0.0335,726000,Aliado,873,0.1729,Automática,Activo,0,0,27,0.6,2,2023-11-06,Valle del Cauca,Cali,41,M,5,Técnico/Tecnólogo,Empleado,4200000.0,Aliado comercial,626.0,False,1,Android,hash_113882,0,0,8,820,3,0,0,0,4,1,0,1.0,0.0,129.125,0.0,0.2753653303977919,"Medio
(15-35%)"
CR001167,CL01073,2026-01-04,Crédito libre inversión,2200000,9,0.0301,283000,App,841,0.2081,Automática,Activo,0,0,0,1.0,0,2025-02-16,Norte de Santander,Cúcuta,37,M,3,Técnico/Tecnólogo,Comerciante,1360000.0,Referido,601.0,False,1,Android,hash_747786,0,0,15,404,4,3,5,0,1,0,2,0.8,0.0666666666666666,185.6,1.6666666666666667,0.4842579839095842,"Alto
(35-60%)"
CR001168,CL01075,2024-11-05,Crédito consumo digital,3700000,3,0.0224,1289000,App,900,0.1876,Automática,Finalizado,0,0,0,1.0,0,2023-09-25,Bogotá D.C.,Bogotá,46,M,4,Técnico/Tecnólogo,Empleado,6870000.0,Campaña digital,799.0,False,1,Android,hash_324903,0,0,10,874,1,0,4,0,5,0,0,1.0,0.0,130.7,0.0,0.1283184571766373,"Bajo
(< 15%)"
CR001169,CL01078,2025-01-09,Crédito consumo digital,3150000,6,0.0251,572000,Web,893,0.1238,Automática,Finalizado,0,0,0,1.0,0,2024-11-15,Norte de Santander,Cúcuta,32,M,3,Universitario,Empleado,4620000.0,Campaña digital,613.0,False,2,Android,hash_487581,0,0,13,490,2,0,2,1,3,1,3,0.6923076923076923,0.0,142.69230769230768,0.0,0.2608323229455543,"Medio
(15-35%)"
CR001170,CL01080,2025-05-14,Microcrédito,1850000,9,0.0349,243000,App,876,0.0745,Automática,Mora severa,0,1,115,0.6666666666666666,2,2025-08-19,Bogotá D.C.,Bogotá,45,F,2,Técnico/Tecnólogo,Independiente,3260000.0,App orgánico,637.0,True,1,iOS,hash_540769,0,0,8,178,2,1,1,0,3,1,0,0.75,0.25,130.375,1.0,0.39070252121199905,"Alto
(35-60%)"
CR001171,CL01082,2025-04-22,Crédito libre inversión,2050000,12,0.0276,203000,Web,831,0.0668,Automática,Mora severa,0,0,29,0.8333333333333334,1,2023-06-28,Caldas,Manizales,33,M,2,Técnico/Tecnólogo,Comerciante,3040000.0,Campaña digital,507.0,False,2,Android,hash_677076,0,0,11,731,3,2,4,0,1,0,1,0.9090909090909092,0.0,132.72727272727272,2.0,0.3679050784300442,"Alto
(35-60%)"
CR001172,CL01083,2024-11-07,Avance de nómina,350000,9,0.0239,44000,Web,779,0.0333,Automática,Mora severa,0,0,14,0.6666666666666666,2,2023-09-17,Cundinamarca,Soacha,33,F,2,Técnico/Tecnólogo,Empleado,1320000.0,Aliado comercial,494.0,True,2,Android,hash_373827,0,0,12,664,4,1,1,2,1,1,2,0.6666666666666666,0.0,140.5,1.0,0.5027665817700158,"Alto
(35-60%)"
CR001173,CL01083,2024-08-28,Crédito libre inversión,1700000,24,0.0178,88000,App,849,0.0667,Automática,Mora moderada,0,0,13,0.8333333333333334,1,2023-09-17,Cundinamarca,Soacha,33,F,2,Técnico/Tecnólogo,Empleado,1320000.0,Aliado comercial,494.0,True,2,Android,hash_373827,0,0,12,664,4,1,1,2,1,1,2,0.6666666666666666,0.0,140.5,1.0,0.4276930413522196,"Alto
(35-60%)"
CR001175,CL01084,2025-10-10,Crédito consumo digital,450000,9,0.0276,57000,Web,829,0.0306,Automática,Activo,0,0,0,1.0,0,2024-04-21,Santander,Bucaramanga,57,F,2,Sin información,Pensionado,1860000.0,Aliado comercial,553.0,False,0,iOS,hash_983951,0,0,16,711,4,2,1,0,5,0,4,0.625,0.125,177.5625,0.5,0.3976672647908939,"Alto
(35-60%)"
CR001176,CL01086,2023-10-05,Crédito consumo digital,800000,6,0.0343,150000,Call center,816,0.1027,Automática,Finalizado,0,0,7,0.8333333333333334,1,2023-05-12,Valle del Cauca,Cali,40,M,1,Universitario,Conductor/Repartidor,1460000.0,Aliado comercial,365.0,False,4,Android,hash_874393,0,0,13,985,6,1,3,0,1,1,1,0.7692307692307693,0.1538461538461538,136.53846153846155,3.0,0.49778470318573115,"Alto
(35-60%)"
CR001177,CL01087,2023-07-02,Microcrédito,3600000,24,0.041,238000,App,883,0.0645,Automática,Finalizado,0,0,0,1.0,0,2023-02-23,Bogotá D.C.,Bogotá,46,M,5,Bachiller,Comerciante,3690000.0,Campaña digital,703.0,False,1,Android,hash_265961,0,0,17,1090,4,2,3,1,4,0,1,0.5294117647058824,0.3529411764705882,125.58823529411764,1.5,0.25955322761319155,"Medio
(15-35%)"
CR001178,CL01087,2023-05-15,Microcrédito,1500000,9,0.0382,200000,App,868,0.0542,Automática,Finalizado,0,0,0,1.0,0,2023-02-23,Bogotá D.C.,Bogotá,46,M,5,Bachiller,Comerciante,3690000.0,Campaña digital,703.0,False,1,Android,hash_265961,0,0,17,1090,4,2,3,1,4,0,1,0.5294117647058824,0.3529411764705882,125.58823529411764,1.5,0.22751295653802406,"Medio
(15-35%)"
CR001179,CL01089,2024-06-07,Crédito consumo digital,850000,9,0.0383,113000,Call center,695,0.0876,Automática,Mora moderada,0,0,4,0.8333333333333334,1,2024-04-25,Bogotá D.C.,Bogotá,33,M,1,Posgrado,Estudiante,1290000.0,App orgánico,504.0,True,0,Android,hash_409345,0,0,12,629,1,3,2,0,3,2,0,0.9166666666666666,0.0833333333333333,168.41666666666666,0.6666666666666666,0.5847471922630031,"Alto
(35-60%)"
CR001180,CL01089,2025-12-11,Crédito consumo digital,600000,9,0.036,79000,App,785,0.0612,Automática,Activo,0,0,0,0.8,0,2024-04-25,Bogotá D.C.,Bogotá,33,M,1,Posgrado,Estudiante,1290000.0,App orgánico,504.0,True,0,Android,hash_409345,0,0,12,629,1,3,2,0,3,2,0,0.9166666666666666,0.0833333333333333,168.41666666666666,0.6666666666666666,0.5643561707084318,"Alto
(35-60%)"
CR001181,CL01093,2025-04-19,Crédito consumo digital,2850000,12,0.0358,296000,Call center,885,0.0753,Automática,Finalizado,0,0,0,1.0,0,2024-10-19,Cundinamarca,Soacha,43,M,4,Universitario,Empleado,3930000.0,Referido,589.0,True,2,Android,hash_606911,0,0,4,169,1,0,0,0,2,1,0,0.75,0.25,171.75,0.0,0.30589075215221184,"Medio
(15-35%)"
CR001182,CL01095,2023-08-03,Crédito consumo digital,1250000,12,0.0245,121000,App,829,0.0442,Automática,Finalizado,0,0,0,1.0,0,2023-02-03,Valle del Cauca,Cali,43,F,3,Técnico/Tecnólogo,Empleado,2740000.0,Call center,615.0,True,0,Android,hash_912026,0,0,16,1128,6,1,2,0,6,0,0,0.875,0.125,116.6875,2.0,0.27604398374616396,"Medio
(15-35%)"
CR001183,CL01095,2024-12-03,Microcrédito,6500000,6,0.043,1252000,Aliado,777,0.4569,Manual,Mora severa,0,1,116,0.0,6,2023-02-03,Valle del Cauca,Cali,43,F,3,Técnico/Tecnólogo,Empleado,2740000.0,Call center,615.0,True,0,Android,hash_912026,0,0,16,1128,6,1,2,0,6,0,0,0.875,0.125,116.6875,2.0,0.45809225725610375,"Alto
(35-60%)"
CR001184,CL01096,2025-01-18,Microcrédito,1000000,12,0.0308,101000,Call center,780,0.0687,Automática,Finalizado,0,0,0,1.0,0,2023-09-30,Valle del Cauca,Cali,35,F,2,Universitario,Comerciante,1470000.0,Aliado comercial,555.0,False,2,Android,hash_816748,0,0,13,854,4,1,1,0,4,1,1,0.6923076923076923,0.2307692307692307,191.53846153846155,1.0,0.5313656892994026,"Alto
(35-60%)"
CR001185,CL01096,2025-09-10,Crédito libre inversión,1100000,12,0.0295,110000,Aliado,802,0.0748,Automática,Activo,0,0,0,1.0,0,2023-09-30,Valle del Cauca,Cali,35,F,2,Universitario,Comerciante,1470000.0,Aliado comercial,555.0,False,2,Android,hash_816748,0,0,13,854,4,1,1,0,4,1,1,0.6923076923076923,0.2307692307692307,191.53846153846155,1.0,0.4923935773745256,"Alto
(35-60%)"
CR001186,CL01097,2025-11-24,Crédito libre inversión,1100000,12,0.03,111000,App,765,0.038,Automática,Activo,0,0,0,1.0,0,2024-09-23,Bolívar,Cartagena,37,M,3,Bachiller,Comerciante,2920000.0,Campaña digital,583.0,False,0,iOS,hash_374006,0,0,10,441,3,3,0,2,1,0,0,0.6,0.2,93.9,0.0,0.4017437332161279,"Alto
(35-60%)"
CR001187,CL01098,2025-12-23,Crédito consumo digital,550000,6,0.0296,101000,App,840,0.0488,Automática,Activo,0,0,0,1.0,0,2025-10-04,Valle del Cauca,Cali,19,M,3,Técnico/Tecnólogo,Comerciante,2070000.0,App orgánico,561.0,False,2,iOS,hash_371759,0,0,6,70,1,2,1,0,1,1,0,0.8333333333333334,0.1666666666666666,161.66666666666666,0.5,0.4977775004272978,"Alto
(35-60%)"
CR001188,CL01099,2025-10-31,Avance de nómina,500000,3,0.0223,174000,App,868,0.1689,Automática,Finalizado,0,0,12,0.6666666666666666,1,2025-11-09,Bogotá D.C.,Bogotá,45,M,1,Bachiller,Empleado,1030000.0,App orgánico,523.0,False,0,Android,hash_520647,0,0,15,164,5,4,2,0,2,1,1,0.6,0.3333333333333333,144.0,0.5,0.45984679803364864,"Alto
(35-60%)"
CR001189,CL01099,2025-07-11,Crédito libre inversión,800000,6,0.0184,142000,Aliado,777,0.1379,Automática,Mora severa,0,1,68,0.5,3,2025-11-09,Bogotá D.C.,Bogotá,45,M,1,Bachiller,Empleado,1030000.0,App orgánico,523.0,False,0,Android,hash_520647,0,0,15,164,5,4,2,0,2,1,1,0.6,0.3333333333333333,144.0,0.5,0.6485766084881689,"Muy alto
(> 60%)"
CR001190,CL01100,2025-09-01,Avance de nómina,3950000,6,0.0202,706000,Aliado,900,0.0767,Automática,Finalizado,0,0,27,0.8333333333333334,1,2025-05-14,Valle del Cauca,Cali,39,F,4,Técnico/Tecnólogo,Empleado,9200000.0,Campaña digital,812.0,False,1,Android,hash_751110,0,0,16,326,5,2,1,0,5,1,1,0.9375,0.0,201.9375,0.5,0.08570018336259841,"Bajo
(< 15%)"
CR001191,CL01100,2026-01-10,Crédito libre inversión,9600000,6,0.0237,1735000,Aliado,900,0.1886,Automática,Activo,0,0,0,0.75,0,2025-05-14,Valle del Cauca,Cali,39,F,4,Técnico/Tecnólogo,Empleado,9200000.0,Campaña digital,812.0,False,1,Android,hash_751110,0,0,16,326,5,2,1,0,5,1,1,0.9375,0.0,201.9375,0.5,0.12346230703437133,"Bajo
(< 15%)"
CR001192,CL01101,2025-07-17,Crédito libre inversión,1350000,12,0.028,134000,App,792,0.0713,Automática,Mora severa,0,1,112,0.5,3,2024-02-20,Bogotá D.C.,Bogotá,46,F,5,Posgrado,Desempleado,1880000.0,Aliado comercial,616.0,True,1,Web,hash_925307,0,0,13,657,8,2,0,0,2,0,0,0.8461538461538461,0.1538461538461538,145.92307692307693,0.0,0.5495253166646809,"Alto
(35-60%)"
CR001193,CL01101,2024-11-30,Microcrédito,1500000,12,0.028,149000,App,770,0.0793,Automática,Mora severa,0,1,49,0.6666666666666666,2,2024-02-20,Bogotá D.C.,Bogotá,46,F,5,Posgrado,Desempleado,1880000.0,Aliado comercial,616.0,True,1,Web,hash_925307,0,0,13,657,8,2,0,0,2,0,0,0.8461538461538461,0.1538461538461538,145.92307692307693,0.0,0.570228890519909,"Alto
(35-60%)"
CR001195,CL01103,2025-10-21,Avance de nómina,1150000,12,0.0183,108000,App,848,0.0262,Automática,Activo,0,0,6,0.8333333333333334,1,2025-08-27,Atlántico,Barranquilla,57,M,2,Universitario,Conductor/Repartidor,4130000.0,App orgánico,668.0,True,1,Android,hash_515844,0,0,9,233,4,1,1,0,2,0,1,0.7777777777777778,0.1111111111111111,181.0,1.0,0.18391050600599013,"Medio
(15-35%)"
CR001196,CL01104,2023-05-17,Crédito libre inversión,1050000,18,0.0271,75000,App,787,0.0636,Automática,Mora severa,0,1,99,0.5,3,2023-04-17,Bogotá D.C.,Bogotá,35,F,2,Técnico/Tecnólogo,Independiente,1180000.0,App orgánico,484.0,False,0,Android,hash_823163,0,0,6,603,2,1,1,0,1,0,0,0.8333333333333334,0.1666666666666666,168.83333333333334,1.0,0.6838265435669568,"Muy alto
(> 60%)"
CR001197,CL01106,2025-08-16,Microcrédito,1300000,3,0.0369,466000,Aliado,779,0.3128,Automática,Mora moderada,0,1,43,0.6666666666666666,1,2025-09-14,Atlántico,Barranquilla,26,M,2,Técnico/Tecnólogo,Conductor/Repartidor,1490000.0,Campaña digital,469.0,False,2,Android,hash_262814,0,0,10,186,2,1,2,1,2,1,0,0.8,0.1,210.1,2.0,0.6939010191680322,"Muy alto
(> 60%)"
CR001198,CL01107,2024-01-06,Microcrédito,1350000,12,0.0325,138000,Call center,779,0.1211,Automática,Mora severa,0,0,7,0.6666666666666666,2,2023-02-18,Bogotá D.C.,Bogotá,42,M,2,Sin información,Conductor/Repartidor,1140000.0,Campaña digital,567.0,False,0,Android,hash_226026,0,0,6,235,1,0,1,0,1,1,2,0.5,0.1666666666666666,120.16666666666669,0.0,0.5760284377554103,"Alto
(35-60%)"
CR001199,CL01108,2023-05-18,Crédito consumo digital,450000,12,0.0322,46000,App,741,0.039,Automática,Mora moderada,0,1,43,0.8333333333333334,1,2023-03-17,Atlántico,Barranquilla,25,M,2,Universitario,Estudiante,1180000.0,Campaña digital,488.0,True,1,iOS,hash_348433,0,0,9,786,2,2,1,0,2,0,0,1.0,0.0,131.77777777777777,0.5,0.6188720939709921,"Muy alto
(> 60%)"
CR001200,CL01109,2025-02-01,Microcrédito,4850000,12,0.0354,503000,Web,666,0.2177,Automática,Finalizado,0,0,0,1.0,0,2023-06-04,Valle del Cauca,Cali,30,F,2,Universitario,Empleado,2310000.0,Campaña digital,588.0,False,0,Android,hash_579757,1,0,13,1048,7,1,0,1,4,0,0,0.8461538461538461,0.0769230769230769,121.15384615384616,0.0,0.5116210762970899,"Alto
(35-60%)"
CR001201,CL01111,2025-09-20,Crédito libre inversión,4500000,3,0.0172,1552000,App,760,0.7838,Excepción,Mora severa,0,1,78,0.0,3,2025-05-07,Antioquia,Medellín,34,M,2,Universitario,Independiente,1980000.0,Referido,398.0,True,1,Android,hash_827814,0,0,12,235,2,1,1,0,6,1,0,0.75,0.25,167.25,1.0,0.710961534473588,"Muy alto
(> 60%)"
CR001202,CL01111,2025-10-24,Microcrédito,1500000,3,0.0328,533000,App,688,0.2692,Automática,Mora moderada,0,1,42,0.0,3,2025-05-07,Antioquia,Medellín,34,M,2,Universitario,Independiente,1980000.0,Referido,398.0,True,1,Android,hash_827814,0,0,12,235,2,1,1,0,6,1,0,0.75,0.25,167.25,1.0,0.6847693049670524,"Muy alto
(> 60%)"
CR001205,CL01114,2025-12-12,Crédito libre inversión,4750000,12,0.0332,486000,Web,755,0.1442,Automática,Activo,0,0,0,0.8,0,2026-01-14,Cundinamarca,Soacha,41,M,2,Universitario,Empleado,3370000.0,Referido,527.0,False,1,Android,hash_492838,0,0,5,59,2,0,0,0,2,0,1,0.6,0.2,160.2,0.0,0.5256572938756758,"Alto
(35-60%)"
CR001206,CL01115,2023-11-24,Crédito consumo digital,1500000,12,0.0235,145000,App,653,0.0662,Automática,Mora severa,0,1,73,0.6666666666666666,2,2023-04-27,Norte de Santander,Cúcuta,38,M,2,Universitario,Independiente,2190000.0,Campaña digital,535.0,False,1,Android,hash_245942,0,0,7,831,5,1,0,0,0,1,0,1.0,0.0,145.85714285714286,0.0,0.5604862813389304,"Alto
(35-60%)"
CR001207,CL01116,2024-11-25,Microcrédito,2900000,6,0.0409,555000,App,679,0.216,Automática,Mora moderada,0,1,50,0.6666666666666666,2,2024-04-22,Bogotá D.C.,Bogotá,40,M,2,Universitario,Estudiante,1120000.0,Campaña digital,449.0,True,2,Android,hash_770792,0,0,14,594,3,3,1,1,4,1,1,0.7142857142857143,0.1428571428571428,166.35714285714286,0.3333333333333333,0.7659128892433941,"Muy alto
(> 60%)"
CR001208,CL01116,2025-10-03,Microcrédito,2200000,9,0.0446,302000,App,720,0.1175,Automática,Mora severa,0,1,90,0.6666666666666666,2,2024-04-22,Bogotá D.C.,Bogotá,40,M,2,Universitario,Estudiante,1120000.0,Campaña digital,449.0,True,2,Android,hash_770792,0,0,14,594,3,3,1,1,4,1,1,0.7142857142857143,0.1428571428571428,166.35714285714286,0.3333333333333333,0.7172861688071365,"Muy alto
(> 60%)"
CR001209,CL01117,2024-07-14,Microcrédito,3400000,3,0.039,1223000,App,798,0.4873,Manual,Mora moderada,0,0,30,0.3333333333333333,2,2023-11-08,Antioquia,Medellín,60,F,3,Técnico/Tecnólogo,Conductor/Repartidor,2510000.0,Referido,576.0,False,2,Android,hash_865962,0,0,9,498,2,1,1,0,2,0,2,0.6666666666666666,0.1111111111111111,174.33333333333334,1.0,0.531784320081082,"Alto
(35-60%)"
CR001210,CL01117,2025-08-26,Microcrédito,2950000,6,0.0438,570000,App,754,0.2271,Automática,Mora moderada,0,1,58,0.6666666666666666,2,2023-11-08,Antioquia,Medellín,60,F,3,Técnico/Tecnólogo,Conductor/Repartidor,2510000.0,Referido,576.0,False,2,Android,hash_865962,0,0,9,498,2,1,1,0,2,0,2,0.6666666666666666,0.1111111111111111,174.33333333333334,1.0,0.6530518653801713,"Muy alto
(> 60%)"
CR001211,CL01118,2024-12-06,Microcrédito,900000,3,0.0312,319000,Aliado,726,0.1933,Automática,Mora severa,0,1,119,0.6666666666666666,1,2023-06-10,Atlántico,Barranquilla,35,F,2,Universitario,Comerciante,1650000.0,App orgánico,573.0,False,2,Android,hash_664501,0,0,10,944,6,1,0,1,1,1,0,0.8,0.1,216.2,0.0,0.632584098654937,"Muy alto
(> 60%)"
CR001212,CL01119,2026-02-06,Crédito consumo digital,650000,18,0.0334,49000,App,749,0.0521,Automática,Mora moderada,0,1,42,0.0,2,2025-06-18,Valle del Cauca,Cali,38,M,2,Técnico/Tecnólogo,Desempleado,940000.0,Aliado comercial,531.0,False,1,iOS,hash_306802,0,0,11,234,6,1,1,0,2,0,0,0.8181818181818182,0.1818181818181818,213.9090909090909,1.0,0.6159041857129374,"Muy alto
(> 60%)"
CR001213,CL01120,2024-12-07,Crédito consumo digital,650000,12,0.0267,64000,App,730,0.0464,Automática,Mora severa,0,0,0,1.0,0,2023-08-25,Antioquia,Medellín,47,No informa,1,Técnico/Tecnólogo,Comerciante,1380000.0,Campaña digital,533.0,True,4,iOS,hash_974966,0,0,7,804,2,1,2,0,2,0,0,1.0,0.0,255.42857142857144,2.0,0.49720351153924347,"Alto
(35-60%)"
CR001214,CL01121,2025-07-27,Crédito consumo digital,600000,9,0.0384,80000,App,852,0.0452,Automática,Finalizado,0,0,28,0.8333333333333334,1,2023-08-06,Antioquia,Medellín,47,M,3,Técnico/Tecnólogo,Conductor/Repartidor,1770000.0,Campaña digital,547.0,False,1,Android,hash_293654,0,0,13,809,5,2,2,0,1,1,2,0.8461538461538461,0.0,88.38461538461539,1.0,0.397696854701647,"Alto
(35-60%)"
CR001215,CL01121,2024-03-02,Crédito consumo digital,1350000,6,0.0271,247000,App,900,0.1395,Automática,Finalizado,0,0,21,0.8333333333333334,1,2023-08-06,Antioquia,Medellín,47,M,3,Técnico/Tecnólogo,Conductor/Repartidor,1770000.0,Campaña digital,547.0,False,1,Android,hash_293654,0,0,13,809,5,2,2,0,1,1,2,0.8461538461538461,0.0,88.38461538461539,1.0,0.3562607235614116,"Alto
(35-60%)"
CR001216,CL01122,2024-02-03,Crédito libre inversión,2250000,12,0.0262,221000,Web,623,0.1381,Automática,Mora severa,0,1,68,0.1666666666666666,5,2023-10-30,Bogotá D.C.,Bogotá,17,M,3,Bachiller,Estudiante,1600000.0,App orgánico,359.0,False,2,Android,hash_888005,0,1,9,693,2,0,0,1,4,1,1,0.7777777777777778,0.0,148.11111111111111,0.0,0.7251856812762668,"Muy alto
(> 60%)"
CR001217,CL01123,2026-01-02,Crédito libre inversión,6500000,18,0.0231,445000,Web,900,0.0873,Automática,Activo,0,0,0,0.75,0,2024-10-31,Bogotá D.C.,Bogotá,42,M,6,Sin información,Empleado,5100000.0,App orgánico,738.0,False,2,iOS,hash_977714,0,0,8,506,3,1,1,0,3,0,0,1.0,0.0,145.875,1.0,0.11853777179983659,"Bajo
(< 15%)"
CR001218,CL01124,2023-06-21,Crédito libre inversión,1400000,9,0.0257,176000,Call center,833,0.0786,Automática,Finalizado,0,0,5,0.8333333333333334,1,2023-05-01,Tolima,Ibagué,25,F,3,Técnico/Tecnólogo,Independiente,2240000.0,App orgánico,545.0,True,1,Android,hash_694105,0,0,13,912,2,2,2,3,3,0,1,0.3846153846153846,0.3076923076923077,152.30769230769232,1.0,0.5123620502057508,"Alto
(35-60%)"
CR001219,CL01124,2025-05-28,Avance de nómina,1800000,6,0.0287,331000,App,899,0.1478,Automática,Mora moderada,0,1,52,0.6666666666666666,2,2023-05-01,Tolima,Ibagué,25,F,3,Técnico/Tecnólogo,Independiente,2240000.0,App orgánico,545.0,True,1,Android,hash_694105,0,0,13,912,2,2,2,3,3,0,1,0.3846153846153846,0.3076923076923077,152.30769230769232,1.0,0.608446874629522,"Muy alto
(> 60%)"
CR001220,CL01124,2023-11-16,Crédito consumo digital,1150000,6,0.0217,206000,Aliado,802,0.092,Automática,Finalizado,0,0,0,1.0,0,2023-05-01,Tolima,Ibagué,25,F,3,Técnico/Tecnólogo,Independiente,2240000.0,App orgánico,545.0,True,1,Android,hash_694105,0,0,13,912,2,2,2,3,3,0,1,0.3846153846153846,0.3076923076923077,152.30769230769232,1.0,0.5566945718206214,"Alto
(35-60%)"
CR001221,CL01125,2024-07-23,Crédito consumo digital,2750000,18,0.0376,213000,App,885,0.0819,Automática,Finalizado,0,0,10,0.6666666666666666,2,2023-10-16,Antioquia,Medellín,52,M,5,Técnico/Tecnólogo,Independiente,2600000.0,App orgánico,646.0,True,2,Android,hash_599668,0,0,10,888,3,3,1,0,1,0,0,0.7,0.3,203.4,0.3333333333333333,0.2281326525939775,"Medio
(15-35%)"
CR001222,CL01127,2025-06-29,Avance de nómina,500000,12,0.0296,50000,App,885,0.02,Automática,Activo,0,0,0,1.0,0,2025-05-08,Bogotá D.C.,Bogotá,39,F,4,Técnico/Tecnólogo,Comerciante,2500000.0,Aliado comercial,635.0,False,3,Android,hash_157942,0,0,15,320,5,2,1,0,4,0,2,0.6666666666666666,0.2,141.26666666666668,0.5,0.32192889447149353,"Medio
(15-35%)"
CR001223,CL01127,2025-06-12,Microcrédito,4450000,3,0.095,1615000,App,871,0.646,Excepción,Mora moderada,0,1,49,0.3333333333333333,2,2025-05-08,Bogotá D.C.,Bogotá,39,F,4,Técnico/Tecnólogo,Comerciante,2500000.0,Aliado comercial,635.0,False,3,Android,hash_157942,0,0,15,320,5,2,1,0,4,0,2,0.6666666666666666,0.2,141.26666666666668,0.5,0.5113168676168247,"Alto
(35-60%)"
CR001224,CL01128,2024-09-17,Crédito libre inversión,5300000,6,0.017,937000,App,900,0.3052,Automática,Finalizado,0,0,0,1.0,0,2024-08-04,Bogotá D.C.,Bogotá,28,F,2,Sin información,Empleado,3070000.0,App orgánico,654.0,True,3,Android,hash_898086,0,0,8,500,3,1,2,1,1,0,0,0.875,0.0,194.75,2.0,0.2286285864877607,"Medio
(15-35%)"
CR001225,CL01130,2023-04-17,Crédito consumo digital,4700000,9,0.0223,582000,Web,900,0.1302,Automática,Mora severa,0,1,86,0.8333333333333334,1,2023-01-22,Valle del Cauca,Cali,39,F,3,Técnico/Tecnólogo,Pensionado,4470000.0,Campaña digital,730.0,False,3,Android,hash_508195,0,0,14,1128,4,3,3,1,2,0,0,0.8571428571428571,0.0714285714285714,193.3571428571429,1.0,0.1308813467585869,"Bajo
(< 15%)"
CR001226,CL01132,2025-12-26,Crédito consumo digital,1900000,9,0.0224,235000,App,763,0.0936,Automática,Activo,0,0,3,0.75,1,2024-11-14,Atlántico,Barranquilla,40,M,3,Técnico/Tecnólogo,Empleado,2510000.0,Referido,614.0,True,1,iOS,hash_717769,0,0,7,491,1,0,1,0,3,0,1,0.7142857142857143,0.1428571428571428,110.71428571428572,0.0,0.33509321279184995,"Medio
(15-35%)"
CR001227,CL01133,2026-02-07,Microcrédito,3500000,6,0.0395,667000,App,845,0.2417,Automática,Activo,0,0,0,0.6666666666666666,0,2025-08-26,Bogotá D.C.,Bogotá,52,M,1,Universitario,Microempresario,2760000.0,Campaña digital,668.0,True,2,Android,hash_528718,0,0,5,209,0,2,1,0,2,0,0,1.0,0.0,183.0,0.5,0.25498672498730385,"Medio
(15-35%)"
CR001228,CL01134,2025-06-19,Crédito consumo digital,4600000,3,0.0257,1613000,App,835,0.4234,Manual,Finalizado,0,0,9,0.6666666666666666,1,2024-11-28,Bogotá D.C.,Bogotá,41,F,3,Técnico/Tecnólogo,Microempresario,3810000.0,App orgánico,619.0,False,4,Android,hash_363929,0,0,8,450,3,0,3,0,1,1,0,0.75,0.25,194.0,0.0,0.27405495057254226,"Medio
(15-35%)"
CR001229,CL01135,2024-11-04,Crédito consumo digital,1050000,18,0.0285,75000,Web,847,0.0357,Automática,Activo,0,0,29,0.8333333333333334,1,2023-02-10,Antioquia,Medellín,34,F,3,Sin información,Empleado,2100000.0,Call center,532.0,False,0,iOS,hash_441977,0,0,10,571,2,1,2,3,2,0,0,0.7,0.0,186.5,2.0,0.36360719309534384,"Alto
(35-60%)"
CR001230,CL01136,2024-12-21,Crédito consumo digital,1350000,18,0.0221,92000,Web,888,0.0358,Automática,Activo,0,0,8,0.8333333333333334,1,2024-03-30,Bogotá D.C.,Bogotá,46,M,3,Posgrado,Microempresario,3240000.0,App orgánico,644.0,False,0,iOS,hash_137880,0,0,13,654,3,1,1,0,7,1,0,0.9230769230769232,0.0769230769230769,198.7692307692308,1.0,0.2028631083924731,"Medio
(15-35%)"
CR001231,CL01136,2025-06-28,Crédito libre inversión,3250000,18,0.0206,218000,App,864,0.0848,Automática,Mora moderada,0,1,41,0.8333333333333334,1,2024-03-30,Bogotá D.C.,Bogotá,46,M,3,Posgrado,Microempresario,3240000.0,App orgánico,644.0,False,0,iOS,hash_137880,0,0,13,654,3,1,1,0,7,1,0,0.9230769230769232,0.0769230769230769,198.7692307692308,1.0,0.3272972971126007,"Medio
(15-35%)"
CR001232,CL01137,2024-01-07,Crédito libre inversión,3450000,24,0.0335,212000,Web,769,0.1134,Automática,Mora severa,0,1,101,0.5,3,2023-09-02,Antioquia,Medellín,48,M,3,Técnico/Tecnólogo,Empleado,1870000.0,App orgánico,482.0,False,3,Android,hash_600314,0,0,13,852,5,0,3,0,4,0,0,0.8461538461538461,0.1538461538461538,149.07692307692307,0.0,0.6534003040724382,"Muy alto
(> 60%)"
CR001233,CL01137,2024-09-15,Crédito consumo digital,1000000,9,0.0216,123000,Web,805,0.0658,Automática,Finalizado,0,0,9,0.8333333333333334,1,2023-09-02,Antioquia,Medellín,48,M,3,Técnico/Tecnólogo,Empleado,1870000.0,App orgánico,482.0,False,3,Android,hash_600314,0,0,13,852,5,0,3,0,4,0,0,0.8461538461538461,0.1538461538461538,149.07692307692307,0.0,0.4775515275258752,"Alto
(35-60%)"
CR001234,CL01138,2025-07-07,Crédito consumo digital,1350000,12,0.0366,141000,App,862,0.0515,Automática,Activo,0,0,0,1.0,0,2025-12-13,Meta,Villavicencio,24,F,1,Universitario,Empleado,2740000.0,Call center,555.0,False,1,Android,hash_410748,0,0,11,105,3,3,2,0,3,0,0,0.9090909090909092,0.0909090909090909,131.36363636363637,0.6666666666666666,0.35095280304919285,"Alto
(35-60%)"
CR001235,CL01138,2025-12-30,Crédito consumo digital,1050000,12,0.0211,100000,App,805,0.0365,Automática,Activo,0,0,0,1.0,0,2025-12-13,Meta,Villavicencio,24,F,1,Universitario,Empleado,2740000.0,Call center,555.0,False,1,Android,hash_410748,0,0,11,105,3,3,2,0,3,0,0,0.9090909090909092,0.0909090909090909,131.36363636363637,0.6666666666666666,0.4499465196344862,"Alto
(35-60%)"
CR001236,CL01139,2025-06-04,Avance de nómina,300000,12,0.0262,29000,App,838,0.023,Automática,Activo,0,0,23,0.3333333333333333,4,2024-02-05,Valle del Cauca,Cali,42,M,3,Bachiller,Independiente,1260000.0,Campaña digital,441.0,True,0,Android,hash_622881,0,0,13,492,5,2,0,0,3,0,3,0.6923076923076923,0.0769230769230769,144.3846153846154,0.0,0.5107070992919084,"Alto
(35-60%)"
CR001237,CL01140,2024-08-25,Crédito libre inversión,3900000,18,0.02,260000,Call center,797,0.1187,Automática,Finalizado,0,0,0,1.0,0,2023-03-16,Cundinamarca,Soacha,43,F,3,Técnico/Tecnólogo,Empleado,2190000.0,Call center,556.0,True,1,Android,hash_133033,0,0,13,972,4,0,5,1,0,1,1,0.7692307692307693,0.0769230769230769,207.6153846153846,0.0,0.536536058474344,"Alto
(35-60%)"
CR001238,CL01141,2025-11-13,Crédito consumo digital,2050000,9,0.03,263000,App,842,0.0802,Automática,Activo,0,0,0,0.8333333333333334,0,2023-06-13,Valle del Cauca,Cali,33,F,5,Universitario,Independiente,3280000.0,Campaña digital,584.0,False,2,Android,hash_502867,0,0,14,741,4,2,2,0,5,0,1,0.6428571428571429,0.2857142857142857,188.5,1.0,0.38911499459810167,"Alto
(35-60%)"
CR001239,CL01141,2023-11-18,Crédito consumo digital,1650000,18,0.0322,122000,Aliado,888,0.0372,Automática,Mora moderada,0,1,58,0.6666666666666666,2,2023-06-13,Valle del Cauca,Cali,33,F,5,Universitario,Independiente,3280000.0,Campaña digital,584.0,False,2,Android,hash_502867,0,0,14,741,4,2,2,0,5,0,1,0.6428571428571429,0.2857142857142857,188.5,1.0,0.4021089235012596,"Alto
(35-60%)"
CR001240,CL01142,2023-05-14,Crédito consumo digital,1250000,9,0.0341,164000,App,873,0.0522,Automática,Finalizado,0,0,0,1.0,0,2023-03-05,Atlántico,Barranquilla,50,M,3,Técnico/Tecnólogo,Comerciante,3140000.0,App orgánico,594.0,False,3,Web,hash_772051,0,0,16,1062,4,4,2,1,1,2,1,0.6875,0.1875,138.125,0.5,0.1905372757303123,"Medio
(15-35%)"
CR001241,CL01142,2023-12-07,Crédito consumo digital,1350000,9,0.0376,180000,App,852,0.0573,Automática,Finalizado,0,0,0,1.0,0,2023-03-05,Atlántico,Barranquilla,50,M,3,Técnico/Tecnólogo,Comerciante,3140000.0,App orgánico,594.0,False,3,Web,hash_772051,0,0,16,1062,4,4,2,1,1,2,1,0.6875,0.1875,138.125,0.5,0.20456340026765266,"Medio
(15-35%)"
CR001242,CL01142,2024-10-13,Crédito consumo digital,1200000,18,0.0217,81000,App,870,0.0258,Automática,Finalizado,0,0,0,1.0,0,2023-03-05,Atlántico,Barranquilla,50,M,3,Técnico/Tecnólogo,Comerciante,3140000.0,App orgánico,594.0,False,3,Web,hash_772051,0,0,16,1062,4,4,2,1,1,2,1,0.6875,0.1875,138.125,0.5,0.2470644020690123,"Medio
(15-35%)"
CR001243,CL01143,2025-05-13,Avance de nómina,650000,9,0.0192,79000,App,900,0.0282,Automática,Mora moderada,0,1,46,0.8333333333333334,1,2023-03-05,Bogotá D.C.,Bogotá,34,M,3,Universitario,Microempresario,2800000.0,Campaña digital,655.0,False,4,Android,hash_405383,0,0,10,750,4,2,1,0,2,1,0,0.9,0.1,158.1,0.5,0.3321749524843527,"Medio
(15-35%)"
CR001244,CL01144,2025-12-29,Crédito libre inversión,4400000,9,0.0262,555000,Web,881,0.2382,Automática,Activo,0,0,0,1.0,0,2024-10-22,Risaralda,Pereira,37,F,2,Universitario,Empleado,2330000.0,Campaña digital,654.0,True,0,Web,hash_602542,0,0,10,364,4,3,1,0,1,1,0,0.9,0.1,182.3,0.3333333333333333,0.3121719588592971,"Medio
(15-35%)"
CR001245,CL01145,2024-03-23,Crédito consumo digital,850000,9,0.0329,111000,Web,736,0.081,Automática,Mora moderada,0,0,6,0.6666666666666666,2,2023-03-23,Cundinamarca,Soacha,34,F,2,Bachiller,Independiente,1370000.0,App orgánico,458.0,False,1,Android,hash_960348,0,0,14,1021,2,0,6,2,2,0,0,0.7142857142857143,0.1428571428571428,207.0,0.0,0.5796108034075168,"Alto
(35-60%)"
CR001246,CL01148,2024-12-06,Crédito consumo digital,4300000,6,0.038,815000,App,810,0.2763,Automática,Finalizado,0,0,0,1.0,0,2024-01-17,Caldas,Manizales,22,M,2,Bachiller,Microempresario,2950000.0,App orgánico,464.0,False,2,Android,hash_511913,0,0,10,595,4,1,0,1,2,1,1,0.6,0.2,189.6,0.0,0.5469378958483105,"Alto
(35-60%)"
CR001247,CL01150,2024-06-04,Crédito consumo digital,1200000,6,0.032,223000,App,843,0.1077,Automática,Mora severa,0,1,104,0.8333333333333334,1,2023-04-09,Atlántico,Barranquilla,28,M,3,Universitario,Empleado,2070000.0,Campaña digital,642.0,False,0,Android,hash_557359,0,0,10,1100,1,2,2,1,1,2,1,0.7,0.1,122.3,1.0,0.3878506082595799,"Alto
(35-60%)"
CR001248,CL01152,2025-09-09,Avance de nómina,600000,24,0.0189,31000,App,863,0.0128,Automática,Activo,0,0,0,1.0,0,2025-07-03,Bogotá D.C.,Bogotá,19,F,5,Universitario,Empleado,2430000.0,Aliado comercial,589.0,False,2,Web,hash_309074,0,0,7,229,2,1,1,1,2,0,0,0.8571428571428571,0.0,129.85714285714286,1.0,0.36811793675851795,"Alto
(35-60%)"
CR001249,CL01153,2024-05-06,Desconocido,3000000,6,0.0358,564000,Aliado,900,0.1253,Automática,Finalizado,0,0,26,0.8333333333333334,1,2023-05-07,Atlántico,Barranquilla,30,F,3,Técnico/Tecnólogo,Empleado,4500000.0,Campaña digital,673.0,False,0,iOS,hash_190930,0,0,8,989,2,1,0,1,1,0,1,0.5,0.25,175.375,0.0,0.20395352426638846,"Medio
(15-35%)"
CR001250,CL01155,2025-08-28,Avance de nómina,950000,9,0.0304,122000,Aliado,770,0.0498,Automática,Mora severa,0,1,85,0.3333333333333333,4,2025-05-06,Risaralda,Pereira,52,M,4,Posgrado,Conductor/Repartidor,2450000.0,Campaña digital,506.0,True,1,iOS,hash_523959,0,0,19,327,5,2,1,0,7,2,2,0.7894736842105263,0.1052631578947368,128.31578947368422,0.5,0.5460408902135335,"Alto
(35-60%)"
CR001251,CL01155,2026-01-30,Microcrédito,1600000,6,0.0311,296000,Aliado,824,0.1208,Automática,Activo,0,0,12,0.6666666666666666,1,2025-05-06,Risaralda,Pereira,52,M,4,Posgrado,Conductor/Repartidor,2450000.0,Campaña digital,506.0,True,1,iOS,hash_523959,0,0,19,327,5,2,1,0,7,2,2,0.7894736842105263,0.1052631578947368,128.31578947368422,0.5,0.5214117883528635,"Alto
(35-60%)"
CR001252,CL01155,2025-06-21,Crédito libre inversión,4700000,18,0.022,319000,Call center,816,0.1302,Automática,Mora severa,0,1,108,0.6666666666666666,2,2025-05-06,Risaralda,Pereira,52,M,4,Posgrado,Conductor/Repartidor,2450000.0,Campaña digital,506.0,True,1,iOS,hash_523959,0,0,19,327,5,2,1,0,7,2,2,0.7894736842105263,0.1052631578947368,128.31578947368422,0.5,0.6154794849420646,"Muy alto
(> 60%)"
CR001253,CL01156,2025-05-27,Avance de nómina,1050000,3,0.0287,370000,App,850,0.0976,Automática,Mora severa,0,1,80,0.6666666666666666,1,2023-11-22,Caldas,Manizales,46,F,3,Bachiller,Independiente,3790000.0,App orgánico,526.0,False,0,Android,hash_762588,0,0,15,818,7,0,1,0,5,1,1,0.7333333333333333,0.2,142.06666666666666,0.0,0.5632569722049786,"Alto
(35-60%)"
CR001254,CL01156,2024-01-27,Crédito libre inversión,4100000,6,0.0307,759000,Web,900,0.2003,Automática,Mora moderada,0,1,35,0.5,3,2023-11-22,Caldas,Manizales,46,F,3,Bachiller,Independiente,3790000.0,App orgánico,526.0,False,0,Android,hash_762588,0,0,15,818,7,0,1,0,5,1,1,0.7333333333333333,0.2,142.06666666666666,0.0,0.5931943352354245,"Alto
(35-60%)"
CR001255,CL01156,2024-09-27,Crédito consumo digital,1950000,6,0.0296,359000,Aliado,886,0.0947,Automática,Mora severa,0,1,111,0.6666666666666666,2,2023-11-22,Caldas,Manizales,46,F,3,Bachiller,Independiente,3790000.0,App orgánico,526.0,False,0,Android,hash_762588,0,0,15,818,7,0,1,0,5,1,1,0.7333333333333333,0.2,142.06666666666666,0.0,0.5836067541392673,"Alto
(35-60%)"
CR001257,CL01159,2024-04-19,Microcrédito,750000,12,0.0301,75000,Aliado,771,0.0551,Automática,Finalizado,0,0,0,1.0,0,2023-04-13,Atlántico,Barranquilla,46,M,3,Universitario,Empleado,1360000.0,Aliado comercial,596.0,True,1,Android,hash_279096,0,0,20,1057,8,1,3,0,5,0,2,0.8,0.1,149.0,3.0,0.5079792670552031,"Alto
(35-60%)"
CR001258,CL01160,2024-06-20,Crédito consumo digital,2100000,3,0.0328,746000,App,854,0.1995,Automática,Finalizado,0,0,0,1.0,0,2024-03-12,Antioquia,Medellín,33,F,3,Universitario,Comerciante,3740000.0,App orgánico,633.0,False,0,Web,hash_959856,0,0,2,337,0,0,0,0,1,0,0,1.0,0.0,214.0,0.0,0.2275597632426402,"Medio
(15-35%)"
CR001259,CL01161,2025-09-19,Crédito consumo digital,1900000,24,0.032,115000,App,900,0.0294,Automática,Activo,0,0,0,1.0,0,2025-03-24,Risaralda,Pereira,19,F,2,Bachiller,Empleado,3910000.0,Aliado comercial,521.0,False,1,Android,hash_782226,0,0,11,340,5,1,1,0,2,0,1,0.6363636363636364,0.2727272727272727,138.0909090909091,1.0,0.42173600506397624,"Alto
(35-60%)"
CR001261,CL01165,2024-12-31,Microcrédito,3150000,6,0.0336,588000,Aliado,790,0.3063,Automática,Mora moderada,0,0,30,0.6666666666666666,2,2024-02-20,Bogotá D.C.,Bogotá,46,F,4,Universitario,Independiente,1920000.0,Referido,597.0,False,3,iOS,hash_941618,0,0,15,647,5,0,2,0,3,2,3,0.7333333333333333,0.0666666666666666,191.13333333333333,0.0,0.5350824891944937,"Alto
(35-60%)"
CR001262,CL01165,2025-05-13,Crédito consumo digital,1900000,6,0.0319,353000,App,716,0.1839,Automática,Finalizado,0,0,14,0.6666666666666666,2,2024-02-20,Bogotá D.C.,Bogotá,46,F,4,Universitario,Independiente,1920000.0,Referido,597.0,False,3,iOS,hash_941618,0,0,15,647,5,0,2,0,3,2,3,0.7333333333333333,0.0666666666666666,191.13333333333333,0.0,0.44698913450076533,"Alto
(35-60%)"
CR001263,CL01166,2025-05-15,Crédito libre inversión,5050000,24,0.0238,279000,App,900,0.0779,Automática,Activo,0,0,0,1.0,0,2023-06-01,Antioquia,Medellín,60,M,2,Universitario,Comerciante,3580000.0,Campaña digital,696.0,False,2,Android,hash_421044,0,0,10,708,8,1,0,0,0,1,0,0.7,0.3,191.5,0.0,0.15489591964061677,"Medio
(15-35%)"
CR001264,CL01166,2023-10-05,Crédito consumo digital,2600000,3,0.0359,930000,Call center,900,0.2598,Automática,Finalizado,0,0,0,1.0,0,2023-06-01,Antioquia,Medellín,60,M,2,Universitario,Comerciante,3580000.0,Campaña digital,696.0,False,2,Android,hash_421044,0,0,10,708,8,1,0,0,0,1,0,0.7,0.3,191.5,0.0,0.2176004252790988,"Medio
(15-35%)"
CR001265,CL01166,2025-04-20,Crédito consumo digital,2600000,24,0.025,145000,Web,900,0.0405,Automática,Activo,0,0,0,1.0,0,2023-06-01,Antioquia,Medellín,60,M,2,Universitario,Comerciante,3580000.0,Campaña digital,696.0,False,2,Android,hash_421044,0,0,10,708,8,1,0,0,0,1,0,0.7,0.3,191.5,0.0,0.1529783355408158,"Medio
(15-35%)"
CR001266,CL01168,2025-06-21,Crédito consumo digital,4850000,6,0.0315,900000,App,900,0.163,Automática,Finalizado,0,0,0,1.0,0,2025-04-15,Bogotá D.C.,Bogotá,42,F,6,Bachiller,Empleado,5520000.0,Campaña digital,745.0,False,2,iOS,hash_714822,0,0,8,355,1,2,0,1,1,2,1,0.75,0.0,152.0,0.0,0.10814300592781376,"Bajo
(< 15%)"
CR001267,CL01169,2024-02-17,Microcrédito,10650000,9,0.0292,1363000,Aliado,900,0.2776,Automática,Finalizado,0,0,16,0.8333333333333334,1,2023-08-07,Cundinamarca,Soacha,42,F,3,Universitario,Comerciante,4910000.0,Call center,740.0,False,2,iOS,hash_693465,0,0,12,866,3,3,0,1,3,0,0,0.9166666666666666,0.0,150.58333333333334,0.0,0.2074774115803143,"Medio
(15-35%)"
CR001268,CL01170,2025-04-07,Crédito consumo digital,2150000,6,0.0287,395000,App,819,0.1091,Automática,Finalizado,0,0,0,1.0,0,2023-08-19,Bogotá D.C.,Bogotá,45,M,2,Técnico/Tecnólogo,Microempresario,3620000.0,Campaña digital,624.0,True,3,iOS,hash_266268,0,0,7,838,2,2,2,0,1,0,0,0.7142857142857143,0.2857142857142857,181.57142857142856,1.0,0.2787965961076728,"Medio
(15-35%)"
CR001269,CL01171,2025-08-17,Avance de nómina,550000,6,0.0213,99000,App,755,0.0604,Automática,Finalizado,0,0,2,0.8333333333333334,1,2024-11-14,Norte de Santander,Cúcuta,44,F,2,Bachiller,Independiente,1640000.0,Call center,549.0,False,2,iOS,hash_648606,0,0,7,207,1,1,1,1,1,0,0,0.8571428571428571,0.0,93.42857142857144,1.0,0.4361280024062317,"Alto
(35-60%)"
CR001270,CL01172,2025-10-15,Desconocido,2000000,9,0.0339,262000,Aliado,733,0.169,Automática,Activo,0,0,0,1.0,0,2024-10-28,Santander,Bucaramanga,39,F,4,Universitario,Estudiante,1550000.0,Referido,603.0,False,2,iOS,hash_756734,0,0,11,522,3,2,0,0,3,0,2,0.6363636363636364,0.1818181818181818,117.8181818181818,0.0,0.4623322568300409,"Alto
(35-60%)"
CR001271,CL01173,2025-05-27,Crédito libre inversión,3000000,3,0.028,1057000,App,707,0.6525,Excepción,Finalizado,0,0,20,0.3333333333333333,2,2025-10-28,Valle del Cauca,Cali,37,M,2,Bachiller,Independiente,1620000.0,Referido,526.0,False,1,Android,hash_776196,0,0,8,180,0,2,0,1,2,2,0,0.875,0.0,131.5,0.0,0.6250026887453825,"Muy alto
(> 60%)"
CR001272,CL01174,2024-12-04,Crédito libre inversión,7250000,12,0.023,698000,App,900,0.1772,Automática,Mora moderada,0,1,46,0.6666666666666666,2,2023-02-26,Antioquia,Medellín,35,F,3,Técnico/Tecnólogo,Empleado,3940000.0,Campaña digital,593.0,True,0,Android,hash_255801,0,0,11,1104,2,1,3,1,3,1,0,0.8181818181818182,0.0909090909090909,144.72727272727272,3.0,0.42953486497834875,"Alto
(35-60%)"
CR001273,CL01175,2025-06-13,Crédito libre inversión,3500000,12,0.0251,341000,App,862,0.0808,Automática,Activo,0,0,0,1.0,0,2024-09-21,Bogotá D.C.,Bogotá,28,M,1,Universitario,Microempresario,4220000.0,Aliado comercial,594.0,False,4,iOS,hash_140721,0,0,22,517,4,4,4,0,5,2,2,0.8181818181818182,0.0909090909090909,190.8636363636364,1.0,0.32035402693611686,"Medio
(15-35%)"
CR001274,CL01175,2025-05-30,Avance de nómina,900000,9,0.0305,116000,Web,900,0.0275,Automática,Finalizado,0,0,0,1.0,0,2024-09-21,Bogotá D.C.,Bogotá,28,M,1,Universitario,Microempresario,4220000.0,Aliado comercial,594.0,False,4,iOS,hash_140721,0,0,22,517,4,4,4,0,5,2,2,0.8181818181818182,0.0909090909090909,190.8636363636364,1.0,0.2882590298659515,"Medio
(15-35%)"
CR001275,CL01175,2024-11-15,Crédito consumo digital,5100000,6,0.0291,939000,App,880,0.2225,Automática,Mora severa,0,1,98,0.8333333333333334,1,2024-09-21,Bogotá D.C.,Bogotá,28,M,1,Universitario,Microempresario,4220000.0,Aliado comercial,594.0,False,4,iOS,hash_140721,0,0,22,517,4,4,4,0,5,2,2,0.8181818181818182,0.0909090909090909,190.8636363636364,1.0,0.4145200870307251,"Alto
(35-60%)"
CR001276,CL01177,2025-11-11,Crédito libre inversión,1600000,18,0.0294,116000,App,705,0.1234,Automática,Mora severa,0,1,111,0.3333333333333333,3,2024-12-25,Norte de Santander,Cúcuta,19,F,2,Posgrado,Estudiante,940000.0,Campaña digital,492.0,False,1,iOS,hash_273707,0,0,9,441,3,0,1,0,3,0,2,0.5555555555555556,0.2222222222222222,227.66666666666663,0.0,0.7815523476690336,"Muy alto
(> 60%)"
CR001277,CL01178,2024-08-11,Crédito consumo digital,1150000,6,0.0268,210000,Aliado,889,0.0764,Automática,Finalizado,0,0,0,1.0,0,2023-12-23,Atlántico,Barranquilla,35,F,3,Sin información,Comerciante,2750000.0,App orgánico,644.0,True,3,iOS,hash_931653,0,0,14,764,5,2,1,1,5,0,0,0.7142857142857143,0.2142857142857142,145.85714285714286,0.5,0.23168621705059927,"Medio
(15-35%)"
CR001278,CL01180,2024-04-07,Crédito libre inversión,4800000,18,0.0211,323000,App,900,0.0976,Automática,Mora moderada,0,0,0,1.0,0,2023-03-18,Bogotá D.C.,Bogotá,25,M,4,Bachiller,Empleado,3310000.0,Aliado comercial,646.0,False,0,Android,hash_418862,0,0,15,975,4,2,0,3,4,2,0,0.6666666666666666,0.1333333333333333,157.46666666666667,0.0,0.23702816904166904,"Medio
(15-35%)"
CR001279,CL01180,2024-07-23,Crédito libre inversión,2750000,9,0.0219,340000,App,892,0.1027,Automática,Finalizado,0,0,0,1.0,0,2023-03-18,Bogotá D.C.,Bogotá,25,M,4,Bachiller,Empleado,3310000.0,Aliado comercial,646.0,False,0,Android,hash_418862,0,0,15,975,4,2,0,3,4,2,0,0.6666666666666666,0.1333333333333333,157.46666666666667,0.0,0.23707449938511135,"Medio
(15-35%)"
CR001280,CL01181,2024-05-06,Microcrédito,2150000,9,0.0434,294000,Web,795,0.1633,Automática,Mora severa,0,1,111,0.8333333333333334,1,2023-07-03,Antioquia,Medellín,38,F,1,Universitario,Empleado,1800000.0,App orgánico,569.0,True,1,Android,hash_849656,0,0,12,818,2,0,2,1,5,0,1,0.75,0.0833333333333333,220.33333333333331,0.0,0.6664451267235435,"Muy alto
(> 60%)"
CR001282,CL01183,2024-03-11,Crédito consumo digital,1150000,18,0.0357,88000,App,792,0.0328,Automática,Mora moderada,0,0,22,0.8333333333333334,1,2024-01-17,Valle del Cauca,Cali,45,M,4,Bachiller,Comerciante,2680000.0,App orgánico,600.0,False,1,Android,hash_865176,0,0,15,599,7,1,2,0,4,0,1,0.8,0.1333333333333333,107.73333333333332,2.0,0.42922418039126753,"Alto
(35-60%)"
CR001283,CL01183,2024-02-03,Crédito consumo digital,900000,12,0.022,86000,App,809,0.0321,Automática,Mora severa,0,1,94,0.8333333333333334,1,2024-01-17,Valle del Cauca,Cali,45,M,4,Bachiller,Comerciante,2680000.0,App orgánico,600.0,False,1,Android,hash_865176,0,0,15,599,7,1,2,0,4,0,1,0.8,0.1333333333333333,107.73333333333332,2.0,0.4740765880789678,"Alto
(35-60%)"
CR001284,CL01184,2025-03-29,Crédito consumo digital,850000,6,0.0236,154000,Call center,814,0.1027,Automática,Mora moderada,0,1,44,0.5,3,2024-07-01,Bogotá D.C.,Bogotá,20,M,2,Bachiller,Independiente,1500000.0,App orgánico,585.0,False,2,Android,hash_279586,0,0,14,652,6,4,2,0,2,0,0,0.7857142857142857,0.2142857142857142,199.2142857142857,0.5,0.578698409369369,"Alto
(35-60%)"
CR001285,CL01185,2025-08-12,Crédito libre inversión,5300000,6,0.027,969000,App,703,0.4195,Manual,Mora moderada,0,1,50,0.5,3,2025-02-06,Bolívar,Cartagena,26,F,2,Bachiller,Empleado,2310000.0,App orgánico,508.0,False,2,Android,hash_572374,0,0,12,386,3,1,4,0,3,0,1,0.6666666666666666,0.25,169.5,4.0,0.7397816782907046,"Muy alto
(> 60%)"
CR001286,CL01186,2025-07-15,Crédito consumo digital,1400000,6,0.0228,252000,Web,811,0.0969,Automática,Mora severa,0,1,80,0.8333333333333334,1,2025-05-24,Bogotá D.C.,Bogotá,45,M,3,Técnico/Tecnólogo,Empleado,2600000.0,Referido,660.0,False,1,Web,hash_331831,0,0,4,167,0,1,0,0,2,0,1,0.5,0.25,165.0,0.0,0.46713573315904483,"Alto
(35-60%)"
CR001287,CL01187,2026-01-09,Microcrédito,5850000,12,0.0417,629000,Web,840,0.2321,Automática,Activo,0,0,0,0.75,0,2023-11-25,Bogotá D.C.,Bogotá,26,M,3,Posgrado,Pensionado,2710000.0,App orgánico,638.0,True,1,iOS,hash_465890,0,0,19,849,8,3,3,0,2,1,2,0.8421052631578947,0.0526315789473684,145.78947368421052,1.0,0.3379246309386794,"Medio
(15-35%)"
CR001288,CL01187,2025-07-18,Crédito libre inversión,2200000,12,0.0179,205000,Aliado,900,0.0756,Automática,Activo,0,0,21,0.8333333333333334,1,2023-11-25,Bogotá D.C.,Bogotá,26,M,3,Posgrado,Pensionado,2710000.0,App orgánico,638.0,True,1,iOS,hash_465890,0,0,19,849,8,3,3,0,2,1,2,0.8421052631578947,0.0526315789473684,145.78947368421052,1.0,0.23670459844949257,"Medio
(15-35%)"
CR001289,CL01188,2026-02-03,Crédito libre inversión,3300000,3,0.0308,1169000,App,795,0.4549,Manual,Activo,0,0,6,0.3333333333333333,1,2023-11-06,Santander,Bucaramanga,34,M,1,Bachiller,Comerciante,2640000.0,Campaña digital,519.0,True,0,Android,hash_950531,0,0,19,846,4,1,4,0,3,1,1,0.7368421052631579,0.2105263157894736,155.8421052631579,4.0,0.5646093413573906,"Alto
(35-60%)"
CR001290,CL01188,2023-12-31,Crédito consumo digital,1450000,3,0.0309,514000,Web,749,0.2,Automática,Finalizado,0,0,0,1.0,0,2023-11-06,Santander,Bucaramanga,34,M,1,Bachiller,Comerciante,2640000.0,Campaña digital,519.0,True,0,Android,hash_950531,0,0,19,846,4,1,4,0,3,1,1,0.7368421052631579,0.2105263157894736,155.8421052631579,4.0,0.49204002669180885,"Alto
(35-60%)"
CR001291,CL01189,2026-02-03,Microcrédito,250000,9,0.0256,31000,Web,625,0.0721,Automática,Activo,0,0,27,0.3333333333333333,1,2024-09-07,Bogotá D.C.,Bogotá,42,M,4,Bachiller,Desempleado,430000.0,Campaña digital,467.0,True,2,Android,hash_525377,0,0,10,456,5,2,1,0,1,0,1,0.9,0.0,178.8,0.5,0.5970231295452979,"Alto
(35-60%)"
CR001292,CL01190,2024-11-09,Crédito consumo digital,4500000,12,0.0228,433000,Aliado,900,0.0638,Automática,Mora moderada,0,0,0,1.0,0,2023-03-24,Bogotá D.C.,Bogotá,26,M,4,Técnico/Tecnólogo,Empleado,6790000.0,Campaña digital,688.0,True,1,Android,hash_680913,0,0,21,1108,6,4,4,1,2,1,1,0.7619047619047619,0.1428571428571428,154.95238095238096,1.0,0.11556340823066169,"Bajo
(< 15%)"
CR001293,CL01190,2024-02-05,Microcrédito,6050000,9,0.0263,764000,Aliado,900,0.1125,Automática,Finalizado,0,0,0,1.0,0,2023-03-24,Bogotá D.C.,Bogotá,26,M,4,Técnico/Tecnólogo,Empleado,6790000.0,Campaña digital,688.0,True,1,Android,hash_680913,0,0,21,1108,6,4,4,1,2,1,1,0.7619047619047619,0.1428571428571428,154.95238095238096,1.0,0.15997453812492,"Medio
(15-35%)"
CR001294,CL01191,2025-10-07,Crédito consumo digital,800000,18,0.0232,55000,Aliado,900,0.0299,Automática,Mora severa,0,1,88,0.8333333333333334,1,2023-09-05,Bogotá D.C.,Bogotá,37,F,4,Bachiller,Pensionado,1840000.0,App orgánico,612.0,False,3,Android,hash_251265,0,0,9,734,3,1,0,1,3,0,0,0.7777777777777778,0.1111111111111111,157.44444444444446,0.0,0.4227528605513853,"Alto
(35-60%)"
CR001295,CL01193,2026-02-05,Crédito consumo digital,1200000,12,0.0233,116000,Aliado,866,0.0396,Automática,Activo,0,0,0,0.6666666666666666,0,2024-05-14,Atlántico,Barranquilla,30,F,4,Técnico/Tecnólogo,Independiente,2930000.0,Aliado comercial,695.0,False,1,Android,hash_919282,0,0,10,647,2,3,1,0,1,0,2,0.7,0.1,211.2,0.3333333333333333,0.1838971552395135,"Medio
(15-35%)"
CR001296,CL01195,2024-08-07,Crédito consumo digital,1450000,6,0.0375,274000,Aliado,822,0.1015,Automática,Finalizado,0,0,0,1.0,0,2023-10-05,Antioquia,Medellín,20,M,5,Universitario,Empleado,2700000.0,Campaña digital,543.0,False,0,Web,hash_725497,0,0,7,424,2,1,1,1,0,0,2,0.4285714285714285,0.1428571428571428,202.57142857142856,1.0,0.4945228290842688,"Alto
(35-60%)"
CR001297,CL01199,2025-11-25,Avance de nómina,1800000,6,0.024,326000,Aliado,821,0.1331,Automática,Mora moderada,0,1,41,0.6,2,2025-07-19,Cundinamarca,Soacha,38,F,4,Universitario,Independiente,2450000.0,Campaña digital,577.0,True,1,Android,hash_453497,0,0,12,274,5,3,1,0,1,1,0,0.6666666666666666,0.3333333333333333,180.66666666666663,0.3333333333333333,0.6081189097199491,"Muy alto
(> 60%)"
CR001298,CL01199,2026-02-12,Microcrédito,1050000,18,0.0,74000,Aliado,863,0.0302,Automática,Activo,0,0,18,0.3333333333333333,1,2025-07-19,Cundinamarca,Soacha,38,F,4,Universitario,Independiente,2450000.0,Campaña digital,577.0,True,1,Android,hash_453497,0,0,12,274,5,3,1,0,1,1,0,0.6666666666666666,0.3333333333333333,180.66666666666663,0.3333333333333333,0.4648604794982471,"Alto
(35-60%)"
CR001299,CL01200,2025-07-26,Microcrédito,950000,12,0.0306,96000,Web,794,0.0578,Automática,Activo,0,0,9,0.8333333333333334,1,2024-12-13,Bogotá D.C.,Bogotá,50,M,2,Universitario,Conductor/Repartidor,1660000.0,App orgánico,555.0,False,2,Android,hash_761818,0,0,11,397,4,2,1,0,3,1,0,0.8181818181818182,0.1818181818181818,159.27272727272728,0.5,0.4976710398661718,"Alto
(35-60%)"
CR001300,CL01200,2025-12-18,Avance de nómina,350000,18,0.018,23000,App,810,0.0139,Automática,Activo,0,0,0,1.0,0,2024-12-13,Bogotá D.C.,Bogotá,50,M,2,Universitario,Conductor/Repartidor,1660000.0,App orgánico,555.0,False,2,Android,hash_761818,0,0,11,397,4,2,1,0,3,1,0,0.8181818181818182,0.1818181818181818,159.27272727272728,0.5,0.47095734410216816,"Alto
(35-60%)"
CR001301,CL01201,2025-10-08,Crédito consumo digital,450000,18,0.0322,33000,App,795,0.0136,Automática,Activo,0,0,22,0.8333333333333334,1,2023-08-21,Bogotá D.C.,Bogotá,37,F,2,Técnico/Tecnólogo,Conductor/Repartidor,2430000.0,Referido,547.0,True,1,Android,hash_824331,0,0,3,772,1,0,1,0,0,0,0,0.3333333333333333,0.6666666666666666,190.33333333333331,0.0,0.5745804961187182,"Alto
(35-60%)"
CR001302,CL01202,2025-11-10,Microcrédito,8600000,3,0.0302,3042000,Aliado,808,0.6805,Excepción,Mora severa,0,1,65,0.6666666666666666,1,2025-12-02,Atlántico,Barranquilla,32,M,4,Bachiller,Microempresario,4470000.0,Aliado comercial,679.0,False,0,Android,hash_560410,0,0,12,137,4,1,2,1,2,1,1,0.75,0.0833333333333333,142.66666666666666,2.0,0.39622354084100436,"Alto
(35-60%)"
CR001303,CL01203,2025-10-03,Crédito consumo digital,1050000,18,0.0385,82000,Aliado,694,0.1051,Automática,Activo,0,0,8,0.6666666666666666,2,2023-12-15,Tolima,Ibagué,37,M,2,Técnico/Tecnólogo,Desempleado,780000.0,Referido,448.0,False,1,Android,hash_920959,0,0,8,690,1,4,1,0,2,0,0,1.0,0.0,180.125,0.25,0.6275255906227071,"Muy alto
(> 60%)"
CR001304,CL01204,2026-01-09,Crédito consumo digital,5600000,18,0.0235,385000,Aliado,829,0.1024,Automática,Activo,0,0,0,0.75,0,2025-09-01,Atlántico,Barranquilla,41,F,3,Bachiller,Independiente,3760000.0,Referido,671.0,False,1,iOS,hash_985023,0,0,8,172,3,0,0,0,3,0,2,0.75,0.0,176.625,0.0,0.24226539564330607,"Medio
(15-35%)"
CR001305,CL01205,2024-09-10,Crédito libre inversión,3050000,9,0.0186,371000,Web,783,0.1775,Automática,Mora severa,0,1,74,0.6666666666666666,2,2023-06-30,Santander,Bucaramanga,36,F,2,Bachiller,Empleado,2090000.0,App orgánico,568.0,False,1,iOS,hash_950534,0,0,9,864,2,1,2,2,0,0,1,0.6666666666666666,0.0,174.22222222222223,2.0,0.5597464136308716,"Alto
(35-60%)"
CR001306,CL01207,2025-09-19,Crédito libre inversión,2050000,9,0.0315,265000,Web,878,0.096,Automática,Activo,0,0,25,0.8333333333333334,1,2024-05-28,Bogotá D.C.,Bogotá,29,M,4,Técnico/Tecnólogo,Independiente,2760000.0,Aliado comercial,666.0,True,0,Android,hash_736045,0,0,9,486,2,1,2,0,1,0,1,0.7777777777777778,0.1111111111111111,201.66666666666663,2.0,0.23410159113707418,"Medio
(15-35%)"
CR001307,CL01208,2025-05-07,Microcrédito,1700000,3,0.0348,607000,App,682,0.2362,Automática,Finalizado,0,0,11,0.6666666666666666,1,2023-07-08,Bogotá D.C.,Bogotá,29,M,1,Bachiller,Desempleado,760000.0,Aliado comercial,436.0,False,2,iOS,hash_198525,0,0,2,35,2,0,0,0,0,0,0,1.0,0.0,62.5,0.0,0.5419680159318281,"Alto
(35-60%)"
CR001308,CL01209,2025-04-29,Crédito consumo digital,950000,24,0.0293,56000,App,866,0.0206,Automática,Mora moderada,0,1,50,0.8333333333333334,1,2023-01-23,Bogotá D.C.,Bogotá,22,F,3,Bachiller,Independiente,2720000.0,App orgánico,564.0,True,2,Android,hash_137525,0,0,24,1056,9,1,3,1,4,2,2,0.75,0.125,163.16666666666666,3.0,0.5304969545390124,"Alto
(35-60%)"
CR001309,CL01209,2023-09-09,Microcrédito,3150000,3,0.0391,1133000,Aliado,807,0.4165,Manual,Finalizado,0,0,4,0.3333333333333333,2,2023-01-23,Bogotá D.C.,Bogotá,22,F,3,Bachiller,Independiente,2720000.0,App orgánico,564.0,True,2,Android,hash_137525,0,0,24,1056,9,1,3,1,4,2,2,0.75,0.125,163.16666666666666,3.0,0.5883171456114765,"Alto
(35-60%)"
CR001310,CL01210,2025-12-20,Crédito libre inversión,1100000,24,0.0206,59000,Aliado,732,0.0573,Automática,Activo,0,0,0,1.0,0,2025-10-25,Antioquia,Medellín,53,M,1,Universitario,Desempleado,1030000.0,Campaña digital,544.0,False,1,iOS,hash_149190,0,0,19,124,8,4,3,1,2,0,1,0.7894736842105263,0.1052631578947368,162.6315789473684,0.75,0.5587986498520647,"Alto
(35-60%)"
CR001311,CL01211,2025-03-12,Crédito libre inversión,4450000,9,0.0218,550000,App,753,0.3642,Manual,Mora severa,0,1,79,0.5,3,2024-05-26,Bolívar,Cartagena,24,M,3,Universitario,Conductor/Repartidor,1510000.0,App orgánico,499.0,False,1,Android,hash_372460,0,0,16,651,5,2,3,0,3,0,2,0.8125,0.0625,184.125,1.5,0.7989249613636847,"Muy alto
(> 60%)"
CR001312,CL01211,2025-11-29,Crédito consumo digital,1150000,24,0.0255,65000,App,769,0.043,Automática,Mora moderada,0,1,37,0.4,3,2024-05-26,Bolívar,Cartagena,24,M,3,Universitario,Conductor/Repartidor,1510000.0,App orgánico,499.0,False,1,Android,hash_372460,0,0,16,651,5,2,3,0,3,0,2,0.8125,0.0625,184.125,1.5,0.6580805645019033,"Muy alto
(> 60%)"
CR001313,CL01214,2024-04-26,Avance de nómina,550000,12,0.0308,56000,Web,900,0.0201,Automática,Finalizado,0,0,0,1.0,0,2024-01-01,Santander,Bucaramanga,45,M,3,Técnico/Tecnólogo,Empleado,2780000.0,Campaña digital,642.0,False,0,Android,hash_230877,0,0,21,785,8,3,1,0,6,1,0,0.7619047619047619,0.238095238095238,153.76190476190476,0.3333333333333333,0.2699679656278928,"Medio
(15-35%)"
CR001315,CL01214,2024-03-04,Crédito consumo digital,1700000,12,0.0253,166000,Aliado,882,0.0597,Automática,Finalizado,0,0,0,1.0,0,2024-01-01,Santander,Bucaramanga,45,M,3,Técnico/Tecnólogo,Empleado,2780000.0,Campaña digital,642.0,False,0,Android,hash_230877,0,0,21,785,8,3,1,0,6,1,0,0.7619047619047619,0.238095238095238,153.76190476190476,0.3333333333333333,0.22438053243770106,"Medio
(15-35%)"
CR001316,CL01215,2023-11-16,Crédito libre inversión,2850000,9,0.0263,360000,App,794,0.1731,Automática,Finalizado,0,0,0,1.0,0,2023-04-06,Atlántico,Barranquilla,33,F,5,Técnico/Tecnólogo,Independiente,2080000.0,Campaña digital,573.0,True,3,iOS,hash_720630,0,0,8,1029,2,3,1,1,0,0,1,0.75,0.0,144.75,0.3333333333333333,0.520363198928328,"Alto
(35-60%)"
CR001317,CL01216,2025-08-10,Crédito libre inversión,9800000,9,0.0223,1214000,App,877,0.2836,Automática,Activo,0,0,0,1.0,0,2024-11-17,Caldas,Manizales,48,F,5,Técnico/Tecnólogo,Conductor/Repartidor,4280000.0,Campaña digital,621.0,False,1,Android,hash_909977,0,0,17,408,10,1,1,0,4,1,0,0.9411764705882352,0.0588235294117647,172.23529411764707,1.0,0.2152045288815372,"Medio
(15-35%)"
CR001318,CL01216,2025-12-28,Microcrédito,3850000,6,0.0386,731000,App,871,0.1708,Automática,Activo,0,0,2,0.75,1,2024-11-17,Caldas,Manizales,48,F,5,Técnico/Tecnólogo,Conductor/Repartidor,4280000.0,Campaña digital,621.0,False,1,Android,hash_909977,0,0,17,408,10,1,1,0,4,1,0,0.9411764705882352,0.0588235294117647,172.23529411764707,1.0,0.19173031766967527,"Medio
(15-35%)"
CR001319,CL01217,2025-10-03,Microcrédito,6000000,6,0.0408,1148000,Aliado,765,0.4467,Manual,Finalizado,0,0,28,0.5,3,2024-06-27,Cundinamarca,Soacha,29,F,3,Bachiller,Microempresario,3240000.0,Aliado comercial,658.0,False,0,iOS,hash_385954,0,0,6,518,1,3,1,0,0,0,0,0.8333333333333334,0.1666666666666666,165.33333333333334,0.3333333333333333,0.416018684018376,"Alto
(35-60%)"
CR001320,CL01219,2026-01-22,Microcrédito,4450000,9,0.0335,581000,App,900,0.0937,Automática,Mora moderada,0,1,39,0.6666666666666666,1,2025-09-09,Valle del Cauca,Cali,28,F,6,Universitario,Comerciante,6200000.0,Referido,742.0,False,2,Android,hash_662162,0,0,21,219,4,1,5,2,3,3,1,0.6190476190476191,0.238095238095238,190.95238095238096,5.0,0.14111138289543518,"Bajo
(< 15%)"
CR001321,CL01219,2025-11-29,Crédito consumo digital,3600000,12,0.0258,353000,Aliado,900,0.0569,Automática,Activo,0,0,0,1.0,0,2025-09-09,Valle del Cauca,Cali,28,F,6,Universitario,Comerciante,6200000.0,Referido,742.0,False,2,Android,hash_662162,0,0,21,219,4,1,5,2,3,3,1,0.6190476190476191,0.238095238095238,190.95238095238096,5.0,0.11717588327983913,"Bajo
(< 15%)"
CR001322,CL01220,2024-06-06,Crédito consumo digital,500000,12,0.0374,52000,App,705,0.0416,Automática,Mora severa,0,1,39,0.3333333333333333,4,2023-05-02,Antioquia,Medellín,57,M,4,Técnico/Tecnólogo,Desempleado,1250000.0,Referido,518.0,False,3,Android,hash_480031,0,0,16,1059,4,2,4,1,2,0,1,0.8125,0.0625,200.125,2.0,0.6581301038004247,"Muy alto
(> 60%)"
CR001323,CL01220,2023-12-25,Crédito consumo digital,900000,9,0.0251,113000,App,723,0.0904,Automática,Mora moderada,0,1,40,0.3333333333333333,4,2023-05-02,Antioquia,Medellín,57,M,4,Técnico/Tecnólogo,Desempleado,1250000.0,Referido,518.0,False,3,Android,hash_480031,0,0,16,1059,4,2,4,1,2,0,1,0.8125,0.0625,200.125,2.0,0.6727078504354469,"Muy alto
(> 60%)"
CR001324,CL01221,2023-12-29,Crédito consumo digital,1500000,6,0.0389,285000,Aliado,828,0.0916,Automática,Finalizado,0,0,20,0.5,3,2023-07-14,Bogotá D.C.,Bogotá,24,F,3,Universitario,Conductor/Repartidor,3110000.0,App orgánico,575.0,False,0,iOS,hash_112850,0,0,12,891,7,2,2,0,0,0,0,0.9166666666666666,0.0833333333333333,175.75,1.0,0.40157941095597116,"Alto
(35-60%)"
CR001325,CL01221,2024-07-25,Crédito consumo digital,1250000,9,0.0287,160000,App,855,0.0514,Automática,Mora moderada,0,0,30,0.6666666666666666,2,2023-07-14,Bogotá D.C.,Bogotá,24,F,3,Universitario,Conductor/Repartidor,3110000.0,App orgánico,575.0,False,0,iOS,hash_112850,0,0,12,891,7,2,2,0,0,0,0,0.9166666666666666,0.0833333333333333,175.75,1.0,0.28817513361314634,"Medio
(15-35%)"
CR001326,CL01222,2025-04-16,Microcrédito,850000,6,0.0362,160000,App,699,0.1649,Automática,Finalizado,0,0,13,0.5,3,2024-05-18,Santander,Bucaramanga,39,F,4,Técnico/Tecnólogo,Desempleado,970000.0,Referido,501.0,False,1,iOS,hash_864236,0,0,14,700,2,2,1,2,2,1,1,0.6428571428571429,0.1428571428571428,130.14285714285714,0.5,0.6151681540629654,"Muy alto
(> 60%)"
CR001327,CL01224,2025-01-11,Crédito consumo digital,300000,12,0.0264,29000,App,766,0.058,Automática,Finalizado,0,0,0,1.0,0,2024-12-13,Bogotá D.C.,Bogotá,40,M,2,Técnico/Tecnólogo,Estudiante,500000.0,Campaña digital,477.0,False,1,Android,hash_884642,0,0,9,370,1,2,1,1,1,1,1,0.6666666666666666,0.1111111111111111,219.66666666666663,0.5,0.6095994277605866,"Muy alto
(> 60%)"
CR001328,CL01225,2025-07-25,Crédito consumo digital,1850000,6,0.0276,339000,Aliado,523,0.1389,Excepción,Finalizado,0,0,18,0.6666666666666666,2,2025-06-28,Bolívar,Cartagena,34,M,3,Técnico/Tecnólogo,Empleado,2440000.0,Aliado comercial,588.0,True,3,Android,hash_831951,1,0,9,248,1,1,1,0,2,0,1,0.7777777777777778,0.1111111111111111,103.55555555555556,1.0,0.4310028825669071,"Alto
(35-60%)"
CR001329,CL01226,2024-09-05,Crédito consumo digital,1600000,6,0.0265,292000,App,783,0.1321,Automática,Finalizado,0,0,26,0.8333333333333334,1,2023-02-08,Bogotá D.C.,Bogotá,35,M,2,Universitario,Empleado,2210000.0,Campaña digital,508.0,False,2,Android,hash_922343,0,0,10,1167,2,1,1,1,1,0,1,0.8,0.0,142.2,1.0,0.4909838934415484,"Alto
(35-60%)"
CR001330,CL01227,2024-01-16,Microcrédito,1800000,18,0.0333,135000,Call center,810,0.0443,Automática,Mora severa,0,0,0,1.0,0,2023-05-26,Cundinamarca,Soacha,36,M,4,Posgrado,Empleado,3050000.0,Campaña digital,581.0,True,3,Web,hash_224559,0,0,7,863,0,4,0,1,2,0,0,0.5714285714285714,0.2857142857142857,180.28571428571428,0.0,0.3757995611226053,"Alto
(35-60%)"
CR001331,CL01228,2024-12-14,Microcrédito,700000,12,0.0383,74000,App,692,0.1156,Automática,Finalizado,0,0,23,0.6666666666666666,2,2024-06-04,Antioquia,Medellín,35,M,1,Universitario,Estudiante,640000.0,Aliado comercial,457.0,False,4,Android,hash_935209,0,0,11,521,1,1,3,1,4,1,0,0.8181818181818182,0.0909090909090909,196.3636363636364,3.0,0.703031125103318,"Muy alto
(> 60%)"
CR001332,CL01229,2026-01-04,Crédito libre inversión,3400000,3,0.0204,1180000,App,873,0.3907,Manual,Finalizado,0,0,0,1.0,0,2024-12-22,Bogotá D.C.,Bogotá,46,F,2,Bachiller,Empleado,3020000.0,Aliado comercial,665.0,False,4,Android,hash_155421,0,0,7,381,2,1,2,0,2,0,0,1.0,0.0,205.28571428571428,2.0,0.2284318388128488,"Medio
(15-35%)"
CR001333,CL01230,2024-09-22,Microcrédito,5300000,6,0.0265,967000,Call center,779,0.3996,Manual,Mora moderada,0,1,42,0.6666666666666666,2,2023-05-11,Valle del Cauca,Cali,58,F,2,Sin información,Empleado,2420000.0,Campaña digital,592.0,False,0,Android,hash_652845,0,0,20,984,10,0,2,1,6,1,0,0.75,0.2,133.55,0.0,0.6398424135382981,"Muy alto
(> 60%)"
CR001334,CL01230,2023-10-01,Crédito libre inversión,5400000,24,0.0202,286000,Aliado,897,0.1182,Automática,Mora moderada,0,0,0,1.0,0,2023-05-11,Valle del Cauca,Cali,58,F,2,Sin información,Empleado,2420000.0,Campaña digital,592.0,False,0,Android,hash_652845,0,0,20,984,10,0,2,1,6,1,0,0.75,0.2,133.55,0.0,0.3968939041932235,"Alto
(35-60%)"
CR001335,CL01233,2024-11-14,Crédito consumo digital,1150000,24,0.0351,72000,App,900,0.0321,Automática,Activo,0,0,0,1.0,0,2024-10-23,Santander,Bucaramanga,75,F,3,Bachiller,Empleado,2240000.0,Campaña digital,705.0,True,0,iOS,hash_409169,0,0,8,448,1,2,2,0,2,1,0,0.875,0.125,90.25,1.0,0.20117445739519021,"Medio
(15-35%)"
CR001336,CL01234,2025-04-12,Crédito consumo digital,2350000,6,0.032,437000,App,783,0.1917,Automática,Finalizado,0,0,0,1.0,0,2025-01-19,Bogotá D.C.,Bogotá,62,M,1,Bachiller,Microempresario,2280000.0,Aliado comercial,598.0,False,0,Web,hash_814129,0,0,16,277,7,4,4,0,1,0,0,0.875,0.125,208.0,1.0,0.4061672759816614,"Alto
(35-60%)"
CR001337,CL01234,2025-12-13,Crédito consumo digital,1850000,24,0.0384,119000,Aliado,850,0.0522,Automática,Activo,0,0,0,0.8,0,2025-01-19,Bogotá D.C.,Bogotá,62,M,1,Bachiller,Microempresario,2280000.0,Aliado comercial,598.0,False,0,Web,hash_814129,0,0,16,277,7,4,4,0,1,0,0,0.875,0.125,208.0,1.0,0.3048072634702552,"Medio
(15-35%)"
CR001338,CL01235,2025-01-18,Crédito libre inversión,2600000,3,0.0307,920000,Aliado,852,0.3206,Automática,Finalizado,0,0,0,1.0,0,2024-06-17,Santander,Bucaramanga,28,M,3,Universitario,Empleado,2870000.0,Referido,635.0,False,3,Android,hash_940777,0,0,13,632,5,3,0,0,4,1,0,0.6923076923076923,0.3076923076923077,114.6153846153846,0.0,0.40545241105982316,"Alto
(35-60%)"
CR001339,CL01235,2026-02-11,Crédito consumo digital,2200000,6,0.037,416000,Call center,817,0.1449,Automática,Activo,0,0,0,0.6666666666666666,0,2024-06-17,Santander,Bucaramanga,28,M,3,Universitario,Empleado,2870000.0,Referido,635.0,False,3,Android,hash_940777,0,0,13,632,5,3,0,0,4,1,0,0.6923076923076923,0.3076923076923077,114.6153846153846,0.0,0.3479626132023668,"Medio
(15-35%)"
CR001340,CL01236,2025-05-22,Crédito consumo digital,550000,9,0.0214,68000,App,698,0.1046,Automática,Mora severa,0,1,63,0.6666666666666666,2,2024-05-24,Bogotá D.C.,Bogotá,52,M,3,Técnico/Tecnólogo,Estudiante,650000.0,App orgánico,586.0,False,1,Android,hash_721436,0,0,13,524,2,2,1,0,6,0,1,0.7692307692307693,0.1538461538461538,126.6923076923077,0.5,0.6183273497593471,"Muy alto
(> 60%)"
CR001341,CL01237,2025-07-12,Crédito consumo digital,2150000,6,0.0266,392000,App,900,0.1037,Automática,Finalizado,0,0,0,1.0,0,2025-12-10,Valle del Cauca,Cali,53,F,3,Técnico/Tecnólogo,Empleado,3780000.0,Campaña digital,703.0,True,2,Android,hash_590226,0,0,13,136,2,1,0,0,6,2,2,0.6923076923076923,0.1538461538461538,167.0,0.0,0.14262620168040166,"Bajo
(< 15%)"
CR001342,CL01237,2025-08-02,Microcrédito,3600000,6,0.0409,689000,App,889,0.1823,Automática,Finalizado,0,0,0,1.0,0,2025-12-10,Valle del Cauca,Cali,53,F,3,Técnico/Tecnólogo,Empleado,3780000.0,Campaña digital,703.0,True,2,Android,hash_590226,0,0,13,136,2,1,0,0,6,2,2,0.6923076923076923,0.1538461538461538,167.0,0.0,0.2140461570616424,"Medio
(15-35%)"
CR001343,CL01238,2025-04-30,Crédito consumo digital,1600000,6,0.0215,287000,App,900,0.0744,Automática,Finalizado,0,0,0,1.0,0,2024-03-29,Valle del Cauca,Cali,30,M,4,Técnico/Tecnólogo,Empleado,3860000.0,Campaña digital,649.0,False,0,Android,hash_172928,0,0,13,713,1,4,0,0,3,2,2,0.7692307692307693,0.0769230769230769,179.15384615384616,0.0,0.1702325106927667,"Medio
(15-35%)"
CR001344,CL01239,2025-09-21,Crédito consumo digital,950000,6,0.024,172000,Web,900,0.0669,Automática,Finalizado,0,0,0,1.0,0,2025-06-27,Valle del Cauca,Cali,42,F,3,Bachiller,Empleado,2950000.0,Aliado comercial,652.0,False,2,iOS,hash_484562,0,0,8,273,1,3,1,0,1,2,0,1.0,0.0,198.25,0.3333333333333333,0.15198244155298019,"Medio
(15-35%)"
CR001345,CL01240,2025-10-28,Microcrédito,2700000,3,0.0369,967000,App,782,0.3719,Manual,Mora moderada,0,0,30,0.6666666666666666,1,2025-12-20,Antioquia,Medellín,52,No informa,1,Bachiller,Comerciante,2600000.0,Campaña digital,576.0,False,1,Web,hash_150375,0,0,12,105,3,1,5,1,2,0,0,0.8333333333333334,0.0833333333333333,139.08333333333334,5.0,0.47782900217144897,"Alto
(35-60%)"
CR001346,CL01240,2025-09-07,Crédito consumo digital,1050000,9,0.0379,140000,App,825,0.0538,Automática,Mora moderada,0,1,50,0.8333333333333334,1,2025-12-20,Antioquia,Medellín,52,No informa,1,Bachiller,Comerciante,2600000.0,Campaña digital,576.0,False,1,Web,hash_150375,0,0,12,105,3,1,5,1,2,0,0,0.8333333333333334,0.0833333333333333,139.08333333333334,5.0,0.360731876142431,"Alto
(35-60%)"
CR001347,CL01241,2024-07-11,Microcrédito,1900000,9,0.0392,255000,Web,758,0.1294,Automática,Finalizado,0,0,21,0.3333333333333333,4,2023-05-13,Bogotá D.C.,Bogotá,32,F,3,Posgrado,Comerciante,1970000.0,Referido,565.0,False,2,iOS,hash_492445,0,0,12,922,3,1,4,0,2,1,0,0.9166666666666666,0.0833333333333333,107.75,4.0,0.4755978274539854,"Alto
(35-60%)"
CR001348,CL01242,2023-12-18,Microcrédito,1500000,3,0.0407,541000,Aliado,698,0.2245,Automática,Finalizado,0,0,4,0.3333333333333333,2,2023-07-07,Antioquia,Medellín,34,M,1,Bachiller,Empleado,2410000.0,Campaña digital,474.0,False,1,iOS,hash_355223,0,0,5,605,3,0,0,0,2,0,0,1.0,0.0,82.6,0.0,0.47895754395411894,"Alto
(35-60%)"
CR001349,CL01243,2025-06-13,Crédito libre inversión,3050000,9,0.0315,394000,App,856,0.1615,Automática,Mora moderada,0,1,45,0.8333333333333334,1,2025-05-19,Bolívar,Cartagena,30,F,1,Bachiller,Empleado,2440000.0,Referido,561.0,False,0,Web,hash_529318,0,0,10,322,1,3,1,0,2,2,1,0.8,0.1,161.6,0.3333333333333333,0.5792556325578664,"Alto
(35-60%)"
CR001350,CL01244,2023-04-11,Microcrédito,2250000,3,0.0379,808000,App,748,0.4321,Manual,Mora moderada,0,1,54,0.3333333333333333,2,2023-03-05,Bogotá D.C.,Bogotá,26,M,1,Posgrado,Independiente,1870000.0,Aliado comercial,564.0,False,3,Android,hash_174992,0,0,11,893,5,1,2,0,0,2,0,0.9090909090909092,0.0909090909090909,140.9090909090909,2.0,0.6023143172637105,"Muy alto
(> 60%)"
CR001351,CL01244,2023-06-04,Crédito libre inversión,3600000,12,0.0288,359000,Web,794,0.192,Automática,Mora moderada,0,1,43,0.3333333333333333,4,2023-03-05,Bogotá D.C.,Bogotá,26,M,1,Posgrado,Independiente,1870000.0,Aliado comercial,564.0,False,3,Android,hash_174992,0,0,11,893,5,1,2,0,0,2,0,0.9090909090909092,0.0909090909090909,140.9090909090909,2.0,0.6670680075271262,"Muy alto
(> 60%)"
CR001352,CL01246,2025-11-08,Avance de nómina,700000,6,0.0216,126000,App,820,0.049,Automática,Activo,0,0,0,0.8333333333333334,0,2024-04-21,Bogotá D.C.,Bogotá,24,M,2,Sin información,Empleado,2950000.0,App orgánico,526.0,True,4,Android,hash_938915,0,0,20,707,6,0,3,0,6,1,4,0.65,0.15,112.15,0.0,0.44085004181472903,"Alto
(35-60%)"
CR001353,CL01246,2024-08-18,Microcrédito,1650000,9,0.0375,219000,App,751,0.0852,Automática,Finalizado,0,0,15,0.8333333333333334,1,2024-04-21,Bogotá D.C.,Bogotá,24,M,2,Sin información,Empleado,2950000.0,App orgánico,526.0,True,4,Android,hash_938915,0,0,20,707,6,0,3,0,6,1,4,0.65,0.15,112.15,0.0,0.45135412932637786,"Alto
(35-60%)"
CR001354,CL01246,2024-05-27,Microcrédito,3000000,3,0.0352,1071000,App,706,0.4167,Manual,Finalizado,0,0,23,0.6666666666666666,1,2024-04-21,Bogotá D.C.,Bogotá,24,M,2,Sin información,Empleado,2950000.0,App orgánico,526.0,True,4,Android,hash_938915,0,0,20,707,6,0,3,0,6,1,4,0.65,0.15,112.15,0.0,0.49568726074305536,"Alto
(35-60%)"
CR001355,CL01247,2024-04-17,Crédito consumo digital,650000,12,0.0306,66000,App,856,0.0282,Automática,Mora moderada,0,0,0,1.0,0,2023-06-11,Atlántico,Barranquilla,36,M,1,Universitario,Empleado,2340000.0,Referido,596.0,True,2,Android,hash_656000,0,0,11,889,3,2,2,2,1,0,1,0.5454545454545454,0.1818181818181818,160.27272727272728,1.0,0.42590968398121426,"Alto
(35-60%)"
CR001356,CL01249,2023-05-17,Microcrédito,1350000,18,0.0372,104000,App,726,0.0963,Automática,Mora severa,0,0,15,0.8333333333333334,1,2023-02-23,Bogotá D.C.,Bogotá,38,M,5,Bachiller,Desempleado,1080000.0,App orgánico,544.0,True,0,Android,hash_459348,0,0,12,1057,5,2,2,0,2,0,1,0.75,0.1666666666666666,146.33333333333334,1.0,0.5799062881293449,"Alto
(35-60%)"
CR001357,CL01249,2025-03-23,Crédito libre inversión,650000,12,0.0179,61000,App,744,0.0565,Automática,Finalizado,0,0,0,1.0,0,2023-02-23,Bogotá D.C.,Bogotá,38,M,5,Bachiller,Desempleado,1080000.0,App orgánico,544.0,True,0,Android,hash_459348,0,0,12,1057,5,2,2,0,2,0,1,0.75,0.1666666666666666,146.33333333333334,1.0,0.5503893675178407,"Alto
(35-60%)"
CR001358,CL01250,2026-02-12,Crédito consumo digital,950000,6,0.0253,173000,App,609,0.0896,Manual,Activo,0,0,0,0.6666666666666666,0,2025-11-02,Antioquia,Medellín,20,F,2,Técnico/Tecnólogo,Empleado,1930000.0,Referido,588.0,False,2,Web,hash_951787,1,0,7,141,4,1,0,0,1,0,1,0.4285714285714285,0.4285714285714285,121.14285714285714,0.0,0.5912415981556555,"Alto
(35-60%)"
CR001359,CL01252,2025-11-11,Microcrédito,1400000,9,0.0376,186000,Web,790,0.0974,Automática,Activo,0,0,8,0.6666666666666666,1,2025-03-27,Norte de Santander,Cúcuta,44,M,2,Técnico/Tecnólogo,Empleado,1910000.0,Referido,514.0,False,1,Web,hash_289939,0,0,11,249,2,2,2,0,2,2,1,0.8181818181818182,0.0909090909090909,138.36363636363637,1.0,0.47844486931970165,"Alto
(35-60%)"
CR001360,CL01252,2025-10-30,Crédito consumo digital,1150000,6,0.0324,214000,App,900,0.112,Automática,Finalizado,0,0,16,0.6666666666666666,2,2025-03-27,Norte de Santander,Cúcuta,44,M,2,Técnico/Tecnólogo,Empleado,1910000.0,Referido,514.0,False,1,Web,hash_289939,0,0,11,249,2,2,2,0,2,2,1,0.8181818181818182,0.0909090909090909,138.36363636363637,1.0,0.33692244357959517,"Medio
(15-35%)"
CR001361,CL01253,2024-02-16,Crédito consumo digital,1050000,6,0.0377,199000,Aliado,814,0.0732,Automática,Finalizado,0,0,2,0.8333333333333334,1,2023-09-29,Valle del Cauca,Cali,19,F,2,Universitario,Empleado,2720000.0,Campaña digital,685.0,False,2,iOS,hash_826844,0,0,10,508,3,2,0,1,2,2,0,0.8,0.1,173.9,0.0,0.34217580728193503,"Medio
(15-35%)"
CR001362,CL01254,2025-03-24,Microcrédito,2550000,12,0.0286,254000,Web,853,0.0638,Automática,Mora moderada,0,1,45,0.5,3,2023-08-31,Valle del Cauca,Cali,40,F,2,Universitario,Microempresario,3980000.0,Aliado comercial,644.0,False,3,Android,hash_334891,0,0,13,943,2,1,2,0,2,2,2,0.7692307692307693,0.0769230769230769,135.53846153846155,2.0,0.4156725032405756,"Alto
(35-60%)"
CR001363,CL01256,2023-04-28,Avance de nómina,2200000,6,0.0256,400000,App,849,0.125,Automática,Finalizado,0,0,5,0.8333333333333334,1,2023-04-04,Antioquia,Medellín,24,F,3,Bachiller,Conductor/Repartidor,3200000.0,App orgánico,580.0,True,2,Android,hash_292848,0,0,9,917,2,0,0,1,3,1,2,0.6666666666666666,0.0,225.22222222222223,0.0,0.3543008629776483,"Alto
(35-60%)"
CR001364,CL01258,2024-03-17,Avance de nómina,700000,6,0.0269,128000,App,795,0.1,Automática,Finalizado,0,0,6,0.8333333333333334,1,2023-08-02,Bolívar,Cartagena,40,M,3,Bachiller,Independiente,1280000.0,Aliado comercial,517.0,False,3,iOS,hash_585089,0,0,11,840,6,0,2,1,2,0,0,0.9090909090909092,0.0,154.8181818181818,0.0,0.5562013806057684,"Alto
(35-60%)"
CR001365,CL01259,2025-05-31,Crédito consumo digital,4900000,12,0.0332,502000,Call center,900,0.0864,Automática,Activo,0,0,0,1.0,0,2024-08-13,Bogotá D.C.,Bogotá,29,M,3,Bachiller,Conductor/Repartidor,5810000.0,Campaña digital,707.0,False,0,Android,hash_670845,0,0,9,322,3,0,0,0,3,1,1,0.6666666666666666,0.2222222222222222,146.66666666666666,0.0,0.16285825483271135,"Medio
(15-35%)"
CR001366,CL01260,2025-08-05,Crédito libre inversión,2650000,18,0.02,177000,App,900,0.043,Automática,Activo,0,0,0,1.0,0,2025-08-19,Valle del Cauca,Cali,35,M,4,Sin información,Comerciante,4120000.0,Referido,694.0,False,0,iOS,hash_821180,0,0,23,230,10,2,4,1,3,1,1,0.6956521739130435,0.217391304347826,182.34782608695653,2.0,0.13115226240464264,"Bajo
(< 15%)"
CR001367,CL01260,2026-01-26,Crédito consumo digital,1150000,12,0.037,120000,Aliado,900,0.0291,Automática,Activo,0,0,0,1.0,0,2025-08-19,Valle del Cauca,Cali,35,M,4,Sin información,Comerciante,4120000.0,Referido,694.0,False,0,iOS,hash_821180,0,0,23,230,10,2,4,1,3,1,1,0.6956521739130435,0.217391304347826,182.34782608695653,2.0,0.15161141955359642,"Medio
(15-35%)"
CR001368,CL01260,2025-07-25,Crédito libre inversión,10400000,6,0.0309,1926000,App,825,0.4675,Manual,Finalizado,0,0,0,1.0,0,2025-08-19,Valle del Cauca,Cali,35,M,4,Sin información,Comerciante,4120000.0,Referido,694.0,False,0,iOS,hash_821180,0,0,23,230,10,2,4,1,3,1,1,0.6956521739130435,0.217391304347826,182.34782608695653,2.0,0.32249036477362736,"Medio
(15-35%)"
CR001369,CL01261,2024-03-10,Crédito consumo digital,1750000,12,0.0297,175000,App,837,0.0745,Automática,Mora severa,0,1,60,0.6666666666666666,2,2023-09-26,Antioquia,Medellín,42,F,3,Técnico/Tecnólogo,Microempresario,2350000.0,App orgánico,536.0,False,3,iOS,hash_151940,0,0,8,871,3,0,0,0,2,2,1,0.75,0.125,211.625,0.0,0.4210040265222378,"Alto
(35-60%)"
CR001370,CL01262,2025-08-04,Crédito consumo digital,4750000,6,0.0275,870000,App,900,0.1299,Automática,Finalizado,0,0,2,0.8333333333333334,1,2024-09-11,Antioquia,Medellín,37,F,5,Técnico/Tecnólogo,Empleado,6700000.0,Campaña digital,806.0,False,1,Android,hash_228491,0,0,19,466,7,2,3,0,2,0,3,0.6842105263157895,0.1578947368421052,150.94736842105263,1.5,0.14597825907755088,"Bajo
(< 15%)"
CR001371,CL01262,2025-12-15,Microcrédito,2600000,24,0.0299,153000,Call center,900,0.0228,Automática,Activo,0,0,0,0.8,0,2024-09-11,Antioquia,Medellín,37,F,5,Técnico/Tecnólogo,Empleado,6700000.0,Campaña digital,806.0,False,1,Android,hash_228491,0,0,19,466,7,2,3,0,2,0,3,0.6842105263157895,0.1578947368421052,150.94736842105263,1.5,0.1340563154048335,"Bajo
(< 15%)"
CR001372,CL01263,2025-06-16,Crédito consumo digital,2200000,12,0.0345,227000,App,855,0.0692,Automática,Activo,0,0,0,1.0,0,2023-09-12,Cundinamarca,Soacha,41,No informa,4,Sin información,Conductor/Repartidor,3280000.0,Aliado comercial,539.0,True,4,Android,hash_553192,0,0,5,512,1,1,2,0,0,0,0,0.8,0.2,150.0,2.0,0.3559777193843786,"Alto
(35-60%)"
CR001373,CL01264,2026-01-21,Crédito consumo digital,1000000,9,0.0267,126000,App,816,0.067,Automática,Activo,0,0,9,0.6666666666666666,1,2024-08-18,Bolívar,Cartagena,27,F,1,Bachiller,Empleado,1880000.0,Campaña digital,617.0,False,1,Android,hash_412279,0,0,7,540,3,2,0,0,2,0,0,1.0,0.0,80.42857142857143,0.0,0.31391438257107857,"Medio
(15-35%)"
CR001374,CL01266,2025-10-02,Crédito libre inversión,5650000,9,0.0174,684000,Aliado,844,0.2288,Automática,Mora severa,0,1,83,0.5,3,2024-07-25,Antioquia,Medellín,22,M,2,Universitario,Empleado,2990000.0,App orgánico,500.0,False,2,iOS,hash_698685,0,0,15,606,5,1,1,3,1,1,3,0.6,0.0,173.86666666666667,1.0,0.5353555605730126,"Alto
(35-60%)"
CR001375,CL01266,2025-04-07,Crédito consumo digital,1750000,18,0.0353,133000,Call center,845,0.0445,Automática,Activo,0,0,25,0.6666666666666666,2,2024-07-25,Antioquia,Medellín,22,M,2,Universitario,Empleado,2990000.0,App orgánico,500.0,False,2,iOS,hash_698685,0,0,15,606,5,1,1,3,1,1,3,0.6,0.0,173.86666666666667,1.0,0.3606088398963799,"Alto
(35-60%)"
CR001376,CL01267,2025-12-26,Crédito consumo digital,2950000,18,0.0266,208000,App,865,0.0448,Automática,Activo,0,0,0,1.0,0,2024-06-13,Cundinamarca,Soacha,35,M,5,Bachiller,Microempresario,4640000.0,Campaña digital,637.0,False,1,Android,hash_642086,0,0,13,515,4,1,1,1,4,1,1,0.8461538461538461,0.0,148.69230769230768,1.0,0.1754074348930024,"Medio
(15-35%)"
CR001377,CL01268,2025-12-26,Crédito libre inversión,6350000,18,0.0216,429000,Web,873,0.1292,Automática,Mora moderada,0,1,33,0.75,1,2024-03-31,Bolívar,Cartagena,27,M,2,Sin información,Independiente,3320000.0,Aliado comercial,599.0,False,0,iOS,hash_714505,0,0,8,574,2,1,1,1,1,1,1,0.625,0.125,172.125,1.0,0.38020348906154483,"Alto
(35-60%)"
CR001378,CL01269,2024-09-07,Crédito consumo digital,400000,12,0.0229,39000,Aliado,749,0.0513,Automática,Finalizado,0,0,20,0.5,3,2023-08-02,Caldas,Manizales,29,F,3,Universitario,Desempleado,760000.0,App orgánico,505.0,False,1,Android,hash_301168,0,0,11,833,5,1,1,0,2,1,0,0.6363636363636364,0.3636363636363636,253.3636363636364,1.0,0.6690068222093708,"Muy alto
(> 60%)"
CR001379,CL01270,2025-01-08,Crédito consumo digital,3400000,24,0.0311,203000,Aliado,900,0.0505,Automática,Activo,0,0,21,0.8333333333333334,1,2024-01-31,Bogotá D.C.,Bogotá,48,M,3,Técnico/Tecnólogo,Microempresario,4020000.0,Campaña digital,704.0,False,2,iOS,hash_132894,0,0,5,473,1,0,0,1,2,0,1,0.6,0.0,162.0,0.0,0.14092193972094358,"Bajo
(< 15%)"
CR001380,CL01270,2025-11-18,Crédito consumo digital,2100000,6,0.0296,387000,App,900,0.0963,Automática,Activo,0,0,0,1.0,0,2024-01-31,Bogotá D.C.,Bogotá,48,M,3,Técnico/Tecnólogo,Microempresario,4020000.0,Campaña digital,704.0,False,2,iOS,hash_132894,0,0,5,473,1,0,0,1,2,0,1,0.6,0.0,162.0,0.0,0.1648353649374859,"Medio
(15-35%)"
CR001381,CL01271,2025-07-14,Microcrédito,4700000,6,0.035,882000,App,900,0.1913,Automática,Finalizado,0,0,0,1.0,0,2023-01-29,Bogotá D.C.,Bogotá,47,M,2,Sin información,Comerciante,4610000.0,Aliado comercial,704.0,True,2,Android,hash_846958,0,0,8,955,3,1,3,0,1,0,0,0.875,0.125,213.75,3.0,0.16421890586098675,"Medio
(15-35%)"
CR001382,CL01272,2024-04-25,Crédito libre inversión,2150000,6,0.0298,397000,Web,737,0.3254,Automática,Mora severa,0,1,108,0.6666666666666666,2,2023-04-17,Bolívar,Cartagena,42,F,2,Técnico/Tecnólogo,Estudiante,1220000.0,App orgánico,540.0,True,2,iOS,hash_261754,0,0,9,918,3,0,1,0,3,0,2,0.5555555555555556,0.2222222222222222,135.66666666666666,0.0,0.7322712388718279,"Muy alto
(> 60%)"
CR001383,CL01273,2025-02-12,Crédito consumo digital,950000,18,0.0201,63000,App,900,0.0227,Automática,Activo,0,0,16,0.8333333333333334,1,2024-01-04,Bogotá D.C.,Bogotá,25,F,2,Bachiller,Conductor/Repartidor,2770000.0,Campaña digital,580.0,True,2,Android,hash_125294,0,0,22,783,9,3,2,1,4,0,3,0.7727272727272727,0.0454545454545454,147.8181818181818,0.6666666666666666,0.3251205064434675,"Medio
(15-35%)"
CR001384,CL01273,2025-07-13,Crédito consumo digital,2050000,18,0.0348,155000,App,900,0.056,Automática,Activo,0,0,0,1.0,0,2024-01-04,Bogotá D.C.,Bogotá,25,F,2,Bachiller,Conductor/Repartidor,2770000.0,Campaña digital,580.0,True,2,Android,hash_125294,0,0,22,783,9,3,2,1,4,0,3,0.7727272727272727,0.0454545454545454,147.8181818181818,0.6666666666666666,0.29527419310662256,"Medio
(15-35%)"
CR001385,CL01273,2025-12-23,Microcrédito,1600000,18,0.0293,116000,App,767,0.0419,Automática,Activo,0,0,0,1.0,0,2024-01-04,Bogotá D.C.,Bogotá,25,F,2,Bachiller,Conductor/Repartidor,2770000.0,Campaña digital,580.0,True,2,Android,hash_125294,0,0,22,783,9,3,2,1,4,0,3,0.7727272727272727,0.0454545454545454,147.8181818181818,0.6666666666666666,0.48994436905289346,"Alto
(35-60%)"
CR001386,CL01274,2025-10-26,Crédito libre inversión,2950000,3,0.0266,1036000,App,776,0.3754,Manual,Finalizado,0,0,0,1.0,0,2025-01-13,Norte de Santander,Cúcuta,33,F,4,Técnico/Tecnólogo,Independiente,2760000.0,Aliado comercial,663.0,False,3,iOS,hash_891815,0,0,13,407,5,0,1,1,4,0,2,0.6153846153846154,0.1538461538461538,147.0,0.0,0.3892670327916242,"Alto
(35-60%)"
CR001387,CL01275,2024-02-07,Crédito libre inversión,1800000,9,0.0215,222000,Aliado,866,0.0851,Automática,Finalizado,0,0,0,1.0,0,2023-03-07,Caldas,Manizales,48,M,4,Bachiller,Comerciante,2610000.0,Campaña digital,697.0,True,1,Android,hash_864510,0,0,15,1059,7,4,0,0,2,1,0,0.9333333333333332,0.0666666666666666,178.93333333333334,0.0,0.21690350476601797,"Medio
(15-35%)"
CR001388,CL01275,2024-10-27,Crédito libre inversión,5550000,12,0.0278,550000,Aliado,824,0.2107,Automática,Finalizado,0,0,0,1.0,0,2023-03-07,Caldas,Manizales,48,M,4,Bachiller,Comerciante,2610000.0,Campaña digital,697.0,True,1,Android,hash_864510,0,0,15,1059,7,4,0,0,2,1,0,0.9333333333333332,0.0666666666666666,178.93333333333334,0.0,0.2779430447322777,"Medio
(15-35%)"
CR001389,CL01276,2025-12-17,Microcrédito,2950000,6,0.0291,543000,Call center,832,0.1296,Automática,Activo,0,0,13,0.75,1,2025-07-02,Bogotá D.C.,Bogotá,37,F,3,Bachiller,Empleado,4190000.0,App orgánico,551.0,False,3,Web,hash_718644,0,0,10,223,3,0,4,0,3,0,0,0.7,0.3,171.6,0.0,0.48090574086187116,"Alto
(35-60%)"
CR001390,CL01277,2025-07-23,Avance de nómina,300000,3,0.0216,104000,App,758,0.1405,Automática,Mora severa,0,1,60,0.6666666666666666,1,2024-01-07,Santander,Bucaramanga,59,M,3,Bachiller,Pensionado,740000.0,Referido,545.0,False,4,Web,hash_518494,0,0,9,673,5,1,0,0,1,0,1,0.8888888888888888,0.0,186.22222222222223,0.0,0.5866277638208526,"Alto
(35-60%)"
CR001391,CL01279,2025-11-02,Microcrédito,1750000,12,0.0402,187000,Aliado,755,0.1062,Automática,Mora moderada,0,1,46,0.3333333333333333,3,2025-09-09,Antioquia,Medellín,38,M,3,Técnico/Tecnólogo,Pensionado,1760000.0,Referido,521.0,False,0,Android,hash_101076,0,0,10,150,2,2,1,0,4,0,0,0.7,0.3,76.0,0.5,0.6258107111998022,"Muy alto
(> 60%)"
CR001393,CL01282,2025-11-12,Crédito libre inversión,1950000,9,0.0269,247000,Web,574,0.358,Manual,Mora moderada,0,1,31,0.1666666666666666,4,2024-02-01,Santander,Bucaramanga,34,M,2,Sin información,Desempleado,690000.0,Aliado comercial,397.0,False,1,Android,hash_671097,0,0,8,704,2,1,0,0,2,1,0,0.75,0.25,143.5,0.0,0.7446602047615434,"Muy alto
(> 60%)"
CR001395,CL01283,2025-09-29,Crédito consumo digital,1300000,6,0.0235,235000,App,766,0.1257,Automática,Finalizado,0,0,7,0.8333333333333334,1,2025-11-17,Valle del Cauca,Cali,43,F,3,Técnico/Tecnólogo,Empleado,1870000.0,Campaña digital,527.0,False,0,Android,hash_237011,0,0,19,143,6,2,2,1,4,1,2,0.7368421052631579,0.1052631578947368,177.78947368421052,1.0,0.5066957824927952,"Alto
(35-60%)"
CR001396,CL01284,2025-08-01,Crédito consumo digital,4150000,24,0.0237,229000,App,900,0.0631,Automática,Activo,0,0,0,1.0,0,2023-03-17,Bogotá D.C.,Bogotá,46,F,1,Universitario,Empleado,3630000.0,Aliado comercial,702.0,False,1,Android,hash_765916,0,0,17,906,4,1,2,0,5,0,4,0.4705882352941176,0.2941176470588235,143.11764705882354,2.0,0.22304364646185554,"Medio
(15-35%)"
CR001397,CL01284,2025-01-18,Crédito libre inversión,7150000,12,0.0257,700000,Call center,890,0.1928,Automática,Finalizado,0,0,0,1.0,0,2023-03-17,Bogotá D.C.,Bogotá,46,F,1,Universitario,Empleado,3630000.0,Aliado comercial,702.0,False,1,Android,hash_765916,0,0,17,906,4,1,2,0,5,0,4,0.4705882352941176,0.2941176470588235,143.11764705882354,2.0,0.2735316364689895,"Medio
(15-35%)"
CR001398,CL01285,2025-11-28,Crédito libre inversión,4150000,6,0.033,774000,Aliado,895,0.2037,Automática,Activo,0,0,0,1.0,0,2025-04-13,Bogotá D.C.,Bogotá,28,M,3,Bachiller,Comerciante,3800000.0,Referido,656.0,False,0,Android,hash_168858,0,0,14,335,3,1,3,1,4,1,1,0.7142857142857143,0.1428571428571428,160.5,3.0,0.2878305338462834,"Medio
(15-35%)"
CR001399,CL01285,2025-09-22,Avance de nómina,1500000,3,0.0199,520000,App,900,0.1368,Automática,Finalizado,0,0,0,1.0,0,2025-04-13,Bogotá D.C.,Bogotá,28,M,3,Bachiller,Comerciante,3800000.0,Referido,656.0,False,0,Android,hash_168858,0,0,14,335,3,1,3,1,4,1,1,0.7142857142857143,0.1428571428571428,160.5,3.0,0.22158791914730355,"Medio
(15-35%)"
CR001400,CL01286,2026-01-08,Crédito libre inversión,1450000,12,0.0265,143000,App,857,0.0556,Automática,Activo,0,0,0,0.75,0,2025-03-09,Bogotá D.C.,Bogotá,23,F,2,Bachiller,Empleado,2950000.0,Call center,505.0,True,2,Android,hash_533995,0,0,10,227,3,4,0,1,2,0,0,0.8,0.1,158.2,0.0,0.3907772725844791,"Alto
(35-60%)"
CR001401,CL01287,2025-09-14,Crédito consumo digital,1750000,6,0.0331,326000,App,792,0.1567,Automática,Mora moderada,0,1,45,0.3333333333333333,4,2023-09-04,Antioquia,Medellín,19,M,1,Universitario,Conductor/Repartidor,2080000.0,App orgánico,496.0,False,1,Android,hash_115009,0,0,5,724,2,0,2,0,0,0,1,0.4,0.4,292.4,0.0,0.7045288462212657,"Muy alto
(> 60%)"
CR001403,CL01288,2025-10-05,Crédito consumo digital,2050000,6,0.0361,386000,App,803,0.1322,Automática,Finalizado,0,0,0,1.0,0,2025-08-04,Norte de Santander,Cúcuta,41,M,3,Posgrado,Microempresario,2920000.0,App orgánico,597.0,False,0,Android,hash_245939,0,0,20,260,7,2,2,1,4,1,3,0.7,0.1,172.5,1.0,0.3483500726161929,"Medio
(15-35%)"
CR001404,CL01289,2026-01-21,Crédito libre inversión,2700000,3,0.0308,956000,App,646,0.6978,Excepción,Finalizado,0,0,16,0.0,3,2025-02-11,Bogotá D.C.,Bogotá,25,F,1,Bachiller,Comerciante,1370000.0,App orgánico,457.0,False,1,Android,hash_592558,0,0,9,290,5,0,2,0,0,0,2,0.7777777777777778,0.0,206.11111111111111,0.0,0.6583876367815674,"Muy alto
(> 60%)"
CR001405,CL01290,2025-08-04,Crédito consumo digital,850000,12,0.0214,81000,Call center,733,0.0455,Automática,Mora severa,0,1,85,0.1666666666666666,5,2023-05-06,Bolívar,Cartagena,19,M,2,Bachiller,Conductor/Repartidor,1780000.0,App orgánico,370.0,False,2,Web,hash_823911,0,0,15,826,4,6,1,0,0,2,2,0.6666666666666666,0.2,185.7333333333333,0.1666666666666666,0.6885022950075188,"Muy alto
(> 60%)"
CR001406,CL01290,2024-09-17,Microcrédito,3000000,18,0.0407,238000,Web,694,0.1337,Automática,Mora moderada,0,0,28,0.1666666666666666,5,2023-05-06,Bolívar,Cartagena,19,M,2,Bachiller,Conductor/Repartidor,1780000.0,App orgánico,370.0,False,2,Web,hash_823911,0,0,15,826,4,6,1,0,0,2,2,0.6666666666666666,0.2,185.7333333333333,0.1666666666666666,0.7285668167754327,"Muy alto
(> 60%)"
CR001407,CL01291,2025-09-23,Avance de nómina,250000,9,0.0234,31000,App,739,0.05,Automática,Activo,0,0,9,0.8333333333333334,1,2025-04-04,Santander,Bucaramanga,40,F,2,Bachiller,Desempleado,620000.0,App orgánico,524.0,False,3,Android,hash_735536,0,0,11,326,4,3,2,1,0,0,1,0.8181818181818182,0.0,204.45454545454547,0.6666666666666666,0.5552196312170323,"Alto
(35-60%)"
CR001408,CL01294,2025-05-23,Microcrédito,850000,12,0.025,83000,Aliado,724,0.0585,Automática,Activo,0,0,22,0.8333333333333334,1,2025-07-25,Bogotá D.C.,Bogotá,44,M,2,Universitario,Estudiante,1420000.0,App orgánico,521.0,False,1,Android,hash_853222,0,0,17,223,6,2,1,0,6,0,2,0.7058823529411765,0.1764705882352941,144.8235294117647,0.5,0.5824313815906068,"Alto
(35-60%)"
CR001409,CL01294,2025-05-31,Avance de nómina,650000,6,0.0223,117000,Web,787,0.0824,Automática,Finalizado,0,0,0,1.0,0,2025-07-25,Bogotá D.C.,Bogotá,44,M,2,Universitario,Estudiante,1420000.0,App orgánico,521.0,False,1,Android,hash_853222,0,0,17,223,6,2,1,0,6,0,2,0.7058823529411765,0.1764705882352941,144.8235294117647,0.5,0.5295961846164638,"Alto
(35-60%)"
CR001410,CL01294,2025-10-20,Crédito libre inversión,3700000,9,0.0295,474000,App,751,0.3338,Automática,Mora moderada,0,1,39,0.3333333333333333,4,2025-07-25,Bogotá D.C.,Bogotá,44,M,2,Universitario,Estudiante,1420000.0,App orgánico,521.0,False,1,Android,hash_853222,0,0,17,223,6,2,1,0,6,0,2,0.7058823529411765,0.1764705882352941,144.8235294117647,0.5,0.7594696571390576,"Muy alto
(> 60%)"
CR001411,CL01295,2024-12-31,Crédito consumo digital,1600000,12,0.02,151000,App,891,0.0377,Automática,Finalizado,0,0,0,1.0,0,2023-05-08,Atlántico,Barranquilla,37,F,2,Bachiller,Empleado,4010000.0,Referido,606.0,False,2,Android,hash_647403,0,0,8,927,0,2,0,0,2,0,2,0.75,0.0,171.125,0.0,0.20401040461791736,"Medio
(15-35%)"
CR001412,CL01296,2025-10-25,Crédito consumo digital,2200000,6,0.0361,414000,App,810,0.124,Automática,Finalizado,0,0,22,0.8333333333333334,1,2024-07-20,Atlántico,Barranquilla,35,F,2,Técnico/Tecnólogo,Empleado,3340000.0,App orgánico,543.0,True,0,Android,hash_991293,0,0,8,486,1,2,1,0,1,2,1,0.75,0.125,120.125,0.5,0.42386511279173883,"Alto
(35-60%)"
CR001413,CL01297,2025-08-19,Crédito consumo digital,700000,18,0.0259,49000,Web,798,0.0462,Automática,Activo,0,0,0,1.0,0,2024-09-01,Cundinamarca,Soacha,45,M,3,Universitario,Empleado,1060000.0,Call center,577.0,False,0,Web,hash_720877,0,0,9,415,3,1,1,1,1,0,0,0.8888888888888888,0.0,177.88888888888889,1.0,0.4470536329069158,"Alto
(35-60%)"
CR001414,CL01299,2025-12-08,Crédito libre inversión,2150000,6,0.0318,399000,App,848,0.1669,Automática,Activo,0,0,0,0.8,0,2024-08-09,Valle del Cauca,Cali,39,F,3,Sin información,Empleado,2390000.0,Campaña digital,579.0,False,1,Android,hash_677697,0,0,3,313,0,0,0,1,1,0,0,0.3333333333333333,0.3333333333333333,128.0,0.0,0.5286325140430119,"Alto
(35-60%)"
CR001415,CL01300,2025-12-21,Crédito libre inversión,2150000,9,0.0182,261000,Web,760,0.3262,Automática,Mora moderada,0,1,57,0.25,3,2025-03-18,Bogotá D.C.,Bogotá,39,M,2,Bachiller,Independiente,800000.0,App orgánico,502.0,False,2,Android,hash_170160,0,0,15,323,5,0,3,0,4,0,2,0.6,0.2666666666666666,171.86666666666667,0.0,0.7914760290601641,"Muy alto
(> 60%)"
CR001417,CL01302,2025-05-15,Avance de nómina,1000000,6,0.0263,182000,Aliado,855,0.0613,Automática,Mora moderada,0,1,32,0.8333333333333334,1,2024-05-22,Norte de Santander,Cúcuta,46,F,4,Bachiller,Conductor/Repartidor,2970000.0,Campaña digital,609.0,False,1,Android,hash_841693,0,0,6,530,2,0,1,0,2,0,1,0.8333333333333334,0.0,106.33333333333331,0.0,0.4189008397182167,"Alto
(35-60%)"
CR001418,CL01303,2025-08-26,Avance de nómina,750000,6,0.0277,137000,Web,755,0.0617,Automática,Mora moderada,0,1,35,0.5,3,2023-08-09,Santander,Bucaramanga,34,F,3,Técnico/Tecnólogo,Empleado,2220000.0,App orgánico,518.0,True,3,Android,hash_357177,0,0,20,926,7,4,1,0,5,2,1,0.9,0.05,135.65,0.25,0.5856804630704127,"Alto
(35-60%)"
CR001419,CL01303,2024-01-04,Crédito libre inversión,6250000,6,0.0333,1166000,App,827,0.5252,Manual,Mora moderada,0,1,42,0.8333333333333334,1,2023-08-09,Santander,Bucaramanga,34,F,3,Técnico/Tecnólogo,Empleado,2220000.0,App orgánico,518.0,True,3,Android,hash_357177,0,0,20,926,7,4,1,0,5,2,1,0.9,0.05,135.65,0.25,0.6491842614205666,"Muy alto
(> 60%)"
CR001420,CL01303,2025-07-05,Crédito consumo digital,1650000,12,0.0308,167000,Web,824,0.0752,Automática,Activo,0,0,23,0.6666666666666666,2,2023-08-09,Santander,Bucaramanga,34,F,3,Técnico/Tecnólogo,Empleado,2220000.0,App orgánico,518.0,True,3,Android,hash_357177,0,0,20,926,7,4,1,0,5,2,1,0.9,0.05,135.65,0.25,0.4180623721709499,"Alto
(35-60%)"
CR001421,CL01304,2025-08-14,Microcrédito,2700000,9,0.0427,368000,Web,721,0.1432,Automática,Mora moderada,0,1,49,0.5,3,2024-03-05,Bogotá D.C.,Bogotá,28,M,3,Sin información,Desempleado,760000.0,Campaña digital,490.0,False,1,Android,hash_570258,0,0,11,679,1,4,1,2,2,0,0,0.6363636363636364,0.1818181818181818,145.9090909090909,0.25,0.7695361988140678,"Muy alto
(> 60%)"
CR001422,CL01306,2025-08-08,Avance de nómina,1450000,12,0.0291,145000,Web,846,0.0363,Automática,Activo,0,0,0,1.0,0,2025-09-26,Cundinamarca,Soacha,27,M,5,Universitario,Empleado,3990000.0,App orgánico,623.0,False,1,Android,hash_713143,0,0,17,197,5,0,3,0,5,1,1,0.8235294117647058,0.1176470588235294,212.64705882352945,0.0,0.17491627568933832,"Medio
(15-35%)"
CR001423,CL01306,2025-12-09,Crédito consumo digital,2500000,9,0.0355,329000,App,900,0.0825,Automática,Activo,0,0,0,0.8,0,2025-09-26,Cundinamarca,Soacha,27,M,5,Universitario,Empleado,3990000.0,App orgánico,623.0,False,1,Android,hash_713143,0,0,17,197,5,0,3,0,5,1,1,0.8235294117647058,0.1176470588235294,212.64705882352945,0.0,0.13032126103941763,"Bajo
(< 15%)"
CR001424,CL01307,2025-07-02,Crédito consumo digital,500000,6,0.0252,91000,Web,829,0.0548,Automática,Mora moderada,0,1,43,0.8333333333333334,1,2023-08-19,Santander,Bucaramanga,36,F,2,Técnico/Tecnólogo,Independiente,1660000.0,Campaña digital,561.0,True,1,iOS,hash_638363,0,0,6,830,2,2,0,0,2,0,0,1.0,0.0,164.16666666666666,0.0,0.507137391925746,"Alto
(35-60%)"
CR001425,CL01308,2025-09-21,Avance de nómina,2200000,12,0.0251,215000,Aliado,807,0.0551,Automática,Activo,0,0,0,1.0,0,2023-12-08,Antioquia,Medellín,36,M,5,Bachiller,Comerciante,3900000.0,Campaña digital,595.0,False,0,Android,hash_717722,0,0,14,843,5,3,1,0,3,2,0,0.8571428571428571,0.1428571428571428,156.5,0.3333333333333333,0.36933092386631905,"Alto
(35-60%)"
CR001426,CL01308,2024-03-24,Crédito libre inversión,4500000,12,0.0236,435000,Aliado,824,0.1115,Automática,Finalizado,0,0,29,0.8333333333333334,1,2023-12-08,Antioquia,Medellín,36,M,5,Bachiller,Comerciante,3900000.0,Campaña digital,595.0,False,0,Android,hash_717722,0,0,14,843,5,3,1,0,3,2,0,0.8571428571428571,0.1428571428571428,156.5,0.3333333333333333,0.45685101021893443,"Alto
(35-60%)"
CR001427,CL01309,2025-07-18,Crédito consumo digital,2350000,9,0.0389,315000,App,805,0.1514,Automática,Finalizado,0,0,0,1.0,0,2025-03-26,Antioquia,Medellín,47,M,3,Posgrado,Independiente,2080000.0,Campaña digital,655.0,True,0,Android,hash_589554,0,0,11,385,3,0,1,2,3,0,1,0.6363636363636364,0.0909090909090909,159.72727272727272,0.0,0.33645442309920864,"Medio
(15-35%)"
CR001428,CL01310,2026-02-06,Crédito consumo digital,1250000,9,0.0387,167000,App,827,0.0839,Automática,Mora moderada,0,1,54,0.0,2,2025-08-05,Antioquia,Medellín,41,F,3,Posgrado,Conductor/Repartidor,1990000.0,Call center,525.0,False,2,Web,hash_473254,0,0,4,170,2,1,0,0,1,0,0,0.75,0.25,87.25,0.0,0.5254194112456184,"Alto
(35-60%)"
CR001429,CL01311,2026-01-23,Crédito consumo digital,750000,18,0.0253,52000,App,732,0.0473,Automática,Activo,0,0,0,1.0,0,2025-10-06,Norte de Santander,Cúcuta,36,M,4,Universitario,Estudiante,1100000.0,App orgánico,542.0,False,1,Android,hash_185263,0,0,8,131,4,1,1,1,1,0,0,0.75,0.125,161.125,1.0,0.5547841852402742,"Alto
(35-60%)"
CR001430,CL01312,2025-06-25,Crédito consumo digital,950000,9,0.0342,124000,Aliado,831,0.053,Automática,Finalizado,0,0,8,0.8333333333333334,1,2024-08-09,Bogotá D.C.,Bogotá,44,M,3,Sin información,Conductor/Repartidor,2340000.0,App orgánico,567.0,False,0,Android,hash_209777,0,0,19,513,3,3,3,3,4,2,0,0.8421052631578947,0.0,212.57894736842104,1.0,0.29376302323526693,"Medio
(15-35%)"
CR001431,CL01312,2025-03-20,Crédito consumo digital,750000,18,0.0279,54000,App,900,0.0231,Automática,Mora moderada,0,0,0,1.0,0,2024-08-09,Bogotá D.C.,Bogotá,44,M,3,Sin información,Conductor/Repartidor,2340000.0,App orgánico,567.0,False,0,Android,hash_209777,0,0,19,513,3,3,3,3,4,2,0,0.8421052631578947,0.0,212.57894736842104,1.0,0.28295874430150847,"Medio
(15-35%)"
CR001432,CL01313,2023-06-29,Crédito libre inversión,7100000,9,0.0306,915000,Aliado,757,0.5027,Manual,Mora moderada,0,1,31,0.5,3,2023-02-18,Cundinamarca,Soacha,50,M,1,Bachiller,Empleado,1820000.0,Campaña digital,580.0,False,0,Android,hash_604962,0,0,20,968,7,3,2,0,3,2,2,0.7,0.2,133.15,0.6666666666666666,0.6937144375047981,"Muy alto
(> 60%)"
CR001433,CL01313,2023-05-12,Crédito consumo digital,1200000,6,0.0386,228000,App,799,0.1253,Automática,Finalizado,0,0,6,0.8333333333333334,1,2023-02-18,Cundinamarca,Soacha,50,M,1,Bachiller,Empleado,1820000.0,Campaña digital,580.0,False,0,Android,hash_604962,0,0,20,968,7,3,2,0,3,2,2,0.7,0.2,133.15,0.6666666666666666,0.41756938505943103,"Alto
(35-60%)"
CR001434,CL01313,2024-04-29,Crédito libre inversión,4050000,9,0.0228,503000,App,815,0.2764,Automática,Mora moderada,0,0,8,0.8333333333333334,1,2023-02-18,Cundinamarca,Soacha,50,M,1,Bachiller,Empleado,1820000.0,Campaña digital,580.0,False,0,Android,hash_604962,0,0,20,968,7,3,2,0,3,2,2,0.7,0.2,133.15,0.6666666666666666,0.5836352049934767,"Alto
(35-60%)"
CR001435,CL01314,2023-07-04,Crédito consumo digital,1300000,12,0.0254,127000,Web,893,0.0502,Automática,Finalizado,0,0,20,0.8333333333333334,1,2023-04-19,Bogotá D.C.,Bogotá,42,M,4,Posgrado,Conductor/Repartidor,2530000.0,Aliado comercial,606.0,False,0,iOS,hash_253594,0,0,10,853,2,2,2,0,2,0,2,0.7,0.1,116.1,1.0,0.3222951703220927,"Medio
(15-35%)"
CR001436,CL01314,2023-10-20,Avance de nómina,400000,18,0.0247,28000,Call center,900,0.0111,Automática,Mora severa,0,1,73,0.8333333333333334,1,2023-04-19,Bogotá D.C.,Bogotá,42,M,4,Posgrado,Conductor/Repartidor,2530000.0,Aliado comercial,606.0,False,0,iOS,hash_253594,0,0,10,853,2,2,2,0,2,0,2,0.7,0.1,116.1,1.0,0.39782813698605635,"Alto
(35-60%)"
CR001437,CL01315,2026-02-12,Crédito consumo digital,350000,6,0.0281,64000,App,742,0.0771,Automática,Activo,0,0,18,0.0,2,2023-12-27,Bogotá D.C.,Bogotá,36,M,1,Técnico/Tecnólogo,Empleado,830000.0,App orgánico,527.0,False,1,Android,hash_778787,0,0,7,499,3,1,0,0,0,1,2,0.7142857142857143,0.0,125.14285714285714,0.0,0.5370249392936086,"Alto
(35-60%)"
CR001438,CL01316,2025-01-29,Crédito consumo digital,2050000,12,0.0226,197000,Aliado,762,0.0925,Automática,Finalizado,0,0,0,1.0,0,2023-04-18,Bogotá D.C.,Bogotá,23,F,5,Bachiller,Estudiante,2130000.0,Aliado comercial,507.0,False,2,Android,hash_284933,0,0,12,876,3,1,3,0,1,1,3,0.6666666666666666,0.0833333333333333,142.58333333333334,3.0,0.5613047859284959,"Alto
(35-60%)"
CR001439,CL01317,2025-09-18,Crédito consumo digital,5550000,9,0.0338,726000,App,845,0.1429,Automática,Mora moderada,0,1,53,0.6666666666666666,2,2023-06-18,Bogotá D.C.,Bogotá,25,M,3,Bachiller,Empleado,5080000.0,Aliado comercial,531.0,True,1,iOS,hash_338344,0,0,6,577,1,1,0,0,2,0,0,0.8333333333333334,0.1666666666666666,149.5,0.0,0.5488743494998859,"Alto
(35-60%)"
CR001440,CL01318,2025-11-06,Microcrédito,2500000,12,0.027,247000,Call center,900,0.0475,Automática,Activo,0,0,24,0.6666666666666666,1,2024-08-16,Atlántico,Barranquilla,33,M,6,Técnico/Tecnólogo,Empleado,5200000.0,App orgánico,753.0,False,3,Android,hash_686834,0,0,24,604,8,5,1,3,4,1,1,0.625,0.2083333333333333,164.5,0.2,0.10075124459115176,"Bajo
(< 15%)"
CR001441,CL01318,2026-01-06,Microcrédito,4100000,9,0.0385,548000,App,900,0.1054,Automática,Activo,0,0,0,0.75,0,2024-08-16,Atlántico,Barranquilla,33,M,6,Técnico/Tecnólogo,Empleado,5200000.0,App orgánico,753.0,False,3,Android,hash_686834,0,0,24,604,8,5,1,3,4,1,1,0.625,0.2083333333333333,164.5,0.2,0.13949971732692826,"Bajo
(< 15%)"
CR001442,CL01319,2025-06-22,Crédito consumo digital,1000000,6,0.0229,180000,Aliado,842,0.07,Automática,Finalizado,0,0,0,1.0,0,2025-05-24,Valle del Cauca,Cali,30,M,1,Universitario,Empleado,2950000.0,App orgánico,573.0,False,3,iOS,hash_277980,0,0,13,305,2,2,3,0,1,1,1,0.7692307692307693,0.1538461538461538,196.30769230769232,1.5,0.3063483246250019,"Medio
(15-35%)"
CR001443,CL01319,2025-11-05,Crédito libre inversión,3400000,9,0.0253,427000,Call center,818,0.1661,Automática,Activo,0,0,0,0.8333333333333334,0,2025-05-24,Valle del Cauca,Cali,30,M,1,Universitario,Empleado,2950000.0,App orgánico,573.0,False,3,iOS,hash_277980,0,0,13,305,2,2,3,0,1,1,1,0.7692307692307693,0.1538461538461538,196.30769230769232,1.5,0.4738471450653688,"Alto
(35-60%)"
CR001444,CL01320,2025-03-29,Microcrédito,3250000,6,0.0363,612000,Aliado,847,0.1394,Automática,Finalizado,0,0,0,1.0,0,2023-04-15,Bogotá D.C.,Bogotá,34,M,4,Universitario,Independiente,4390000.0,Campaña digital,658.0,False,1,Android,hash_140023,0,0,25,918,13,6,1,0,2,0,2,0.84,0.08,165.68,0.1666666666666666,0.2643209547121117,"Medio
(15-35%)"
CR001445,CL01320,2024-09-13,Microcrédito,3100000,6,0.036,584000,Aliado,879,0.133,Automática,Finalizado,0,0,0,1.0,0,2023-04-15,Bogotá D.C.,Bogotá,34,M,4,Universitario,Independiente,4390000.0,Campaña digital,658.0,False,1,Android,hash_140023,0,0,25,918,13,6,1,0,2,0,2,0.84,0.08,165.68,0.1666666666666666,0.24544977005297433,"Medio
(15-35%)"
CR001446,CL01320,2024-01-10,Microcrédito,2600000,6,0.0279,477000,App,846,0.1087,Automática,Finalizado,0,0,0,1.0,0,2023-04-15,Bogotá D.C.,Bogotá,34,M,4,Universitario,Independiente,4390000.0,Campaña digital,658.0,False,1,Android,hash_140023,0,0,25,918,13,6,1,0,2,0,2,0.84,0.08,165.68,0.1666666666666666,0.259005112478141,"Medio
(15-35%)"
CR001447,CL01321,2025-09-24,Crédito libre inversión,5900000,18,0.0184,388000,Aliado,869,0.1687,Automática,Mora severa,0,1,109,0.5,3,2024-03-30,Atlántico,Barranquilla,37,F,1,Sin información,Conductor/Repartidor,2300000.0,Campaña digital,510.0,True,4,iOS,hash_591564,0,0,8,678,0,1,1,0,4,0,2,0.75,0.0,124.375,1.0,0.5668001978605338,"Alto
(35-60%)"
CR001448,CL01322,2025-06-21,Crédito libre inversión,2900000,3,0.0292,1024000,Call center,795,0.3122,Automática,Finalizado,0,0,0,1.0,0,2025-02-02,Antioquia,Medellín,41,F,3,Bachiller,Comerciante,3280000.0,App orgánico,587.0,False,1,iOS,hash_588295,0,0,7,333,2,0,0,0,2,2,0,0.8571428571428571,0.1428571428571428,161.42857142857142,0.0,0.47589636546748343,"Alto
(35-60%)"
CR001449,CL01323,2025-08-25,Microcrédito,2300000,6,0.0402,439000,Aliado,787,0.1852,Automática,Finalizado,0,0,24,0.8333333333333334,1,2024-10-16,Antioquia,Medellín,35,M,1,Técnico/Tecnólogo,Empleado,2370000.0,App orgánico,573.0,False,0,Android,hash_246874,0,0,7,293,0,2,0,0,3,0,1,0.7142857142857143,0.1428571428571428,283.1428571428572,0.0,0.5760056537196925,"Alto
(35-60%)"
CR001450,CL01325,2024-06-30,Microcrédito,2150000,12,0.0312,218000,Web,725,0.109,Automática,Finalizado,0,0,6,0.6666666666666666,2,2023-09-01,Bogotá D.C.,Bogotá,37,M,4,Sin información,Independiente,2000000.0,App orgánico,542.0,False,1,Android,hash_890099,0,0,8,476,4,1,1,0,1,0,0,0.375,0.625,171.375,1.0,0.6093647454246119,"Muy alto
(> 60%)"
CR001451,CL01326,2024-06-04,Crédito consumo digital,600000,12,0.0302,60000,App,551,0.0349,Manual,Mora moderada,0,1,50,0.8333333333333334,1,2023-10-20,Santander,Bucaramanga,19,F,4,Sin información,Estudiante,1720000.0,Referido,588.0,False,1,Android,hash_379818,1,0,11,614,2,3,0,1,3,0,1,0.7272727272727273,0.0909090909090909,134.1818181818182,0.0,0.604903406311506,"Muy alto
(> 60%)"
CR001452,CL01327,2026-01-13,Microcrédito,2300000,24,0.0396,150000,Aliado,900,0.0338,Automática,Activo,0,0,0,0.75,0,2024-12-05,Antioquia,Medellín,27,F,3,Bachiller,Empleado,4440000.0,App orgánico,680.0,False,0,Android,hash_170500,0,0,22,479,9,2,1,0,7,0,2,0.7727272727272727,0.1363636363636363,121.86363636363636,0.5,0.2062179182308954,"Medio
(15-35%)"
CR001453,CL01327,2025-11-15,Avance de nómina,1650000,12,0.0245,160000,Call center,860,0.036,Automática,Activo,0,0,0,0.8333333333333334,0,2024-12-05,Antioquia,Medellín,27,F,3,Bachiller,Empleado,4440000.0,App orgánico,680.0,False,0,Android,hash_170500,0,0,22,479,9,2,1,0,7,0,2,0.7727272727272727,0.1363636363636363,121.86363636363636,0.5,0.14540871577919812,"Bajo
(< 15%)"
CR001454,CL01328,2025-12-14,Crédito consumo digital,700000,9,0.0378,93000,App,842,0.0592,Automática,Activo,0,0,2,0.6,1,2024-10-01,Bogotá D.C.,Bogotá,35,M,1,Técnico/Tecnólogo,Microempresario,1570000.0,Campaña digital,535.0,False,2,Android,hash_520869,0,0,13,491,1,3,2,3,2,0,2,0.4615384615384615,0.1538461538461538,141.76923076923077,0.6666666666666666,0.43469814582723193,"Alto
(35-60%)"
CR001455,CL01328,2025-10-03,Crédito libre inversión,2450000,12,0.0265,241000,Aliado,759,0.1535,Automática,Mora moderada,0,1,58,0.6666666666666666,2,2024-10-01,Bogotá D.C.,Bogotá,35,M,1,Técnico/Tecnólogo,Microempresario,1570000.0,Campaña digital,535.0,False,2,Android,hash_520869,0,0,13,491,1,3,2,3,2,0,2,0.4615384615384615,0.1538461538461538,141.76923076923077,0.6666666666666666,0.6677106840538946,"Muy alto
(> 60%)"
CR001456,CL01328,2025-02-12,Microcrédito,2500000,6,0.0278,458000,Web,834,0.2917,Automática,Mora moderada,0,1,46,0.8333333333333334,1,2024-10-01,Bogotá D.C.,Bogotá,35,M,1,Técnico/Tecnólogo,Microempresario,1570000.0,Campaña digital,535.0,False,2,Android,hash_520869,0,0,13,491,1,3,2,3,2,0,2,0.4615384615384615,0.1538461538461538,141.76923076923077,0.6666666666666666,0.6834191208754175,"Muy alto
(> 60%)"
CR001457,CL01329,2025-05-31,Microcrédito,1450000,6,0.0385,275000,Aliado,900,0.1355,Automática,Finalizado,0,0,0,1.0,0,2025-06-02,Bogotá D.C.,Bogotá,24,M,1,Bachiller,Comerciante,2030000.0,Aliado comercial,639.0,False,2,Android,hash_506810,0,0,17,328,3,3,4,1,3,1,1,0.8235294117647058,0.0588235294117647,133.1764705882353,1.3333333333333333,0.3244156002649862,"Medio
(15-35%)"
CR001458,CL01329,2026-02-13,Crédito consumo digital,600000,9,0.0288,77000,App,846,0.0379,Automática,Activo,0,0,0,0.6666666666666666,0,2025-06-02,Bogotá D.C.,Bogotá,24,M,1,Bachiller,Comerciante,2030000.0,Aliado comercial,639.0,False,2,Android,hash_506810,0,0,17,328,3,3,4,1,3,1,1,0.8235294117647058,0.0588235294117647,133.1764705882353,1.3333333333333333,0.2880536478668796,"Medio
(15-35%)"
CR001459,CL01330,2024-03-28,Crédito consumo digital,1350000,24,0.0277,78000,App,835,0.0316,Automática,Finalizado,0,0,0,1.0,0,2023-02-23,Antioquia,Medellín,42,F,3,Técnico/Tecnólogo,Empleado,2470000.0,Campaña digital,601.0,False,4,Android,hash_859950,0,0,9,1045,3,0,1,0,1,3,0,1.0,0.0,127.44444444444444,0.0,0.2701502431723119,"Medio
(15-35%)"
CR001460,CL01331,2023-06-04,Crédito libre inversión,4500000,12,0.0271,444000,App,844,0.1428,Automática,Finalizado,0,0,0,1.0,0,2023-03-05,Antioquia,Medellín,51,M,3,Bachiller,Independiente,3110000.0,Referido,643.0,False,3,Android,hash_704483,0,0,7,1035,3,0,2,1,1,0,0,0.5714285714285714,0.2857142857142857,277.57142857142856,0.0,0.2760064752488678,"Medio
(15-35%)"
CR001461,CL01332,2025-05-16,Microcrédito,2350000,12,0.0422,254000,App,900,0.0966,Automática,Activo,0,0,4,0.8333333333333334,1,2024-09-10,Bogotá D.C.,Bogotá,48,M,2,Universitario,Microempresario,2630000.0,Campaña digital,630.0,False,0,Android,hash_973953,0,0,13,587,5,2,0,1,2,0,2,0.7692307692307693,0.0,234.30769230769232,0.0,0.2548408839405857,"Medio
(15-35%)"
CR001462,CL01333,2025-12-28,Crédito consumo digital,1850000,3,0.0289,653000,App,867,0.1458,Automática,Finalizado,0,0,0,1.0,0,2025-07-15,Atlántico,Barranquilla,34,F,2,Universitario,Empleado,4480000.0,Call center,588.0,False,2,Android,hash_261339,0,0,12,231,1,2,0,1,6,2,0,0.75,0.1666666666666666,100.0,0.0,0.3236107966078963,"Medio
(15-35%)"
CR001464,CL01335,2025-10-06,Crédito libre inversión,450000,18,0.0321,33000,App,687,0.055,Automática,Activo,0,0,0,1.0,0,2024-08-07,Bogotá D.C.,Bogotá,37,M,3,Técnico/Tecnólogo,Estudiante,600000.0,App orgánico,408.0,True,0,iOS,hash_798028,0,0,10,555,3,0,1,0,4,1,1,0.8,0.1,168.6,0.0,0.6450294671396946,"Muy alto
(> 60%)"
CR001465,CL01336,2024-06-26,Avance de nómina,250000,12,0.0286,25000,Aliado,852,0.0234,Automática,Mora severa,0,1,97,0.6666666666666666,2,2023-02-28,Bolívar,Cartagena,33,M,1,Bachiller,Independiente,1070000.0,Aliado comercial,492.0,False,0,Android,hash_713835,0,0,12,939,6,2,1,0,2,0,0,0.9166666666666666,0.0833333333333333,174.08333333333334,0.5,0.5505906246588443,"Alto
(35-60%)"
CR001466,CL01336,2024-04-19,Crédito consumo digital,250000,24,0.0336,15000,App,799,0.014,Automática,Mora moderada,0,1,51,0.3333333333333333,4,2023-02-28,Bolívar,Cartagena,33,M,1,Bachiller,Independiente,1070000.0,Aliado comercial,492.0,False,0,Android,hash_713835,0,0,12,939,6,2,1,0,2,0,0,0.9166666666666666,0.0833333333333333,174.08333333333334,0.5,0.583950933654765,"Alto
(35-60%)"
CR001467,CL01337,2025-12-02,Crédito libre inversión,7700000,6,0.0227,1387000,App,863,0.352,Manual,Activo,0,0,0,1.0,0,2024-03-18,Bogotá D.C.,Bogotá,30,F,2,Técnico/Tecnólogo,Microempresario,3940000.0,Aliado comercial,677.0,False,2,Android,hash_960473,0,0,5,551,1,1,1,1,1,0,0,0.6,0.2,107.8,1.0,0.3078120255706411,"Medio
(15-35%)"
CR001468,CL01338,2023-09-01,Crédito consumo digital,2100000,24,0.0249,117000,App,686,0.0557,Automática,Mora severa,0,1,85,0.6666666666666666,2,2023-03-10,Atlántico,Barranquilla,33,F,1,Bachiller,Empleado,2100000.0,Campaña digital,590.0,False,2,Android,hash_342070,0,0,7,863,0,3,0,0,4,0,0,0.8571428571428571,0.1428571428571428,101.28571428571428,0.0,0.5184078907325612,"Alto
(35-60%)"
CR001469,CL01339,2023-07-11,Avance de nómina,600000,12,0.0183,56000,App,846,0.0218,Automática,Mora moderada,0,1,39,0.8333333333333334,1,2023-06-02,Cundinamarca,Soacha,17,F,2,Bachiller,Empleado,2950000.0,Aliado comercial,583.0,False,2,Android,hash_585959,0,1,14,1024,7,1,1,0,4,1,0,0.9285714285714286,0.0714285714285714,171.07142857142858,1.0,0.5086824285708594,"Alto
(35-60%)"
CR001470,CL01340,2024-12-12,Crédito libre inversión,5950000,6,0.032,1106000,App,780,0.5317,Manual,Mora moderada,0,1,43,0.6666666666666666,2,2024-07-04,Valle del Cauca,Cali,38,M,1,Técnico/Tecnólogo,Empleado,2080000.0,Referido,579.0,False,0,Web,hash_613060,0,0,13,569,3,2,0,0,3,2,1,0.8461538461538461,0.0769230769230769,148.07692307692307,0.0,0.6952805335779269,"Muy alto
(> 60%)"
CR001471,CL01341,2025-08-30,Crédito libre inversión,6350000,3,0.0311,2250000,App,830,0.5952,Excepción,Mora severa,0,1,73,0.6666666666666666,1,2024-04-29,Antioquia,Medellín,38,F,3,Universitario,Comerciante,3780000.0,Referido,642.0,False,0,Android,hash_686623,0,0,7,392,4,1,0,0,0,1,1,0.8571428571428571,0.0,132.0,0.0,0.4506358583354132,"Alto
(35-60%)"
CR001472,CL01342,2025-10-17,Microcrédito,5000000,12,0.0366,522000,Call center,858,0.1491,Automática,Activo,0,0,14,0.6666666666666666,2,2024-07-23,Santander,Bucaramanga,36,F,3,Bachiller,Empleado,3500000.0,Aliado comercial,588.0,False,0,Android,hash_397535,0,0,16,589,2,4,0,0,6,2,1,0.75,0.1875,125.5,0.0,0.4113016859001524,"Alto
(35-60%)"
CR001473,CL01342,2025-03-14,Crédito consumo digital,1250000,6,0.0341,234000,App,820,0.0669,Automática,Finalizado,0,0,0,1.0,0,2024-07-23,Santander,Bucaramanga,36,F,3,Bachiller,Empleado,3500000.0,Aliado comercial,588.0,False,0,Android,hash_397535,0,0,16,589,2,4,0,0,6,2,1,0.75,0.1875,125.5,0.0,0.29995072356614744,"Medio
(15-35%)"
CR001474,CL01343,2026-02-01,Crédito consumo digital,1800000,9,0.0342,236000,Call center,897,0.0992,Automática,Activo,0,0,0,0.6666666666666666,0,2025-10-28,Bolívar,Cartagena,40,M,1,Técnico/Tecnólogo,Empleado,2380000.0,Aliado comercial,573.0,False,0,iOS,hash_305207,0,0,13,178,5,2,0,1,3,1,1,0.6153846153846154,0.2307692307692307,153.15384615384616,0.0,0.32199816187941216,"Medio
(15-35%)"
CR001475,CL01344,2024-08-11,Crédito consumo digital,1250000,3,0.0313,443000,Web,807,0.1765,Automática,Finalizado,0,0,0,1.0,0,2023-09-22,Antioquia,Medellín,48,F,1,Universitario,Empleado,2510000.0,Campaña digital,584.0,False,0,Android,hash_885931,0,0,12,850,3,1,3,0,2,1,1,0.9166666666666666,0.0,98.5,3.0,0.3273028257605607,"Medio
(15-35%)"
CR001476,CL01345,2025-06-01,Crédito libre inversión,2150000,9,0.0291,275000,App,818,0.1239,Automática,Mora moderada,0,1,37,0.8333333333333334,1,2024-08-05,Risaralda,Pereira,45,M,3,Universitario,Empleado,2220000.0,App orgánico,587.0,False,2,Android,hash_697821,0,0,2,251,0,2,0,0,0,0,0,0.5,0.5,155.0,0.0,0.6491001116784726,"Muy alto
(> 60%)"
CR001477,CL01346,2024-11-27,Crédito libre inversión,750000,9,0.0172,91000,Aliado,798,0.0901,Automática,Mora moderada,0,1,49,0.1666666666666666,5,2024-01-02,Santander,Bucaramanga,21,F,2,Técnico/Tecnólogo,Independiente,1010000.0,Aliado comercial,510.0,False,2,Android,hash_619521,0,0,9,617,2,2,2,0,2,0,0,1.0,0.0,185.22222222222223,1.0,0.6721388687814407,"Muy alto
(> 60%)"
CR001478,CL01347,2025-07-31,Crédito libre inversión,1500000,6,0.0312,278000,App,779,0.1426,Automática,Finalizado,0,0,14,0.3333333333333333,4,2025-08-28,Antioquia,Medellín,19,M,1,Sin información,Conductor/Repartidor,1950000.0,App orgánico,470.0,False,0,Android,hash_902542,0,0,13,219,2,2,2,1,3,1,2,0.7692307692307693,0.0,223.3846153846154,1.0,0.645281630318663,"Muy alto
(> 60%)"
CR001480,CL01349,2026-01-05,Crédito libre inversión,1550000,9,0.0245,194000,Aliado,682,0.2519,Automática,Mora severa,0,1,84,0.5,1,2024-12-07,Bogotá D.C.,Bogotá,22,M,2,Bachiller,Desempleado,770000.0,Referido,422.0,True,1,iOS,hash_811865,0,0,7,326,1,0,0,1,2,0,2,0.4285714285714285,0.1428571428571428,203.28571428571428,0.0,0.7925288044453231,"Muy alto
(> 60%)"
CR001481,CL01350,2025-07-06,Microcrédito,2000000,9,0.031,258000,App,848,0.1183,Automática,Mora moderada,0,0,3,0.8333333333333334,1,2025-08-12,Antioquia,Medellín,34,M,3,Técnico/Tecnólogo,Independiente,2180000.0,App orgánico,617.0,True,0,Android,hash_707398,0,0,8,236,3,3,1,0,0,0,1,0.875,0.0,200.875,0.3333333333333333,0.30264845380677935,"Medio
(15-35%)"
CR001482,CL01351,2025-10-20,Crédito consumo digital,1550000,6,0.0258,282000,Call center,835,0.1424,Automática,Finalizado,0,0,0,1.0,0,2025-04-26,Atlántico,Barranquilla,24,M,1,Universitario,Pensionado,1980000.0,App orgánico,489.0,True,2,Android,hash_965028,0,0,14,339,5,2,1,1,2,1,1,0.7142857142857143,0.1428571428571428,195.5,0.5,0.4330146046495084,"Alto
(35-60%)"
CR001483,CL01351,2025-11-22,Crédito libre inversión,1350000,12,0.0182,126000,App,799,0.0636,Automática,Mora severa,0,1,98,0.6,2,2025-04-26,Atlántico,Barranquilla,24,M,1,Universitario,Pensionado,1980000.0,App orgánico,489.0,True,2,Android,hash_965028,0,0,14,339,5,2,1,1,2,1,1,0.7142857142857143,0.1428571428571428,195.5,0.5,0.4544776297083067,"Alto
(35-60%)"
CR001484,CL01351,2025-08-04,Microcrédito,2800000,12,0.0337,287000,Aliado,758,0.1449,Automática,Mora moderada,0,0,30,0.5,3,2025-04-26,Atlántico,Barranquilla,24,M,1,Universitario,Pensionado,1980000.0,App orgánico,489.0,True,2,Android,hash_965028,0,0,14,339,5,2,1,1,2,1,1,0.7142857142857143,0.1428571428571428,195.5,0.5,0.594260042029635,"Alto
(35-60%)"
CR001485,CL01352,2025-02-08,Crédito libre inversión,1450000,3,0.0214,504000,App,743,0.42,Manual,Finalizado,0,0,29,0.3333333333333333,2,2024-01-03,Antioquia,Medellín,19,F,3,Técnico/Tecnólogo,Pensionado,1200000.0,Campaña digital,414.0,False,2,Android,hash_166019,0,0,9,700,4,2,1,0,2,0,0,0.7777777777777778,0.2222222222222222,182.0,0.5,0.6929072155555858,"Muy alto
(> 60%)"
CR001486,CL01353,2026-01-05,Crédito libre inversión,1450000,6,0.0176,257000,Web,808,0.1152,Automática,Activo,0,0,0,0.75,0,2024-12-19,Valle del Cauca,Cali,41,M,2,Universitario,Comerciante,2230000.0,Campaña digital,608.0,False,1,Android,hash_213388,0,0,11,408,1,3,1,0,4,2,0,0.8181818181818182,0.1818181818181818,189.45454545454547,0.3333333333333333,0.3911296287111942,"Alto
(35-60%)"
CR001487,CL01354,2025-09-21,Microcrédito,3500000,6,0.0352,657000,App,835,0.2066,Automática,Mora moderada,0,0,30,0.8333333333333334,1,2024-10-22,Cundinamarca,Soacha,44,M,4,Universitario,Independiente,3180000.0,Campaña digital,603.0,True,3,Android,hash_834755,0,0,7,418,3,1,0,0,2,0,1,0.7142857142857143,0.1428571428571428,196.28571428571428,0.0,0.3618667665025591,"Alto
(35-60%)"
CR001488,CL01356,2025-08-29,Microcrédito,4300000,9,0.0373,571000,Aliado,867,0.1252,Automática,Mora moderada,0,1,44,0.8333333333333334,1,2025-07-26,Bogotá D.C.,Bogotá,19,M,5,Técnico/Tecnólogo,Empleado,4560000.0,Referido,696.0,False,0,Android,hash_680340,0,0,14,267,4,1,4,1,3,0,0,0.7857142857142857,0.1428571428571428,135.64285714285714,4.0,0.3987643493683719,"Alto
(35-60%)"
CR001489,CL01356,2025-11-07,Desconocido,3150000,9,0.0371,418000,App,900,0.0917,Automática,Activo,0,0,0,0.8333333333333334,0,2025-07-26,Bogotá D.C.,Bogotá,19,M,5,Técnico/Tecnólogo,Empleado,4560000.0,Referido,696.0,False,0,Android,hash_680340,0,0,14,267,4,1,4,1,3,0,0,0.7857142857142857,0.1428571428571428,135.64285714285714,4.0,0.2838710980652854,"Medio
(15-35%)"
CR001490,CL01359,2025-12-15,Microcrédito,3000000,18,0.0446,246000,App,751,0.0885,Automática,Mora moderada,0,1,31,0.4,2,2024-08-18,Bogotá D.C.,Bogotá,21,M,3,Universitario,Empleado,2780000.0,Call center,575.0,True,0,Web,hash_589775,0,0,15,603,5,3,3,1,3,0,0,0.7333333333333333,0.2,152.46666666666667,1.0,0.6578531349820758,"Muy alto
(> 60%)"
CR001491,CL01359,2025-11-15,Crédito consumo digital,1950000,6,0.025,354000,Call center,842,0.1273,Automática,Mora severa,0,1,103,0.6666666666666666,1,2024-08-18,Bogotá D.C.,Bogotá,21,M,3,Universitario,Empleado,2780000.0,Call center,575.0,True,0,Web,hash_589775,0,0,15,603,5,3,3,1,3,0,0,0.7333333333333333,0.2,152.46666666666667,1.0,0.6258402208994432,"Muy alto
(> 60%)"
CR001492,CL01360,2026-01-17,Crédito consumo digital,750000,12,0.0343,77000,Aliado,588,0.03,Manual,Activo,0,0,18,0.6666666666666666,1,2024-07-21,Bolívar,Cartagena,38,M,2,Técnico/Tecnólogo,Comerciante,2640000.0,Referido,588.0,False,2,iOS,hash_906878,1,0,18,639,2,3,2,1,10,0,0,0.7777777777777778,0.1666666666666666,194.0,0.6666666666666666,0.5427290496928594,"Alto
(35-60%)"
CR001493,CL01360,2024-09-25,Crédito consumo digital,700000,9,0.0317,91000,Aliado,603,0.0354,Manual,Mora moderada,0,1,50,0.6666666666666666,2,2024-07-21,Bolívar,Cartagena,38,M,2,Técnico/Tecnólogo,Comerciante,2640000.0,Referido,588.0,False,2,iOS,hash_906878,1,0,18,639,2,3,2,1,10,0,0,0.7777777777777778,0.1666666666666666,194.0,0.6666666666666666,0.565915892172761,"Alto
(35-60%)"
CR001494,CL01362,2025-09-05,Microcrédito,2150000,6,0.0391,409000,App,867,0.1591,Automática,Mora severa,0,1,74,0.6666666666666666,2,2025-12-31,Valle del Cauca,Cali,42,M,3,Bachiller,Empleado,2950000.0,Referido,569.0,True,2,Android,hash_839316,0,0,16,108,4,6,4,0,1,1,0,1.0,0.0,161.625,0.6666666666666666,0.455280259116598,"Alto
(35-60%)"
CR001495,CL01362,2025-11-22,Microcrédito,1050000,6,0.0318,195000,Web,811,0.0759,Automática,Activo,0,0,0,1.0,0,2025-12-31,Valle del Cauca,Cali,42,M,3,Bachiller,Empleado,2950000.0,Referido,569.0,True,2,Android,hash_839316,0,0,16,108,4,6,4,0,1,1,0,1.0,0.0,161.625,0.6666666666666666,0.39778876692774157,"Alto
(35-60%)"
CR001497,CL01364,2025-07-12,Crédito consumo digital,1050000,3,0.0362,376000,Aliado,854,0.188,Automática,Finalizado,0,0,0,1.0,0,2025-06-02,Bogotá D.C.,Bogotá,26,M,2,Técnico/Tecnólogo,Empleado,2000000.0,App orgánico,617.0,False,0,iOS,hash_976218,0,0,7,315,2,0,2,0,0,0,2,0.7142857142857143,0.0,171.28571428571428,0.0,0.32480732178888216,"Medio
(15-35%)"
CR001499,CL01366,2025-05-30,Crédito consumo digital,2100000,6,0.0298,387000,Web,607,0.1106,Manual,Mora moderada,0,1,32,0.6666666666666666,2,2024-10-03,Caldas,Manizales,34,F,3,Técnico/Tecnólogo,Empleado,3500000.0,Aliado comercial,588.0,False,1,iOS,hash_307123,1,0,6,241,3,0,2,0,0,0,1,0.5,0.3333333333333333,111.66666666666669,0.0,0.5680720200603795,"Alto
(35-60%)"
CR001500,CL01367,2025-07-05,Crédito libre inversión,7900000,6,0.026,1439000,App,857,0.327,Automática,Finalizado,0,0,0,1.0,0,2026-01-06,Bogotá D.C.,Bogotá,36,M,3,Sin información,Microempresario,4400000.0,Aliado comercial,674.0,True,4,Android,hash_606218,0,0,11,107,1,0,2,1,1,2,3,0.5454545454545454,0.0909090909090909,166.27272727272728,0.0,0.2745522178425395,"Medio
(15-35%)"
CR001501,CL01368,2024-07-15,Crédito consumo digital,650000,6,0.0293,120000,Web,497,0.0652,Excepción,Finalizado,0,0,0,1.0,0,2024-01-11,Bogotá D.C.,Bogotá,27,F,2,Técnico/Tecnólogo,Empleado,1840000.0,Aliado comercial,588.0,False,1,Android,hash_295980,1,0,14,663,4,1,7,1,0,1,0,0.9285714285714286,0.0,106.71428571428572,7.0,0.37697790021384103,"Alto
(35-60%)"
CR001502,CL01368,2025-04-28,Microcrédito,1850000,9,0.0388,247000,App,511,0.1342,Excepción,Finalizado,0,0,6,0.8333333333333334,1,2024-01-11,Bogotá D.C.,Bogotá,27,F,2,Técnico/Tecnólogo,Empleado,1840000.0,Aliado comercial,588.0,False,1,Android,hash_295980,1,0,14,663,4,1,7,1,0,1,0,0.9285714285714286,0.0,106.71428571428572,7.0,0.4067138226714364,"Alto
(35-60%)"
CR001503,CL01369,2025-09-04,Crédito consumo digital,1550000,9,0.0206,190000,App,841,0.0819,Automática,Activo,0,0,0,1.0,0,2023-11-19,Antioquia,Medellín,32,M,3,Bachiller,Empleado,2320000.0,Referido,547.0,False,1,iOS,hash_445508,0,0,13,645,5,1,1,0,5,0,0,0.9230769230769232,0.0769230769230769,192.7692307692308,1.0,0.3783367136105462,"Alto
(35-60%)"
CR001505,CL01371,2023-06-26,Crédito libre inversión,2700000,18,0.0336,202000,Web,900,0.0596,Automática,Finalizado,0,0,0,1.0,0,2023-02-08,Bogotá D.C.,Bogotá,34,M,4,Técnico/Tecnólogo,Empleado,3390000.0,Referido,621.0,False,2,iOS,hash_143042,0,0,14,1047,5,2,1,0,3,0,1,0.7857142857142857,0.1428571428571428,156.85714285714286,0.5,0.2045130879933283,"Medio
(15-35%)"
CR001507,CL01373,2025-04-30,Avance de nómina,900000,12,0.0214,86000,App,900,0.0345,Automática,Finalizado,0,0,0,1.0,0,2025-01-24,Valle del Cauca,Cali,22,M,1,Universitario,Comerciante,2490000.0,App orgánico,585.0,True,1,Android,hash_479928,0,0,11,400,6,1,1,0,1,0,2,0.8181818181818182,0.0,109.0909090909091,1.0,0.3623166614756469,"Alto
(35-60%)"
CR001508,CL01373,2025-09-24,Microcrédito,1800000,6,0.0437,348000,App,887,0.1398,Automática,Mora moderada,0,1,37,0.6666666666666666,2,2025-01-24,Valle del Cauca,Cali,22,M,1,Universitario,Comerciante,2490000.0,App orgánico,585.0,True,1,Android,hash_479928,0,0,11,400,6,1,1,0,1,0,2,0.8181818181818182,0.0,109.0909090909091,1.0,0.5340177604312576,"Alto
(35-60%)"
CR001509,CL01374,2025-11-16,Avance de nómina,450000,6,0.0248,82000,Aliado,900,0.0309,Automática,Activo,0,0,14,0.6,2,2025-09-26,Atlántico,Barranquilla,20,M,3,Universitario,Independiente,2650000.0,App orgánico,582.0,False,2,iOS,hash_926083,0,0,7,191,1,2,1,0,2,1,0,0.8571428571428571,0.1428571428571428,84.0,0.5,0.3971455253403481,"Alto
(35-60%)"
CR001510,CL01375,2024-03-17,Crédito libre inversión,2000000,18,0.0286,144000,Call center,829,0.0526,Automática,Finalizado,0,0,0,1.0,0,2023-06-25,Caldas,Manizales,51,F,2,Bachiller,Conductor/Repartidor,2740000.0,Referido,500.0,False,0,Android,hash_673613,0,0,10,902,1,0,0,1,3,1,2,0.6,0.1,137.7,0.0,0.4414660950362952,"Alto
(35-60%)"
CR001511,CL01379,2025-12-14,Crédito consumo digital,850000,12,0.0229,82000,App,805,0.0429,Automática,Activo,0,0,27,0.4,2,2025-11-05,Risaralda,Pereira,30,M,3,Técnico/Tecnólogo,Pensionado,1910000.0,App orgánico,488.0,False,1,Android,hash_785621,0,0,11,127,2,2,1,3,1,2,0,0.7272727272727273,0.0,142.54545454545453,0.5,0.390284294000815,"Alto
(35-60%)"
CR001512,CL01382,2023-08-20,Microcrédito,1150000,12,0.0271,114000,App,873,0.0418,Automática,Mora moderada,0,0,0,1.0,0,2023-02-19,Bogotá D.C.,Bogotá,31,M,4,Bachiller,Empleado,2730000.0,Aliado comercial,636.0,True,2,Android,hash_159278,0,0,10,1021,5,2,1,0,2,0,0,0.8,0.2,129.5,0.5,0.2799384106353569,"Medio
(15-35%)"
CR001513,CL01383,2025-10-11,Crédito consumo digital,2050000,12,0.0218,196000,App,900,0.0563,Automática,Activo,0,0,28,0.6666666666666666,2,2025-02-12,Bogotá D.C.,Bogotá,58,M,3,Bachiller,Comerciante,3480000.0,App orgánico,767.0,False,0,iOS,hash_676304,0,0,16,393,6,3,2,0,3,0,0,1.0,0.0,168.6875,0.6666666666666666,0.09648515252919757,"Bajo
(< 15%)"
CR001514,CL01383,2025-12-12,Crédito libre inversión,3400000,18,0.0248,236000,Aliado,900,0.0678,Automática,Activo,0,0,0,0.8,0,2025-02-12,Bogotá D.C.,Bogotá,58,M,3,Bachiller,Comerciante,3480000.0,App orgánico,767.0,False,0,iOS,hash_676304,0,0,16,393,6,3,2,0,3,0,0,1.0,0.0,168.6875,0.6666666666666666,0.12811563961924927,"Bajo
(< 15%)"
CR001515,CL01385,2025-10-13,Crédito consumo digital,2800000,18,0.0285,201000,App,900,0.0419,Automática,Activo,0,0,0,1.0,0,2024-07-10,Bogotá D.C.,Bogotá,43,F,4,Universitario,Empleado,4800000.0,Call center,700.0,False,1,Web,hash_950340,0,0,2,136,1,1,0,0,0,0,0,1.0,0.0,33.5,0.0,0.11159325222767187,"Bajo
(< 15%)"
CR001517,CL01386,2025-07-30,Crédito consumo digital,700000,9,0.0379,93000,Web,824,0.0534,Automática,Activo,0,0,21,0.6666666666666666,2,2025-02-26,Antioquia,Medellín,39,M,4,Bachiller,Conductor/Repartidor,1740000.0,Aliado comercial,485.0,False,2,iOS,hash_265438,0,0,25,388,8,2,2,1,7,2,2,0.76,0.12,153.64,1.0,0.4122040148739391,"Alto
(35-60%)"
CR001518,CL01386,2025-11-26,Crédito libre inversión,1850000,9,0.0194,226000,App,755,0.1299,Automática,Activo,0,0,29,0.6,2,2025-02-26,Antioquia,Medellín,39,M,4,Bachiller,Conductor/Repartidor,1740000.0,Aliado comercial,485.0,False,2,iOS,hash_265438,0,0,25,388,8,2,2,1,7,2,2,0.76,0.12,153.64,1.0,0.5713849141697672,"Alto
(35-60%)"
CR001519,CL01388,2026-02-01,Crédito consumo digital,3600000,9,0.0384,481000,App,898,0.1276,Automática,Activo,0,0,0,0.6666666666666666,0,2024-07-24,Tolima,Ibagué,52,F,4,Bachiller,Empleado,3770000.0,Aliado comercial,710.0,False,3,Android,hash_428398,0,0,5,481,1,0,0,0,3,1,0,0.8,0.2,143.8,0.0,0.18385332746512112,"Medio
(15-35%)"
CR001520,CL01389,2026-02-14,Crédito consumo digital,850000,3,0.0351,303000,App,900,0.1464,Automática,Activo,0,0,0,0.6666666666666666,0,2025-07-26,Bogotá D.C.,Bogotá,36,M,2,Bachiller,Empleado,2070000.0,Referido,639.0,False,2,Android,hash_252947,0,0,14,239,4,2,1,1,2,1,1,0.7857142857142857,0.0714285714285714,150.57142857142858,0.5,0.2911094723185251,"Medio
(15-35%)"
CR001521,CL01390,2024-04-25,Microcrédito,500000,6,0.0443,97000,Web,755,0.1902,Automática,Mora severa,0,1,108,0.3333333333333333,4,2023-05-15,Antioquia,Medellín,28,M,1,Universitario,Desempleado,510000.0,App orgánico,482.0,False,0,Android,hash_432395,0,0,14,951,7,2,2,0,0,2,1,0.8571428571428571,0.0714285714285714,197.78571428571428,1.0,0.7188288408383319,"Muy alto
(> 60%)"
CR001522,CL01391,2025-11-01,Crédito libre inversión,3000000,6,0.0247,544000,Web,888,0.1902,Automática,Activo,0,0,0,0.8333333333333334,0,2025-01-25,Bogotá D.C.,Bogotá,41,M,3,Universitario,Empleado,2860000.0,Campaña digital,632.0,False,0,iOS,hash_364234,0,0,13,403,5,5,1,0,1,1,0,0.9230769230769232,0.0769230769230769,143.15384615384616,0.2,0.31410704681025303,"Medio
(15-35%)"
CR001524,CL01394,2025-10-01,Crédito consumo digital,1050000,12,0.0321,107000,App,586,0.045,Manual,Activo,0,0,0,1.0,0,2024-07-04,Cundinamarca,Soacha,37,M,1,Universitario,Empleado,2380000.0,App orgánico,588.0,False,0,Android,hash_544400,1,0,14,645,4,2,1,1,2,1,2,0.6428571428571429,0.1428571428571428,155.28571428571428,0.5,0.43393661390691557,"Alto
(35-60%)"
CR001525,CL01394,2025-06-11,Crédito consumo digital,1150000,3,0.0226,401000,App,591,0.1685,Manual,Finalizado,0,0,0,1.0,0,2024-07-04,Cundinamarca,Soacha,37,M,1,Universitario,Empleado,2380000.0,App orgánico,588.0,False,0,Android,hash_544400,1,0,14,645,4,2,1,1,2,1,2,0.6428571428571429,0.1428571428571428,155.28571428571428,0.5,0.42234191475422656,"Alto
(35-60%)"
CR001526,CL01396,2025-07-04,Crédito consumo digital,3900000,6,0.0292,718000,App,900,0.1425,Automática,Finalizado,0,0,1,0.8333333333333334,1,2023-02-07,Meta,Villavicencio,38,M,5,Bachiller,Independiente,5040000.0,App orgánico,659.0,False,0,Web,hash_163327,0,0,11,884,5,1,0,0,1,2,1,0.8181818181818182,0.0909090909090909,168.72727272727272,0.0,0.1940107957989458,"Medio
(15-35%)"
CR001527,CL01400,2026-01-12,Crédito consumo digital,2100000,6,0.036,395000,App,900,0.1606,Automática,Activo,0,0,18,0.25,2,2023-10-05,Bolívar,Cartagena,29,F,2,Universitario,Independiente,2460000.0,Referido,575.0,False,0,Android,hash_948248,0,0,5,683,1,0,1,0,1,0,2,0.4,0.2,128.4,0.0,0.4824690171079491,"Alto
(35-60%)"
