credito_id,cliente_id,fecha_desembolso,producto_credito,monto_credito,plazo_meses,tasa_interes_mensual,valor_cuota_pactada,canal_originacion,score_interno_originacion,relacion_cuota_ingreso,politica_aprobacion,estado_credito_operativo,tasa_outlier,mora_30,max_dias_mora_6m,pct_pagadas_tiempo,n_cuotas_con_mora,edad,genero,estrato,nivel_educativo,ocupacion,ingreso_mensual_estimado,score_externo,canal_adquisicion,tiene_producto_ahorro,numero_dependientes,dispositivo_principal,score_externo_nulo,edad_sospechosa,total_eventos,dias_activo,logins,pagos_iniciados,pagos_exitosos,pagos_fallidos,consultas_saldo,simulaciones_credito,solicitudes_soporte,pct_exitosos,pct_abandonados,sesion_promedio_seg,tasa_conversion_pago
CR000001,CL00001,2025-03-25,Crédito libre inversión,2000000,9,0.0301,257000,App,677,0.1606,Automática,Finalizado,0,0,18,0.6666666666666666,2,41,M,1,Técnico/Tecnólogo,Comerciante,1600000.0,444.0,Campaña digital,False,2,Android,0,0,4,189,2,0,0,1,0,1,0,0.5,0.25,135.75,0.0
CR000002,CL00002,2025-09-08,Avance de nómina,2150000,3,0.0261,754000,Web,859,0.2278,Automática,Finalizado,0,0,0,1.0,0,35,F,3,Técnico/Tecnólogo,Pensionado,3310000.0,580.0,Referido,False,3,iOS,0,0,8,177,4,0,0,1,1,1,0,0.875,0.0,162.75,0.0
CR000003,CL00003,2024-06-28,Microcrédito,4350000,6,0.0398,829000,Aliado,805,0.3528,Manual,Mora moderada,0,1,48,0.6666666666666666,2,42,F,2,Universitario,Independiente,2350000.0,564.0,Campaña digital,False,0,iOS,0,0,18,796,7,4,2,0,3,1,0,0.8888888888888888,0.1111111111111111,160.0,0.5
CR000004,CL00003,2024-03-22,Avance de nómina,950000,12,0.0233,92000,App,861,0.0391,Automática,Finalizado,0,0,7,0.6666666666666666,2,42,F,2,Universitario,Independiente,2350000.0,564.0,Campaña digital,False,0,iOS,0,0,18,796,7,4,2,0,3,1,0,0.8888888888888888,0.1111111111111111,160.0,0.5
CR000005,CL00003,2026-01-30,Crédito consumo digital,1450000,9,0.0211,179000,Aliado,865,0.0762,Automática,Activo,0,0,0,1.0,0,42,F,2,Universitario,Independiente,2350000.0,564.0,Campaña digital,False,0,iOS,0,0,18,796,7,4,2,0,3,1,0,0.8888888888888888,0.1111111111111111,160.0,0.5
CR000006,CL00005,2026-01-28,Microcrédito,1300000,6,0.0253,236000,App,776,0.2593,Automática,Mora moderada,0,1,33,0.3333333333333333,2,34,F,1,Universitario,Empleado,910000.0,515.0,Aliado comercial,False,2,Android,0,0,10,104,3,2,2,1,2,0,0,0.6,0.3,205.8,1.0
CR000007,CL00006,2024-08-11,Crédito libre inversión,3800000,12,0.0293,380000,Web,867,0.1105,Automática,Finalizado,0,0,24,0.8333333333333334,1,34,F,2,Técnico/Tecnólogo,Empleado,3440000.0,466.0,Referido,True,0,iOS,0,0,8,647,0,1,0,2,2,1,0,0.75,0.0,174.125,0.0
CR000008,CL00007,2025-06-24,Crédito libre inversión,10800000,12,0.0319,1098000,Aliado,875,0.2845,Automática,Mora severa,0,1,88,0.6666666666666666,2,52,M,3,Universitario,Conductor/Repartidor,3860000.0,600.0,App orgánico,True,0,Android,0,0,12,383,5,0,1,1,3,1,1,0.5833333333333334,0.25,160.08333333333334,0.0
CR000009,CL00008,2024-10-19,Microcrédito,1300000,18,0.0314,96000,App,606,0.064,Manual,Mora severa,0,1,79,0.6666666666666666,2,44,F,4,Técnico/Tecnólogo,Desempleado,1500000.0,456.0,Campaña digital,True,0,Android,0,0,13,725,5,2,2,1,2,0,1,0.5384615384615384,0.3076923076923077,144.3846153846154,1.0
CR000010,CL00010,2025-04-16,Crédito libre inversión,2100000,24,0.0336,129000,App,874,0.0502,Automática,Mora moderada,0,1,54,0.8333333333333334,1,41,F,3,Posgrado,Conductor/Repartidor,2220000.0,576.0,Referido,True,0,Android,0,0,12,450,3,1,2,0,2,1,3,0.5833333333333334,0.16666666666666666,154.75,2.0
CR000011,CL00011,2025-09-11,Crédito consumo digital,350000,12,0.0252,34000,App,783,0.0262,Automática,Activo,0,0,0,1.0,0,31,F,4,Técnico/Tecnólogo,Desempleado,1300000.0,573.0,Referido,False,1,Android,0,0,12,192,4,3,0,0,2,1,1,0.6666666666666666,0.25,198.66666666666666,0.0
CR000012,CL00011,2026-01-11,Crédito libre inversión,1300000,12,0.0315,132000,Web,756,0.1015,Automática,Activo,0,0,0,0.75,0,31,F,4,Técnico/Tecnólogo,Desempleado,1300000.0,573.0,Referido,False,1,Android,0,0,12,192,4,3,0,0,2,1,1,0.6666666666666666,0.25,198.66666666666666,0.0
CR000013,CL00012,2025-03-29,Crédito libre inversión,6300000,9,0.0268,797000,Web,870,0.2271,Automática,Finalizado,0,0,0,1.0,0,31,M,4,Universitario,Empleado,3510000.0,665.0,Campaña digital,False,0,Android,0,0,7,678,4,1,1,0,1,0,0,1.0,0.0,207.85714285714286,1.0
CR000014,CL00013,2026-01-19,Crédito consumo digital,1700000,6,0.0259,310000,App,866,0.0664,Automática,Activo,0,0,0,1.0,0,38,M,5,Técnico/Tecnólogo,Empleado,4670000.0,692.0,Aliado comercial,False,0,Android,0,0,10,449,2,2,3,1,1,1,0,0.8,0.1,139.3,1.5
CR000015,CL00014,2026-02-12,Crédito consumo digital,600000,3,0.0222,209000,Web,610,0.275,Manual,Activo,0,0,0,0.6666666666666666,0,19,F,1,Técnico/Tecnólogo,Estudiante,760000.0,435.0,App orgánico,False,3,Android,0,0,10,177,3,2,1,0,2,0,1,0.4,0.5,145.4,0.5
CR000016,CL00015,2025-12-14,Crédito consumo digital,1400000,12,0.0286,139000,App,836,0.0468,Automática,Activo,0,0,16,0.6,1,19,M,4,Bachiller,Empleado,2970000.0,506.0,App orgánico,False,4,iOS,0,0,24,117,6,6,1,2,5,0,1,0.7916666666666666,0.08333333333333333,159.5,0.16666666666666666
CR000017,CL00015,2025-12-13,Crédito libre inversión,4400000,6,0.022,791000,Web,727,0.2663,Automática,Mora severa,0,1,77,0.4,2,19,M,4,Bachiller,Empleado,2970000.0,506.0,App orgánico,False,4,iOS,0,0,24,117,6,6,1,2,5,0,1,0.7916666666666666,0.08333333333333333,159.5,0.16666666666666666
CR000018,CL00015,2025-12-05,Crédito consumo digital,1450000,9,0.0377,193000,App,868,0.065,Automática,Activo,0,0,26,0.6,1,19,M,4,Bachiller,Empleado,2970000.0,506.0,App orgánico,False,4,iOS,0,0,24,117,6,6,1,2,5,0,1,0.7916666666666666,0.08333333333333333,159.5,0.16666666666666666
CR000019,CL00016,2024-11-14,Crédito libre inversión,4350000,9,0.0309,561000,App,857,0.2397,Automática,Finalizado,0,0,0,1.0,0,30,F,2,Sin información,Empleado,2340000.0,577.0,Aliado comercial,True,1,Web,0,0,7,801,0,1,0,0,1,1,2,0.5714285714285714,0.14285714285714285,142.42857142857142,0.0
CR000020,CL00017,2025-10-17,Crédito consumo digital,4200000,9,0.0275,533000,App,894,0.1444,Automática,Activo,0,0,15,0.6666666666666666,2,26,F,2,Técnico/Tecnólogo,Empleado,3690000.0,658.0,App orgánico,False,1,iOS,0,0,10,492,3,0,2,0,3,1,0,0.8,0.2,174.3,0.0
CR000021,CL00018,2024-11-27,Crédito consumo digital,850000,6,0.0234,154000,Call center,874,0.0533,Automática,Finalizado,0,0,3,0.8333333333333334,1,39,M,5,Bachiller,Comerciante,2890000.0,651.0,Referido,False,1,Android,0,0,12,637,6,2,0,0,2,0,2,0.6666666666666666,0.16666666666666666,127.41666666666667,0.0
CR000022,CL00020,2025-04-07,Crédito consumo digital,1950000,3,0.034,695000,Aliado,900,0.1421,Automática,Finalizado,0,0,0,1.0,0,22,M,5,Universitario,Empleado,4890000.0,706.0,Referido,True,2,Android,0,0,13,928,6,2,1,1,1,0,2,0.6153846153846154,0.15384615384615385,116.0,0.5
CR000023,CL00023,2026-01-26,Crédito consumo digital,4100000,9,0.0322,532000,App,900,0.1354,Automática,Activo,0,0,0,1.0,0,37,F,5,Sin información,Empleado,3930000.0,669.0,Referido,False,0,Android,0,0,5,122,0,2,0,0,1,0,1,0.6,0.2,69.0,0.0
CR000024,CL00026,2025-10-28,Crédito consumo digital,2050000,12,0.0308,207000,App,867,0.0674,Automática,Activo,0,0,2,0.8333333333333334,1,37,F,3,Técnico/Tecnólogo,Independiente,3070000.0,618.0,Aliado comercial,False,0,Android,0,0,6,145,2,1,0,0,0,1,2,0.5,0.16666666666666666,190.33333333333334,0.0
CR000025,CL00027,2024-03-03,Crédito consumo digital,1300000,12,0.0248,127000,App,845,0.0357,Automática,Mora severa,0,0,0,1.0,0,24,F,5,Técnico/Tecnólogo,Independiente,3560000.0,616.0,Call center,True,1,iOS,0,0,4,938,3,0,0,0,1,0,0,0.75,0.25,156.75,0.0
CR000026,CL00028,2025-05-15,Crédito consumo digital,850000,12,0.0212,81000,Aliado,708,0.075,Automática,Mora severa,0,0,15,0.8333333333333334,1,40,F,4,Sin información,Estudiante,1080000.0,548.0,Referido,False,0,iOS,0,0,18,153,9,3,0,0,4,1,0,0.9444444444444444,0.05555555555555555,150.05555555555554,0.0
CR000027,CL00028,2025-10-03,Crédito libre inversión,1950000,6,0.0311,361000,Aliado,667,0.3343,Automática,Finalizado,0,0,14,0.5,3,40,F,4,Sin información,Estudiante,1080000.0,548.0,Referido,False,0,iOS,0,0,18,153,9,3,0,0,4,1,0,0.9444444444444444,0.05555555555555555,150.05555555555554,0.0
CR000028,CL00028,2025-12-20,Crédito libre inversión,2550000,6,0.0284,468000,App,661,0.4333,Manual,Activo,0,0,22,0.5,2,40,F,4,Sin información,Estudiante,1080000.0,548.0,Referido,False,0,iOS,0,0,18,153,9,3,0,0,4,1,0,0.9444444444444444,0.05555555555555555,150.05555555555554,0.0
CR000029,CL00029,2025-10-10,Crédito consumo digital,3300000,6,0.0322,614000,App,877,0.1616,Automática,Finalizado,0,0,0,1.0,0,30,F,2,Técnico/Tecnólogo,Microempresario,3800000.0,645.0,Call center,False,0,Android,0,0,10,611,1,3,1,0,1,0,3,0.6,0.1,183.4,0.3333333333333333
CR000030,CL00030,2025-12-18,Crédito libre inversión,4350000,12,0.0217,416000,App,864,0.1195,Automática,Activo,0,0,0,1.0,0,33,M,3,Universitario,Empleado,3480000.0,636.0,Referido,False,0,Android,0,0,9,156,2,3,2,1,0,0,1,0.5555555555555556,0.2222222222222222,149.22222222222223,0.6666666666666666
CR000031,CL00031,2026-01-29,Crédito libre inversión,9600000,18,0.0204,643000,Aliado,900,0.1448,Automática,Activo,0,0,0,1.0,0,30,M,3,Universitario,Independiente,4440000.0,615.0,Campaña digital,True,0,Android,0,0,6,495,1,0,1,0,1,1,2,0.6666666666666666,0.0,92.5,0.0
CR000032,CL00033,2025-08-11,Crédito consumo digital,4000000,12,0.0383,422000,App,900,0.1275,Automática,Activo,0,0,0,1.0,0,36,M,4,Bachiller,Independiente,3310000.0,675.0,Referido,False,1,Android,0,0,6,219,2,1,1,0,0,1,1,0.6666666666666666,0.16666666666666666,120.33333333333333,1.0
CR000033,CL00034,2026-02-01,Microcrédito,700000,6,0.0255,127000,App,811,0.083,Automática,Activo,0,0,0,0.6666666666666666,0,25,F,1,Técnico/Tecnólogo,Comerciante,1530000.0,476.0,Aliado comercial,True,1,Android,0,0,22,109,6,2,0,2,4,1,4,0.6818181818181818,0.045454545454545456,168.54545454545453,0.0
CR000034,CL00034,2025-08-01,Crédito libre inversión,1200000,12,0.0332,123000,Web,730,0.0804,Automática,Mora moderada,0,1,32,0.6666666666666666,2,25,F,1,Técnico/Tecnólogo,Comerciante,1530000.0,476.0,Aliado comercial,True,1,Android,0,0,22,109,6,2,0,2,4,1,4,0.6818181818181818,0.045454545454545456,168.54545454545453,0.0
CR000035,CL00035,2025-03-21,Crédito consumo digital,4050000,6,0.0373,766000,Web,900,0.152,Automática,Finalizado,0,0,0,1.0,0,44,M,3,Posgrado,Microempresario,5040000.0,684.0,Campaña digital,False,2,Android,0,0,8,262,6,0,0,0,0,0,2,0.625,0.125,85.875,0.0
CR000036,CL00036,2025-09-29,Crédito consumo digital,950000,12,0.0211,90000,Aliado,572,0.0448,Manual,Activo,0,0,0,1.0,0,24,M,2,Técnico/Tecnólogo,Independiente,2010000.0,588.0,Campaña digital,True,1,Android,1,0,17,389,4,4,1,2,3,1,0,0.7647058823529411,0.11764705882352941,153.1764705882353,0.25
CR000037,CL00036,2025-11-03,Crédito libre inversión,6550000,6,0.0248,1188000,App,462,0.591,Excepción,Activo,0,0,27,0.3333333333333333,3,24,M,2,Técnico/Tecnólogo,Independiente,2010000.0,588.0,Campaña digital,True,1,Android,1,0,17,389,4,4,1,2,3,1,0,0.7647058823529411,0.11764705882352941,153.1764705882353,0.25
CR000038,CL00037,2025-10-10,Crédito libre inversión,6450000,6,0.0267,1178000,Web,889,0.5746,Excepción,Mora moderada,0,1,52,0.6666666666666666,2,38,M,1,Posgrado,Empleado,2050000.0,601.0,Campaña digital,False,1,Android,0,0,8,232,2,0,1,0,4,0,0,0.875,0.125,147.625,0.0
CR000039,CL00038,2025-09-19,Crédito consumo digital,1900000,12,0.0338,195000,App,679,0.0759,Automática,Mora severa,0,1,73,0.3333333333333333,4,19,F,3,Bachiller,Desempleado,760000.0,418.0,Referido,False,2,Android,0,0,8,204,2,2,0,0,2,0,1,0.625,0.25,160.75,0.0
CR000040,CL00039,2025-11-29,Crédito consumo digital,2650000,6,0.0263,483000,App,854,0.1543,Automática,Activo,0,0,0,1.0,0,23,M,4,Universitario,Empleado,3130000.0,670.0,Campaña digital,True,2,Android,0,0,13,621,2,3,3,1,1,2,0,0.8461538461538461,0.07692307692307693,202.23076923076923,1.0
CR000041,CL00039,2024-06-27,Crédito libre inversión,4450000,12,0.0183,417000,App,864,0.1332,Automática,Mora moderada,0,0,0,1.0,0,23,M,4,Universitario,Empleado,3130000.0,670.0,Campaña digital,True,2,Android,0,0,13,621,2,3,3,1,1,2,0,0.8461538461538461,0.07692307692307693,202.23076923076923,1.0
CR000042,CL00040,2025-09-01,Microcrédito,2350000,3,0.0408,848000,App,900,0.2024,Automática,Mora severa,0,1,74,0.6666666666666666,1,38,M,3,Bachiller,Microempresario,4190000.0,610.0,App orgánico,False,2,iOS,0,0,14,134,6,2,1,0,2,0,3,0.5714285714285714,0.21428571428571427,128.28571428571428,0.5
CR000043,CL00040,2026-01-09,Avance de nómina,1800000,6,0.0187,320000,Web,840,0.0764,Automática,Activo,0,0,0,0.75,0,38,M,3,Bachiller,Microempresario,4190000.0,610.0,App orgánico,False,2,iOS,0,0,14,134,6,2,1,0,2,0,3,0.5714285714285714,0.21428571428571427,128.28571428571428,0.5
CR000044,CL00041,2023-10-04,Microcrédito,3800000,3,0.0396,1368000,App,827,0.45,Manual,Finalizado,0,0,0,1.0,0,43,F,4,Técnico/Tecnólogo,Independiente,3040000.0,699.0,Campaña digital,False,1,Android,0,0,8,929,3,1,3,0,0,0,1,0.875,0.0,105.625,3.0
CR000046,CL00043,2025-03-30,Crédito consumo digital,1550000,9,0.0294,199000,Call center,900,0.0812,Automática,Finalizado,0,0,0,1.0,0,35,M,5,Técnico/Tecnólogo,Empleado,2450000.0,690.0,App orgánico,False,2,Android,0,0,5,519,2,0,0,0,1,0,1,0.4,0.4,172.8,0.0
CR000047,CL00044,2026-01-05,Crédito consumo digital,1150000,12,0.0308,116000,Aliado,900,0.0391,Automática,Activo,0,0,0,0.75,0,33,F,4,Bachiller,Microempresario,2970000.0,704.0,App orgánico,False,0,Android,0,0,10,364,1,2,1,1,2,1,2,0.7,0.0,112.9,0.5
CR000048,CL00044,2025-09-09,Avance de nómina,900000,3,0.0192,312000,Aliado,900,0.1051,Automática,Finalizado,0,0,0,1.0,0,33,F,4,Bachiller,Microempresario,2970000.0,704.0,App orgánico,False,0,Android,0,0,10,364,1,2,1,1,2,1,2,0.7,0.0,112.9,0.5
CR000049,CL00045,2024-11-13,Crédito consumo digital,700000,3,0.0224,244000,App,787,0.0949,Automática,Finalizado,0,0,0,1.0,0,21,No informa,2,Universitario,Microempresario,3240000.0,497.0,Aliado comercial,True,1,Android,0,0,4,278,1,1,1,0,0,0,0,1.0,0.0,115.0,1.0
CR000050,CL00046,2025-07-23,Crédito consumo digital,1850000,12,0.0298,186000,App,811,0.0724,Automática,Activo,0,0,0,1.0,0,29,F,5,Técnico/Tecnólogo,Estudiante,1120000.0,613.0,Referido,False,4,iOS,0,0,13,378,3,2,0,1,5,0,1,0.6153846153846154,0.23076923076923078,205.84615384615384,0.0
CR000051,CL00047,2025-10-26,Crédito libre inversión,3250000,18,0.0247,226000,Call center,786,0.1378,Automática,Activo,0,0,19,0.8333333333333334,1,31,F,2,Sin información,Comerciante,1640000.0,569.0,Campaña digital,False,0,Android,0,0,10,256,4,2,0,0,2,0,2,0.8,0.0,139.2,0.0
CR000052,CL00048,2026-01-30,Crédito consumo digital,1650000,6,0.027,302000,Call center,800,0.1175,Automática,Activo,0,0,0,1.0,0,47,M,2,Universitario,Independiente,2370000.0,554.0,App orgánico,False,1,iOS,0,0,15,464,4,2,1,2,3,1,1,0.6666666666666666,0.13333333333333333,161.4,0.5
CR000053,CL00050,2025-05-11,Crédito libre inversión,3750000,12,0.0186,351000,App,803,0.1526,Automática,Mora moderada,0,0,25,0.3333333333333333,4,19,M,3,Bachiller,Pensionado,2300000.0,523.0,App orgánico,False,1,Android,0,0,7,787,2,0,0,0,4,0,1,0.5714285714285714,0.2857142857142857,185.14285714285714,0.0
CR000054,CL00051,2025-12-12,Crédito libre inversión,7550000,3,0.0335,2687000,App,726,0.9842,Excepción,Mora moderada,0,1,49,0.0,3,39,M,3,Técnico/Tecnólogo,Comerciante,2730000.0,530.0,Campaña digital,False,0,Android,0,0,10,585,3,1,2,0,2,1,0,0.8,0.2,135.0,2.0
CR000055,CL00052,2025-06-28,Crédito consumo digital,3250000,6,0.0325,605000,Aliado,782,0.1576,Automática,Mora moderada,0,1,46,0.6666666666666666,2,32,F,4,Técnico/Tecnólogo,Empleado,3840000.0,606.0,App orgánico,False,3,iOS,0,0,12,516,3,1,2,0,3,0,3,0.5833333333333334,0.16666666666666666,126.08333333333333,2.0
CR000056,CL00054,2025-01-05,Crédito consumo digital,1400000,12,0.0252,137000,Web,809,0.0628,Automática,Mora moderada,0,0,24,0.8333333333333334,1,42,M,1,Posgrado,Microempresario,2180000.0,550.0,Referido,False,2,Android,0,0,5,818,1,1,0,0,2,0,0,1.0,0.0,166.2,0.0
CR000057,CL00056,2025-10-23,Crédito consumo digital,2050000,6,0.0217,368000,App,900,0.1553,Automática,Finalizado,0,0,23,0.8333333333333334,1,45,M,2,Bachiller,Empleado,2370000.0,609.0,App orgánico,False,0,Android,0,0,10,162,2,3,1,1,2,1,0,0.7,0.2,117.4,0.3333333333333333
CR000059,CL00057,2024-11-12,Microcrédito,1100000,9,0.0389,147000,Web,775,0.0739,Automática,Mora moderada,0,1,32,0.6666666666666666,2,28,F,4,Técnico/Tecnólogo,Independiente,1990000.0,512.0,Aliado comercial,True,1,Android,0,0,6,709,2,0,0,0,2,0,1,0.5,0.3333333333333333,132.0,0.0
CR000060,CL00058,2024-05-02,Microcrédito,3300000,6,0.0263,602000,App,849,0.2427,Automática,Finalizado,0,0,7,0.8333333333333334,1,33,F,6,Técnico/Tecnólogo,Independiente,2480000.0,667.0,Aliado comercial,False,0,Android,0,0,5,744,1,0,1,0,2,0,1,0.6,0.2,195.0,0.0
CR000061,CL00059,2026-01-05,Crédito consumo digital,1750000,9,0.0346,230000,Call center,860,0.105,Automática,Activo,0,0,0,1.0,0,39,M,3,Bachiller,Independiente,2190000.0,639.0,Campaña digital,False,1,iOS,0,0,11,234,3,0,3,1,2,0,2,0.45454545454545453,0.2727272727272727,224.54545454545453,0.0
CR000062,CL00059,2025-06-27,Avance de nómina,1400000,12,0.0273,138000,App,815,0.063,Automática,Activo,0,0,0,1.0,0,39,M,3,Bachiller,Independiente,2190000.0,639.0,Campaña digital,False,1,iOS,0,0,11,234,3,0,3,1,2,0,2,0.45454545454545453,0.2727272727272727,224.54545454545453,0.0
CR000064,CL00060,2026-02-06,Crédito consumo digital,3350000,9,0.0228,416000,App,900,0.1115,Automática,Activo,0,0,7,0.3333333333333333,1,46,F,3,Técnico/Tecnólogo,Independiente,3730000.0,648.0,Referido,False,0,Android,0,0,13,308,3,2,2,1,4,0,0,0.8461538461538461,0.07692307692307693,155.76923076923077,1.0
CR000065,CL00061,2024-03-09,Crédito consumo digital,1150000,6,0.0321,214000,App,848,0.096,Automática,Finalizado,0,0,6,0.8333333333333334,1,31,M,2,Técnico/Tecnólogo,Empleado,2230000.0,607.0,Referido,False,0,Web,0,0,9,899,2,1,3,0,2,1,0,1.0,0.0,191.55555555555554,3.0
CR000066,CL00062,2025-12-17,Avance de nómina,700000,9,0.0229,87000,App,870,0.0361,Automática,Activo,0,0,0,1.0,0,34,F,4,Posgrado,Independiente,2410000.0,625.0,App orgánico,True,0,iOS,0,0,8,181,2,0,2,0,0,1,2,0.625,0.125,130.5,0.0
CR000067,CL00063,2023-08-08,Crédito consumo digital,2150000,12,0.0305,217000,App,748,0.0702,Automática,Mora moderada,0,0,0,1.0,0,25,F,2,Sin información,Empleado,3090000.0,487.0,Call center,False,3,iOS,0,0,9,1016,5,2,1,0,1,0,0,1.0,0.0,200.22222222222223,0.5
CR000068,CL00064,2025-08-03,Crédito libre inversión,7800000,12,0.0309,788000,App,808,0.2765,Automática,Mora severa,0,1,64,0.8333333333333334,1,24,M,4,Universitario,Independiente,2850000.0,528.0,Call center,False,2,Android,0,0,9,699,5,2,1,0,0,0,1,0.7777777777777778,0.1111111111111111,144.0,0.5
CR000070,CL00065,2025-04-08,Crédito consumo digital,5500000,3,0.0355,1965000,App,900,0.3124,Automática,Mora severa,0,1,88,0.6666666666666666,1,44,M,2,Bachiller,Empleado,6290000.0,732.0,Campaña digital,True,3,Web,0,0,16,758,2,3,3,2,5,0,1,0.75,0.0625,186.6875,1.0
CR000071,CL00067,2025-07-07,Crédito consumo digital,2800000,9,0.024,350000,Aliado,900,0.0882,Automática,Finalizado,0,0,19,0.8333333333333334,1,35,F,2,Técnico/Tecnólogo,Microempresario,3970000.0,728.0,Campaña digital,False,0,Android,0,0,12,380,3,2,1,1,4,0,0,0.9166666666666666,0.0,194.91666666666666,0.5
CR000072,CL00067,2025-01-16,Crédito consumo digital,2600000,6,0.0301,480000,Aliado,900,0.1209,Automática,Finalizado,0,0,0,1.0,0,35,F,2,Técnico/Tecnólogo,Microempresario,3970000.0,728.0,Campaña digital,False,0,Android,0,0,12,380,3,2,1,1,4,0,0,0.9166666666666666,0.0,194.91666666666666,0.5
CR000073,CL00068,2024-10-03,Crédito consumo digital,3200000,12,0.0333,328000,Call center,900,0.0682,Automática,Finalizado,0,0,0,1.0,0,46,M,5,Universitario,Empleado,4810000.0,739.0,App orgánico,True,2,Android,0,0,14,656,3,2,2,0,4,1,2,0.8571428571428571,0.0,154.64285714285714,1.0
CR000074,CL00069,2024-05-11,Crédito libre inversión,2900000,6,0.0266,529000,Aliado,754,0.258,Automática,Finalizado,0,0,18,0.8333333333333334,1,40,M,2,Universitario,Estudiante,2050000.0,500.0,Call center,False,1,Android,0,0,10,850,5,2,1,0,1,0,0,1.0,0.0,167.3,0.5
CR000075,CL00072,2025-08-31,Crédito libre inversión,3350000,9,0.0259,422000,App,889,0.1796,Automática,Activo,0,0,0,1.0,0,51,F,2,Técnico/Tecnólogo,Microempresario,2350000.0,657.0,Campaña digital,False,2,iOS,0,0,8,172,3,2,1,0,2,0,0,0.875,0.125,153.75,0.5
CR000076,CL00073,2026-01-07,Avance de nómina,800000,12,0.0265,79000,Web,844,1.2,Automática,Mora moderada,0,1,54,0.0,3,36,M,1,Técnico/Tecnólogo,Independiente,2040000.0,543.0,App orgánico,True,1,iOS,0,0,11,554,2,0,0,2,4,1,2,0.6363636363636364,0.0,123.54545454545455,0.0
CR000077,CL00074,2025-06-24,Crédito consumo digital,4300000,9,0.0383,574000,Call center,900,0.0939,Automática,Finalizado,0,0,0,1.0,0,52,F,3,Bachiller,Empleado,6110000.0,758.0,Aliado comercial,False,0,Android,0,0,8,164,3,1,0,0,3,0,1,0.75,0.125,181.625,0.0
CR000078,CL00075,2026-01-08,Crédito consumo digital,1400000,6,0.0293,258000,Call center,880,0.0733,Automática,Activo,0,0,0,0.75,0,19,F,3,Universitario,Empleado,3520000.0,588.0,Campaña digital,True,0,Android,0,0,6,347,2,0,1,1,0,1,0,0.8333333333333334,0.0,148.83333333333334,0.0
CR000079,CL00076,2024-10-22,Microcrédito,900000,12,0.0306,91000,App,810,0.0384,Automática,Mora moderada,0,0,17,0.6666666666666666,2,44,F,4,Universitario,Independiente,2370000.0,592.0,Referido,True,2,Android,0,0,10,616,2,2,2,0,4,0,0,0.8,0.2,192.7,1.0
CR000080,CL00077,2025-05-15,Crédito consumo digital,650000,6,0.0277,119000,App,725,0.0613,Automática,Mora severa,0,1,76,0.8333333333333334,1,37,F,4,Bachiller,Microempresario,1940000.0,580.0,Campaña digital,True,3,Android,0,0,10,72,5,0,2,0,3,0,0,0.9,0.1,134.6,0.0
CR000081,CL00077,2025-08-25,Avance de nómina,1000000,12,0.0296,100000,App,870,0.0515,Automática,Activo,0,0,0,1.0,0,37,F,4,Bachiller,Microempresario,1940000.0,580.0,Campaña digital,True,3,Android,0,0,10,72,5,0,2,0,3,0,0,0.9,0.1,134.6,0.0
CR000082,CL00078,2025-11-06,Crédito consumo digital,1850000,6,0.0227,333000,Aliado,900,0.1041,Automática,Activo,0,0,1,0.6666666666666666,1,33,F,2,Técnico/Tecnólogo,Empleado,3200000.0,622.0,Call center,True,3,Android,0,0,10,299,2,3,2,0,1,0,2,0.6,0.2,156.3,0.6666666666666666
CR000083,CL00079,2025-08-17,Microcrédito,600000,6,0.0343,112000,App,832,0.0457,Automática,Finalizado,0,0,0,1.0,0,37,M,2,Técnico/Tecnólogo,Pensionado,2450000.0,501.0,Campaña digital,True,1,Android,0,0,11,665,5,0,0,0,4,1,1,0.7272727272727273,0.18181818181818182,194.54545454545453,0.0
CR000085,CL00081,2025-12-29,Crédito consumo digital,1450000,12,0.0388,153000,App,608,0.0827,Manual,Activo,0,0,1,0.75,1,34,F,3,Universitario,Independiente,1850000.0,588.0,App orgánico,False,0,iOS,1,0,9,837,2,1,2,0,4,0,0,1.0,0.0,122.0,2.0
CR000086,CL00082,2023-06-24,Crédito libre inversión,5550000,9,0.0304,714000,App,846,0.2412,Automática,Mora severa,0,1,70,0.8333333333333334,1,40,M,5,Sin información,Empleado,2960000.0,594.0,Aliado comercial,False,2,Android,0,0,9,891,1,1,3,0,3,1,0,0.7777777777777778,0.2222222222222222,103.11111111111111,3.0
CR000087,CL00083,2025-12-01,Crédito libre inversión,2350000,6,0.0254,427000,Aliado,759,0.1787,Automática,Activo,0,0,1,0.6,1,51,M,4,Bachiller,Empleado,2390000.0,522.0,Call center,True,0,iOS,0,0,9,229,4,2,2,0,1,0,0,0.8888888888888888,0.1111111111111111,135.44444444444446,1.0
CR000088,CL00086,2025-06-13,Crédito libre inversión,4050000,3,0.0306,1433000,Call center,675,0.549,Manual,Finalizado,0,0,14,0.6666666666666666,1,31,M,2,Bachiller,Empleado,2610000.0,425.0,Campaña digital,False,2,iOS,0,0,15,114,7,2,1,0,4,0,1,0.8,0.13333333333333333,139.86666666666667,0.5
CR000089,CL00088,2025-07-04,Crédito consumo digital,1100000,6,0.0284,202000,App,863,0.1074,Automática,Finalizado,0,0,15,0.5,3,39,F,1,Universitario,Independiente,1880000.0,507.0,App orgánico,False,0,Android,0,0,14,495,4,3,1,0,3,0,2,0.6428571428571429,0.21428571428571427,102.78571428571429,0.3333333333333333
CR000090,CL00089,2025-12-13,Crédito consumo digital,1600000,3,0.0282,564000,App,617,0.5127,Manual,Finalizado,0,0,28,0.3333333333333333,2,31,M,3,Técnico/Tecnólogo,Desempleado,1100000.0,440.0,Campaña digital,True,1,iOS,0,0,13,132,4,1,2,1,2,1,2,0.38461538461538464,0.38461538461538464,203.92307692307693,2.0
CR000092,CL00091,2026-02-07,Crédito consumo digital,1000000,3,0.0202,347000,Aliado,864,0.1896,Automática,Activo,0,0,10,0.3333333333333333,1,37,M,3,Bachiller,Conductor/Repartidor,1830000.0,497.0,App orgánico,True,1,Android,0,0,12,257,7,2,0,1,0,1,1,0.75,0.08333333333333333,167.25,0.0
CR000093,CL00092,2024-08-16,Crédito consumo digital,6950000,6,0.0213,1246000,Aliado,900,0.2351,Automática,Finalizado,0,0,0,1.0,0,46,M,3,Técnico/Tecnólogo,Microempresario,5300000.0,676.0,Referido,True,0,Android,0,0,8,913,3,1,0,1,1,0,0,0.75,0.125,163.75,0.0
CR000094,CL00093,2023-10-03,Crédito libre inversión,5400000,9,0.0225,669000,App,900,0.1436,Automática,Finalizado,0,0,22,0.8333333333333334,1,29,M,4,Técnico/Tecnólogo,Comerciante,4660000.0,693.0,App orgánico,True,4,Android,0,0,21,918,5,3,3,0,4,2,4,0.7142857142857143,0.09523809523809523,178.04761904761904,1.0
CR000095,CL00093,2024-08-04,Microcrédito,4150000,12,0.0325,423000,App,900,0.0908,Automática,Finalizado,0,0,0,1.0,0,29,M,4,Técnico/Tecnólogo,Comerciante,4660000.0,693.0,App orgánico,True,4,Android,0,0,21,918,5,3,3,0,4,2,4,0.7142857142857143,0.09523809523809523,178.04761904761904,1.0
CR000096,CL00093,2025-12-15,Crédito consumo digital,2450000,12,0.023,236000,Aliado,900,0.0506,Automática,Activo,0,0,0,0.8,0,29,M,4,Técnico/Tecnólogo,Comerciante,4660000.0,693.0,App orgánico,True,4,Android,0,0,21,918,5,3,3,0,4,2,4,0.7142857142857143,0.09523809523809523,178.04761904761904,1.0
CR000097,CL00094,2025-07-21,Crédito consumo digital,450000,3,0.0247,157000,Aliado,760,0.1256,Automática,Finalizado,0,0,6,0.6666666666666666,1,33,M,5,Universitario,Desempleado,1250000.0,602.0,Call center,False,1,Android,0,0,10,489,6,1,0,0,0,1,2,0.7,0.1,161.7,0.0
CR000098,CL00095,2025-10-31,Crédito libre inversión,3300000,24,0.0327,200000,App,877,0.0778,Automática,Mora moderada,0,1,54,0.8333333333333334,1,32,F,4,Universitario,Comerciante,2640000.0,697.0,Campaña digital,True,1,Android,0,0,22,736,8,1,3,0,7,1,2,0.6818181818181818,0.22727272727272727,134.54545454545453,3.0
CR000099,CL00095,2023-09-10,Crédito libre inversión,2950000,18,0.0181,194000,App,859,0.0755,Automática,Finalizado,0,0,17,0.8333333333333334,1,32,F,4,Universitario,Comerciante,2640000.0,697.0,Campaña digital,True,1,Android,0,0,22,736,8,1,3,0,7,1,2,0.6818181818181818,0.22727272727272727,134.54545454545453,3.0
CR000100,CL00096,2026-01-27,Crédito consumo digital,2950000,3,0.0289,1041000,Web,891,0.2361,Automática,Finalizado,0,0,18,0.6666666666666666,1,21,F,4,Sin información,Empleado,4410000.0,630.0,Campaña digital,False,0,Android,0,0,16,594,1,2,2,4,5,0,2,0.625,0.0,191.8125,1.0
CR000101,CL00096,2024-12-09,Crédito libre inversión,4850000,6,0.0235,876000,Aliado,900,0.1986,Automática,Finalizado,0,0,23,0.6666666666666666,2,21,F,4,Sin información,Empleado,4410000.0,630.0,Campaña digital,False,0,Android,0,0,16,594,1,2,2,4,5,0,2,0.625,0.0,191.8125,1.0
CR000102,CL00097,2024-10-01,Microcrédito,3350000,9,0.0413,453000,Call center,724,0.2157,Automática,Mora severa,0,1,109,0.3333333333333333,4,39,M,1,Universitario,Conductor/Repartidor,2100000.0,505.0,App orgánico,False,0,Android,0,0,5,727,0,2,0,0,1,1,1,0.8,0.0,277.6,0.0
CR000103,CL00099,2026-01-16,Avance de nómina,1000000,9,0.0211,123000,App,886,0.0355,Automática,Activo,0,0,0,1.0,0,36,M,3,Técnico/Tecnólogo,Conductor/Repartidor,3460000.0,612.0,Campaña digital,False,0,Android,0,0,11,561,3,1,0,2,5,0,0,0.6363636363636364,0.18181818181818182,116.72727272727273,0.0
CR000104,CL00100,2024-03-01,Avance de nómina,1000000,9,0.0219,124000,App,900,0.0286,Automática,Mora severa,0,1,112,0.8333333333333334,1,34,M,4,Universitario,Microempresario,4340000.0,665.0,Aliado comercial,False,2,Android,0,0,14,1008,3,3,2,1,4,0,1,0.8571428571428571,0.0,131.07142857142858,0.6666666666666666
CR000105,CL00101,2025-09-03,Avance de nómina,1950000,9,0.0267,247000,Web,858,0.0911,Automática,Activo,0,0,0,1.0,0,22,M,4,Sin información,Empleado,2710000.0,576.0,Aliado comercial,True,0,iOS,0,0,14,598,3,2,1,1,4,1,2,0.7142857142857143,0.07142857142857142,169.21428571428572,0.5
CR000106,CL00102,2025-07-27,Avance de nómina,550000,12,0.0262,54000,App,707,0.0482,Automática,Activo,0,0,25,0.5,3,32,F,3,Bachiller,Estudiante,1120000.0,451.0,Aliado comercial,True,0,Android,0,0,7,582,2,1,2,0,1,0,0,1.0,0.0,135.14285714285714,2.0
CR000107,CL00103,2025-04-11,Microcrédito,1850000,12,0.0273,183000,Aliado,853,0.0614,Automática,Mora moderada,0,1,46,0.6666666666666666,2,33,M,4,Técnico/Tecnólogo,Independiente,2980000.0,646.0,Campaña digital,False,0,Android,0,0,7,423,2,0,3,0,0,0,0,1.0,0.0,116.71428571428571,0.0
CR000108,CL00104,2025-10-12,Crédito consumo digital,1000000,3,0.0254,350000,Aliado,852,0.1311,Automática,Finalizado,0,0,0,1.0,0,28,M,2,Sin información,Empleado,2670000.0,585.0,Campaña digital,False,0,Android,0,0,17,125,5,0,2,0,9,1,0,0.6470588235294118,0.35294117647058826,162.7058823529412,0.0
CR000110,CL00105,2025-08-24,Microcrédito,4750000,24,0.0391,309000,App,883,0.1202,Automática,Activo,0,0,10,0.8333333333333334,1,34,F,3,Técnico/Tecnólogo,Microempresario,2570000.0,674.0,Campaña digital,False,2,iOS,0,0,4,217,3,1,0,0,0,0,0,1.0,0.0,222.5,0.0
CR000111,CL00106,2025-09-25,Microcrédito,3150000,12,0.0385,333000,Web,900,0.0626,Automática,Activo,0,0,0,1.0,0,40,M,4,Universitario,Empleado,5320000.0,756.0,App orgánico,True,1,Android,0,0,8,106,3,2,0,0,3,0,0,0.875,0.125,154.375,0.0
CR000112,CL00107,2025-09-10,Microcrédito,1800000,12,0.0272,178000,App,885,0.0693,Automática,Activo,0,0,0,1.0,0,55,F,3,Universitario,Comerciante,2640000.0,592.0,Aliado comercial,True,1,Android,0,0,5,331,3,0,0,0,2,0,0,0.8,0.2,132.6,0.0
CR000113,CL00108,2026-01-06,Crédito libre inversión,2400000,24,0.0217,129000,Web,831,0.0502,Automática,Activo,0,0,0,0.75,0,38,M,2,Técnico/Tecnólogo,Comerciante,2640000.0,596.0,Campaña digital,False,0,iOS,0,0,11,119,5,3,0,1,1,0,1,0.8181818181818182,0.0,124.18181818181819,0.0
CR000114,CL00108,2026-02-08,Crédito consumo digital,900000,12,0.035,93000,Web,876,0.0362,Automática,Activo,0,0,0,0.6666666666666666,0,38,M,2,Técnico/Tecnólogo,Comerciante,2640000.0,596.0,Campaña digital,False,0,iOS,0,0,11,119,5,3,0,1,1,0,1,0.8181818181818182,0.0,124.18181818181819,0.0
CR000115,CL00108,2025-07-13,Microcrédito,3500000,12,0.0371,367000,App,853,0.1428,Automática,Activo,0,0,3,0.8333333333333334,1,38,M,2,Técnico/Tecnólogo,Comerciante,2640000.0,596.0,Campaña digital,False,0,iOS,0,0,11,119,5,3,0,1,1,0,1,0.8181818181818182,0.0,124.18181818181819,0.0
CR000116,CL00109,2025-01-07,Crédito consumo digital,750000,9,0.0343,98000,App,838,0.0402,Automática,Finalizado,0,0,0,1.0,0,39,M,3,Técnico/Tecnólogo,Pensionado,2440000.0,600.0,Call center,False,3,Android,0,0,8,653,3,0,3,0,2,0,0,0.875,0.125,202.0,0.0
CR000117,CL00109,2025-05-15,Crédito consumo digital,750000,6,0.0247,136000,Aliado,895,0.0557,Automática,Mora severa,0,1,72,0.8333333333333334,1,39,M,3,Técnico/Tecnólogo,Pensionado,2440000.0,600.0,Call center,False,3,Android,0,0,8,653,3,0,3,0,2,0,0,0.875,0.125,202.0,0.0
CR000118,CL00110,2025-11-12,Crédito libre inversión,1400000,9,0.0195,171000,App,746,0.0847,Automática,Activo,0,0,20,0.6666666666666666,1,35,F,2,Universitario,Pensionado,2020000.0,497.0,Referido,True,0,Android,0,0,8,416,2,2,2,0,0,0,1,0.875,0.0,116.5,1.0
CR000119,CL00111,2024-05-11,Crédito consumo digital,900000,9,0.0356,119000,Web,742,0.0753,Automática,Mora moderada,0,0,27,0.8333333333333334,1,19,F,2,Universitario,Independiente,1580000.0,495.0,Campaña digital,False,1,Android,0,0,9,971,2,0,2,0,3,1,1,0.6666666666666666,0.2222222222222222,92.88888888888889,0.0
CR000120,CL00113,2025-08-04,Microcrédito,2050000,3,0.0379,736000,Call center,850,0.1524,Automática,Finalizado,0,0,0,1.0,0,37,F,1,Bachiller,Empleado,4830000.0,706.0,App orgánico,True,1,Android,0,0,8,360,2,2,1,1,1,0,1,0.625,0.125,166.0,0.5
CR000121,CL00114,2023-07-09,Crédito libre inversión,7800000,9,0.0181,947000,Aliado,900,0.1821,Automática,Finalizado,0,0,0,1.0,0,61,M,4,Bachiller,Empleado,5200000.0,759.0,Call center,False,1,iOS,0,0,9,570,4,0,3,0,1,0,0,0.7777777777777778,0.2222222222222222,188.33333333333334,0.0
CR000122,CL00115,2025-06-25,Microcrédito,7950000,12,0.0319,808000,Aliado,715,0.2825,Automática,Mora moderada,0,1,37,0.5,3,34,M,5,Bachiller,Microempresario,2860000.0,586.0,Aliado comercial,False,0,iOS,0,0,6,196,2,0,0,1,2,1,0,0.6666666666666666,0.16666666666666666,156.0,0.0
CR000123,CL00116,2024-11-29,Crédito libre inversión,1450000,3,0.0243,507000,Aliado,609,0.1928,Manual,Finalizado,0,0,7,0.6666666666666666,1,39,M,2,Bachiller,Independiente,2630000.0,588.0,App orgánico,False,1,Android,1,0,7,675,0,2,1,0,3,1,0,0.7142857142857143,0.2857142857142857,146.0,0.5
CR000124,CL00117,2025-06-26,Crédito libre inversión,2150000,12,0.0276,213000,App,853,0.0734,Automática,Activo,0,0,0,1.0,0,36,F,3,Universitario,Empleado,2900000.0,655.0,Aliado comercial,False,1,iOS,0,0,10,375,4,2,1,1,2,0,0,0.9,0.0,117.2,0.5
CR000125,CL00119,2025-06-12,Crédito libre inversión,2700000,18,0.0267,191000,Call center,889,0.099,Automática,Mora moderada,0,0,0,1.0,0,47,F,4,Técnico/Tecnólogo,Comerciante,1930000.0,613.0,App orgánico,True,0,Android,0,0,10,903,1,2,1,2,2,2,0,0.6,0.2,143.8,0.5
CR000127,CL00121,2025-09-03,Microcrédito,1250000,6,0.0399,238000,App,657,0.2674,Automática,Mora moderada,0,1,45,0.8333333333333334,1,44,M,1,Posgrado,Empleado,890000.0,596.0,App orgánico,True,0,Android,0,0,8,327,1,0,3,1,1,0,2,0.375,0.25,149.0,0.0
CR000128,CL00123,2025-08-14,Microcrédito,6400000,12,0.0312,648000,Aliado,900,0.1403,Automática,Activo,0,0,0,1.0,0,50,M,2,Bachiller,Empleado,4620000.0,711.0,App orgánico,False,0,Android,0,0,13,616,5,4,0,0,1,1,1,0.9230769230769231,0.0,199.15384615384616,0.0
CR000129,CL00123,2024-09-27,Crédito consumo digital,1950000,12,0.0255,191000,Aliado,900,0.0413,Automática,Finalizado,0,0,5,0.8333333333333334,1,50,M,2,Bachiller,Empleado,4620000.0,711.0,App orgánico,False,0,Android,0,0,13,616,5,4,0,0,1,1,1,0.9230769230769231,0.0,199.15384615384616,0.0
CR000130,CL00125,2025-07-17,Crédito consumo digital,2250000,9,0.0252,283000,App,865,0.0515,Automática,Finalizado,0,0,0,1.0,0,42,F,4,Técnico/Tecnólogo,Empleado,5500000.0,678.0,App orgánico,True,4,iOS,0,0,7,756,3,1,1,0,0,1,0,0.8571428571428571,0.14285714285714285,210.42857142857142,1.0
CR000131,CL00126,2025-08-03,Crédito consumo digital,750000,9,0.0213,92000,Web,855,0.0398,Automática,Mora severa,0,1,86,0.6666666666666666,2,58,M,2,Universitario,Independiente,2310000.0,603.0,Call center,True,2,Android,0,0,10,454,4,0,1,1,3,0,1,0.7,0.1,162.6,0.0
CR000132,CL00127,2024-06-22,Crédito consumo digital,1850000,6,0.0255,336000,App,858,0.1057,Automática,Mora severa,0,1,73,0.5,3,26,M,2,Sin información,Independiente,3180000.0,523.0,Referido,True,2,Android,0,0,12,861,2,1,2,2,3,1,0,0.5,0.3333333333333333,75.75,2.0
CR000133,CL00127,2025-01-14,Crédito consumo digital,900000,3,0.0309,319000,App,803,0.1003,Automática,Finalizado,0,0,0,1.0,0,26,M,2,Sin información,Independiente,3180000.0,523.0,Referido,True,2,Android,0,0,12,861,2,1,2,2,3,1,0,0.5,0.3333333333333333,75.75,2.0
CR000134,CL00128,2024-07-03,Crédito consumo digital,1150000,6,0.0239,208000,App,804,0.0589,Automática,Finalizado,0,0,0,1.0,0,30,F,4,Universitario,Empleado,3530000.0,630.0,Referido,False,1,Android,0,0,11,1007,3,2,4,1,0,0,0,0.9090909090909091,0.0,178.63636363636363,2.0
CR000135,CL00130,2024-07-22,Crédito consumo digital,600000,3,0.0324,213000,App,822,0.1392,Automática,Finalizado,0,0,0,1.0,0,31,M,1,Bachiller,Comerciante,1530000.0,492.0,App orgánico,False,1,iOS,0,0,6,1068,2,2,1,0,1,0,0,1.0,0.0,145.5,0.5
CR000136,CL00131,2024-12-21,Crédito consumo digital,1150000,24,0.0337,71000,App,840,0.0281,Automática,Mora moderada,0,0,0,1.0,0,20,F,3,Bachiller,Microempresario,2530000.0,522.0,App orgánico,True,0,Android,0,0,8,1126,2,3,1,0,2,0,0,1.0,0.0,198.0,0.3333333333333333
CR000137,CL00133,2024-05-09,Crédito consumo digital,700000,6,0.0362,132000,App,798,0.066,Automática,Mora moderada,0,1,47,0.8333333333333334,1,25,F,2,Técnico/Tecnólogo,Empleado,2000000.0,476.0,Campaña digital,False,3,Web,0,0,10,972,4,1,0,0,2,1,1,0.6,0.3,111.7,0.0
CR000138,CL00134,2025-03-05,Crédito consumo digital,2800000,12,0.0348,289000,App,777,0.1055,Automática,Finalizado,0,0,13,0.6666666666666666,2,41,F,3,Bachiller,Empleado,2740000.0,605.0,App orgánico,False,1,Android,0,0,6,1056,2,0,2,0,2,0,0,1.0,0.0,109.33333333333333,0.0
CR000139,CL00135,2026-01-01,Crédito consumo digital,2250000,12,0.0206,214000,App,900,0.0575,Automática,Activo,0,0,0,1.0,0,27,M,3,Bachiller,Empleado,3720000.0,632.0,App orgánico,True,0,Android,0,0,9,229,3,3,1,0,2,0,0,0.7777777777777778,0.2222222222222222,137.55555555555554,0.3333333333333333
CR000140,CL00137,2026-02-04,Microcrédito,2000000,12,0.0334,205000,App,658,0.1694,Automática,Activo,0,0,0,0.6666666666666666,0,28,F,2,Universitario,Estudiante,1210000.0,491.0,Campaña digital,True,2,iOS,0,0,10,217,3,3,1,0,2,0,0,0.7,0.3,162.2,0.3333333333333333
CR000141,CL00138,2025-12-31,Crédito consumo digital,1600000,3,0.0322,568000,Web,900,0.1919,Automática,Finalizado,0,0,8,0.6666666666666666,1,33,M,2,Posgrado,Empleado,2960000.0,601.0,Aliado comercial,True,2,Web,0,0,12,154,4,3,0,0,3,1,1,0.75,0.16666666666666666,207.91666666666666,0.0
CR000142,CL00139,2023-09-06,Microcrédito,2250000,24,0.0297,132000,App,723,0.0545,Automática,Mora severa,0,1,49,0.6666666666666666,2,44,F,3,Universitario,Empleado,2420000.0,565.0,Aliado comercial,True,4,Android,0,0,14,809,6,0,2,2,2,0,0,0.7142857142857143,0.14285714285714285,152.78571428571428,0.0
CR000143,CL00140,2024-04-21,Microcrédito,3500000,9,0.0434,478000,Aliado,806,0.1382,Automática,Finalizado,0,0,0,1.0,0,24,No informa,4,Universitario,Pensionado,3460000.0,577.0,App orgánico,False,2,Android,0,0,13,943,1,1,1,0,4,2,1,0.9230769230769231,0.0,173.69230769230768,1.0
CR000144,CL00140,2024-02-27,Avance de nómina,900000,6,0.0262,164000,Web,861,0.0474,Automática,Finalizado,0,0,0,1.0,0,24,No informa,4,Universitario,Pensionado,3460000.0,577.0,App orgánico,False,2,Android,0,0,13,943,1,1,1,0,4,2,1,0.9230769230769231,0.0,173.69230769230768,1.0
CR000145,CL00141,2025-08-27,Microcrédito,2000000,6,0.0406,382000,App,705,0.1882,Automática,Mora severa,0,1,70,0.5,3,38,M,3,Universitario,Conductor/Repartidor,2030000.0,598.0,Referido,False,0,Android,0,0,5,778,2,2,0,0,0,0,1,0.8,0.0,217.4,0.0
CR000146,CL00142,2025-09-06,Microcrédito,10200000,12,0.0385,1078000,Web,900,0.1939,Automática,Activo,0,0,0,1.0,0,49,F,3,Técnico/Tecnólogo,Microempresario,5560000.0,781.0,App orgánico,False,0,Android,0,0,12,490,4,1,2,0,3,2,0,0.8333333333333334,0.16666666666666666,107.58333333333333,2.0
CR000147,CL00142,2025-10-04,Crédito consumo digital,3300000,18,0.0371,255000,Aliado,900,0.0459,Automática,Activo,0,0,0,1.0,0,49,F,3,Técnico/Tecnólogo,Microempresario,5560000.0,781.0,App orgánico,False,0,Android,0,0,12,490,4,1,2,0,3,2,0,0.8333333333333334,0.16666666666666666,107.58333333333333,2.0
CR000148,CL00144,2026-01-16,Crédito consumo digital,550000,24,0.023,30000,Call center,821,0.0101,Automática,Activo,0,0,0,1.0,0,38,F,2,Bachiller,Empleado,2980000.0,481.0,App orgánico,False,0,Android,0,0,11,578,3,2,3,0,1,0,1,0.8181818181818182,0.09090909090909091,123.54545454545455,1.5
CR000149,CL00145,2024-04-20,Crédito consumo digital,1350000,12,0.0291,135000,Web,834,0.0823,Automática,Mora severa,0,0,4,0.8333333333333334,1,39,M,3,Posgrado,Comerciante,1640000.0,465.0,Aliado comercial,False,0,Android,0,0,7,652,2,1,0,0,1,0,3,0.2857142857142857,0.2857142857142857,129.42857142857142,0.0
CR000150,CL00146,2024-07-13,Crédito consumo digital,1150000,12,0.0382,121000,App,829,0.042,Automática,Mora severa,0,1,93,0.6666666666666666,2,44,F,2,Bachiller,Independiente,2880000.0,589.0,Referido,True,0,iOS,0,0,16,792,4,2,3,1,2,1,3,0.5625,0.1875,141.0625,1.5
CR000151,CL00146,2024-02-09,Crédito consumo digital,550000,9,0.0388,74000,App,874,0.0257,Automática,Mora severa,0,1,111,0.8333333333333334,1,44,F,2,Bachiller,Independiente,2880000.0,589.0,Referido,True,0,iOS,0,0,16,792,4,2,3,1,2,1,3,0.5625,0.1875,141.0625,1.5
CR000152,CL00148,2025-04-25,Avance de nómina,1500000,12,0.0237,145000,App,776,0.0665,Automática,Mora moderada,0,1,44,0.6666666666666666,2,23,F,1,Universitario,Empleado,2180000.0,502.0,Campaña digital,False,3,iOS,0,0,9,917,5,2,0,1,1,0,0,0.5555555555555556,0.3333333333333333,111.11111111111111,0.0
CR000153,CL00149,2026-01-08,Microcrédito,1850000,3,0.031,655000,Web,831,0.1809,Automática,Finalizado,0,0,0,1.0,0,41,F,3,Técnico/Tecnólogo,Microempresario,3620000.0,660.0,Call center,False,0,iOS,0,0,10,657,1,3,0,0,2,1,1,0.9,0.0,115.1,0.0
CR000154,CL00150,2025-07-16,Microcrédito,3700000,6,0.0448,717000,App,874,0.1707,Automática,Finalizado,0,0,0,1.0,0,39,F,5,Bachiller,Empleado,4200000.0,634.0,App orgánico,False,1,Web,0,0,15,149,6,0,1,0,2,0,3,0.7333333333333333,0.06666666666666667,229.86666666666667,0.0
CR000155,CL00151,2026-01-05,Microcrédito,3250000,6,0.0273,595000,Web,678,0.3814,Manual,Activo,0,0,4,0.5,1,39,M,1,Posgrado,Empleado,1560000.0,477.0,Aliado comercial,False,0,Android,0,0,5,298,1,1,1,0,2,0,0,0.8,0.2,152.4,1.0
CR000156,CL00152,2026-01-23,Avance de nómina,400000,6,0.0206,72000,App,819,0.0266,Automática,Activo,0,0,2,0.3333333333333333,2,39,F,4,Universitario,Empleado,2710000.0,632.0,App orgánico,False,1,Android,0,0,9,145,3,0,1,1,2,1,0,0.6666666666666666,0.2222222222222222,191.44444444444446,0.0
CR000157,CL00152,2025-05-08,Crédito consumo digital,1050000,12,0.0233,101000,App,900,0.0373,Automática,Activo,0,0,21,0.8333333333333334,1,39,F,4,Universitario,Empleado,2710000.0,632.0,App orgánico,False,1,Android,0,0,9,145,3,0,1,1,2,1,0,0.6666666666666666,0.2222222222222222,191.44444444444446,0.0
CR000158,CL00153,2025-10-18,Avance de nómina,250000,9,0.021,31000,Call center,808,0.0156,Automática,Activo,0,0,1,0.8333333333333334,1,29,M,4,Universitario,Pensionado,1990000.0,526.0,Referido,False,2,Android,0,0,20,822,10,3,1,0,2,1,1,0.9,0.05,144.25,0.3333333333333333
CR000159,CL00153,2024-04-20,Crédito libre inversión,1500000,9,0.0239,187000,App,800,0.094,Automática,Mora moderada,0,0,8,0.6666666666666666,2,29,M,4,Universitario,Pensionado,1990000.0,526.0,Referido,False,2,Android,0,0,20,822,10,3,1,0,2,1,1,0.9,0.05,144.25,0.3333333333333333
CR000160,CL00154,2025-08-09,Avance de nómina,450000,6,0.0291,83000,App,828,0.0324,Automática,Finalizado,0,0,0,1.0,0,38,F,3,Universitario,Microempresario,2560000.0,626.0,App orgánico,True,4,Android,0,0,24,563,8,5,0,3,4,3,1,0.6666666666666666,0.16666666666666666,178.16666666666666,0.0
CR000161,CL00154,2024-11-02,Crédito consumo digital,2000000,9,0.0243,250000,Aliado,826,0.0977,Automática,Finalizado,0,0,0,1.0,0,38,F,3,Universitario,Microempresario,2560000.0,626.0,App orgánico,True,4,Android,0,0,24,563,8,5,0,3,4,3,1,0.6666666666666666,0.16666666666666666,178.16666666666666,0.0
CR000162,CL00155,2025-11-22,Crédito libre inversión,3700000,12,0.0329,378000,App,750,0.1919,Automática,Activo,0,0,0,1.0,0,39,M,1,Técnico/Tecnólogo,Empleado,1970000.0,484.0,Aliado comercial,False,2,Android,0,0,18,266,2,5,2,0,7,1,0,0.7777777777777778,0.2222222222222222,114.0,0.4
CR000163,CL00155,2025-12-05,Crédito consumo digital,1000000,9,0.0241,125000,App,823,0.0635,Automática,Activo,0,0,0,0.8,0,39,M,1,Técnico/Tecnólogo,Empleado,1970000.0,484.0,Aliado comercial,False,2,Android,0,0,18,266,2,5,2,0,7,1,0,0.7777777777777778,0.2222222222222222,114.0,0.4
CR000164,CL00156,2026-02-15,Crédito consumo digital,2350000,12,0.03,236000,Web,888,0.0626,Automática,Activo,0,0,15,0.3333333333333333,1,29,F,2,Técnico/Tecnólogo,Comerciante,3770000.0,625.0,Campaña digital,False,0,Android,0,0,10,618,8,0,0,0,1,0,1,0.9,0.0,84.4,0.0
CR000165,CL00158,2025-06-21,Crédito libre inversión,11500000,6,0.0297,2121000,Web,900,0.3754,Manual,Mora severa,0,1,109,0.8333333333333334,1,41,M,4,Posgrado,Empleado,5650000.0,668.0,Campaña digital,True,0,Android,0,0,8,495,1,0,1,0,2,1,3,0.5,0.125,154.375,0.0
CR000166,CL00159,2023-11-16,Avance de nómina,400000,3,0.022,139000,App,861,0.0891,Automática,Finalizado,0,0,3,0.6666666666666666,1,24,M,1,Bachiller,Empleado,1560000.0,506.0,Call center,True,2,Android,0,0,6,680,1,2,1,0,1,0,1,0.8333333333333334,0.0,178.5,0.5
CR000167,CL00161,2025-11-12,Microcrédito,1400000,3,0.0289,494000,App,828,0.3088,Automática,Finalizado,0,0,14,0.6666666666666666,1,26,M,2,Sin información,Empleado,1600000.0,531.0,Referido,False,4,Android,0,0,9,317,3,0,4,0,2,0,0,0.7777777777777778,0.2222222222222222,175.88888888888889,0.0
CR000168,CL00163,2025-11-04,Crédito libre inversión,4900000,6,0.0294,903000,Call center,834,0.2648,Automática,Finalizado,0,0,0,1.0,0,48,F,4,Universitario,Microempresario,3410000.0,660.0,Referido,False,1,Android,0,0,7,469,2,1,0,0,0,2,2,0.7142857142857143,0.0,152.28571428571428,0.0
CR000169,CL00164,2025-07-13,Microcrédito,1950000,12,0.0364,203000,Aliado,900,0.0781,Automática,Activo,0,0,0,1.0,0,28,M,2,Universitario,Empleado,2600000.0,659.0,Call center,False,1,iOS,0,0,12,1051,5,1,1,2,3,0,0,0.6666666666666666,0.16666666666666666,170.25,1.0
CR000170,CL00165,2024-06-06,Microcrédito,2200000,3,0.0274,774000,App,899,0.2538,Automática,Finalizado,0,0,0,1.0,0,46,F,3,Bachiller,Comerciante,3050000.0,738.0,Referido,False,1,Android,0,0,19,986,4,4,3,1,5,0,2,0.6842105263157895,0.15789473684210525,191.26315789473685,0.75
CR000171,CL00165,2024-12-01,Crédito consumo digital,1450000,18,0.0389,113000,App,900,0.037,Automática,Activo,0,0,0,1.0,0,46,F,3,Bachiller,Comerciante,3050000.0,738.0,Referido,False,1,Android,0,0,19,986,4,4,3,1,5,0,2,0.6842105263157895,0.15789473684210525,191.26315789473685,0.75
CR000173,CL00167,2024-09-01,Microcrédito,1950000,3,0.0351,696000,Aliado,746,0.2559,Automática,Finalizado,0,0,0,1.0,0,44,F,2,Posgrado,Comerciante,2720000.0,517.0,App orgánico,False,3,Android,0,0,16,969,3,4,2,1,4,0,1,0.8125,0.0625,100.125,0.5
CR000174,CL00167,2023-05-29,Crédito consumo digital,850000,9,0.0291,109000,Aliado,765,0.0401,Automática,Mora moderada,0,1,48,0.6666666666666666,2,44,F,2,Posgrado,Comerciante,2720000.0,517.0,App orgánico,False,3,Android,0,0,16,969,3,4,2,1,4,0,1,0.8125,0.0625,100.125,0.5
CR000175,CL00168,2024-04-25,Crédito consumo digital,1400000,6,0.0324,261000,Call center,900,0.0942,Automática,Finalizado,0,0,0,1.0,0,55,F,4,Técnico/Tecnólogo,Conductor/Repartidor,2770000.0,512.0,Aliado comercial,False,1,Web,0,0,16,768,4,3,1,1,3,1,3,0.625,0.125,186.0,0.3333333333333333
CR000176,CL00169,2025-01-24,Avance de nómina,550000,6,0.0195,98000,Aliado,860,0.0274,Automática,Finalizado,0,0,0,1.0,0,34,F,1,Técnico/Tecnólogo,Empleado,3580000.0,601.0,Campaña digital,False,0,Android,0,0,11,997,1,0,0,2,5,0,1,0.6363636363636364,0.09090909090909091,169.27272727272728,0.0
CR000177,CL00170,2024-10-14,Crédito libre inversión,3100000,6,0.0198,553000,App,793,0.2333,Automática,Finalizado,0,0,20,0.8333333333333334,1,28,F,1,Universitario,Comerciante,2370000.0,498.0,Campaña digital,False,1,Android,0,0,8,841,2,0,1,0,2,0,2,0.625,0.125,85.75,0.0
CR000178,CL00172,2025-10-24,Avance de nómina,1650000,6,0.0319,306000,Aliado,873,0.0789,Automática,Finalizado,0,0,0,1.0,0,28,F,3,Universitario,Empleado,3880000.0,616.0,App orgánico,True,2,Android,0,0,8,260,2,1,1,0,3,0,1,0.625,0.25,151.75,1.0
CR000179,CL00173,2025-03-25,Crédito consumo digital,1700000,6,0.0298,314000,Call center,896,0.1303,Automática,Finalizado,0,0,26,0.8333333333333334,1,35,F,3,Posgrado,Empleado,2410000.0,585.0,App orgánico,True,2,Android,0,0,10,893,4,2,2,0,2,0,0,0.8,0.2,97.6,1.0
CR000180,CL00173,2023-11-06,Microcrédito,1550000,6,0.0361,292000,Web,762,0.1212,Automática,Finalizado,0,0,0,1.0,0,35,F,3,Posgrado,Empleado,2410000.0,585.0,App orgánico,True,2,Android,0,0,10,893,4,2,2,0,2,0,0,0.8,0.2,97.6,1.0
CR000181,CL00174,2024-09-03,Crédito consumo digital,650000,3,0.0223,226000,App,761,0.1412,Automática,Finalizado,0,0,6,0.0,3,39,M,2,Sin información,Microempresario,1600000.0,487.0,App orgánico,True,1,Android,0,0,5,599,3,1,0,0,0,0,1,0.8,0.0,113.4,0.0
CR000182,CL00175,2026-01-15,Crédito libre inversión,1350000,3,0.0273,475000,App,758,0.2411,Automática,Activo,0,0,15,0.6666666666666666,1,39,F,2,Universitario,Comerciante,1970000.0,539.0,Call center,False,3,Android,0,0,8,249,3,2,2,0,1,0,0,0.75,0.25,93.375,1.0
CR000183,CL00176,2025-05-19,Crédito consumo digital,1350000,12,0.0314,137000,App,900,0.0521,Automática,Activo,0,0,0,1.0,0,44,F,3,Técnico/Tecnólogo,Microempresario,2630000.0,580.0,App orgánico,True,1,Android,0,0,3,303,2,1,0,0,0,0,0,1.0,0.0,138.66666666666666,0.0
CR000184,CL00178,2024-09-05,Avance de nómina,1300000,24,0.0318,78000,App,831,0.0263,Automática,Activo,0,0,0,1.0,0,51,M,1,Universitario,Empleado,2970000.0,638.0,Aliado comercial,False,0,Android,0,0,8,658,1,4,1,0,1,0,1,0.75,0.125,159.125,0.25
CR000185,CL00180,2025-10-26,Crédito libre inversión,2350000,6,0.0182,417000,Web,875,0.1404,Automática,Finalizado,0,0,0,1.0,0,63,F,2,Técnico/Tecnólogo,Microempresario,2970000.0,665.0,App orgánico,True,1,iOS,0,0,11,284,2,2,2,0,4,0,1,0.7272727272727273,0.18181818181818182,157.45454545454547,1.0
CR000186,CL00181,2025-11-28,Crédito libre inversión,4400000,12,0.0203,417000,Aliado,900,0.086,Automática,Activo,0,0,0,1.0,0,42,M,5,Bachiller,Independiente,4850000.0,691.0,Referido,False,2,Android,0,0,9,238,1,4,3,0,1,0,0,1.0,0.0,127.55555555555556,0.75
CR000187,CL00182,2024-10-29,Crédito consumo digital,7650000,3,0.0271,2689000,Web,787,0.693,Excepción,Mora moderada,0,1,34,0.6666666666666666,1,27,F,3,Técnico/Tecnólogo,Empleado,3880000.0,594.0,App orgánico,True,4,iOS,0,0,7,550,0,0,1,0,2,0,4,0.42857142857142855,0.0,154.14285714285714,0.0
CR000188,CL00183,2025-11-11,Crédito consumo digital,400000,12,0.0246,39000,App,804,0.0639,Automática,Activo,0,0,0,0.8333333333333334,0,25,M,2,Universitario,Desempleado,610000.0,526.0,Campaña digital,False,0,Android,0,0,18,631,5,1,4,1,3,2,1,0.8333333333333334,0.05555555555555555,140.66666666666666,4.0
CR000189,CL00183,2025-03-17,Microcrédito,1050000,12,0.0308,106000,Web,673,0.1738,Automática,Mora moderada,0,1,50,0.6666666666666666,2,25,M,2,Universitario,Desempleado,610000.0,526.0,Campaña digital,False,0,Android,0,0,18,631,5,1,4,1,3,2,1,0.8333333333333334,0.05555555555555555,140.66666666666666,4.0
CR000190,CL00183,2025-05-22,Crédito consumo digital,250000,9,0.0342,33000,App,786,0.0541,Automática,Finalizado,0,0,0,1.0,0,25,M,2,Universitario,Desempleado,610000.0,526.0,Campaña digital,False,0,Android,0,0,18,631,5,1,4,1,3,2,1,0.8333333333333334,0.05555555555555555,140.66666666666666,4.0
CR000191,CL00184,2024-05-09,Avance de nómina,650000,12,0.0262,64000,Web,728,0.0322,Automática,Finalizado,0,0,0,1.0,0,41,F,2,Técnico/Tecnólogo,Empleado,1990000.0,493.0,App orgánico,False,3,Android,0,0,7,746,2,2,1,0,2,0,0,1.0,0.0,121.14285714285714,0.5
CR000192,CL00185,2026-01-11,Crédito libre inversión,2400000,6,0.0306,444000,App,826,0.1362,Automática,Activo,0,0,0,0.75,0,34,F,1,Universitario,Microempresario,3260000.0,493.0,Campaña digital,True,1,Web,0,0,9,282,4,0,1,0,3,0,1,0.8888888888888888,0.0,167.22222222222223,0.0
CR000193,CL00186,2025-01-26,Crédito consumo digital,1400000,18,0.025,98000,Call center,900,0.0222,Automática,Mora severa,0,1,98,0.8333333333333334,1,43,F,3,Sin información,Microempresario,4410000.0,555.0,App orgánico,False,2,Android,0,0,11,857,3,1,3,0,2,0,1,0.8181818181818182,0.09090909090909091,188.36363636363637,3.0
CR000194,CL00186,2024-05-04,Crédito consumo digital,4550000,6,0.0246,825000,App,836,0.1871,Automática,Finalizado,0,0,3,0.8333333333333334,1,43,F,3,Sin información,Microempresario,4410000.0,555.0,App orgánico,False,2,Android,0,0,11,857,3,1,3,0,2,0,1,0.8181818181818182,0.09090909090909091,188.36363636363637,3.0
CR000195,CL00188,2025-02-25,Crédito consumo digital,1450000,3,0.0291,512000,App,900,0.2107,Automática,Finalizado,0,0,0,1.0,0,35,F,3,Universitario,Microempresario,2430000.0,615.0,Referido,True,0,Android,0,0,7,437,4,1,1,0,0,1,0,0.8571428571428571,0.14285714285714285,132.57142857142858,1.0
CR000196,CL00189,2024-03-24,Avance de nómina,900000,3,0.0312,319000,App,768,0.1498,Automática,Mora moderada,0,1,56,0.6666666666666666,1,28,M,2,Bachiller,Independiente,2130000.0,507.0,Call center,False,2,Android,0,0,8,602,4,1,1,0,1,0,1,0.875,0.0,91.625,1.0
CR000197,CL00190,2025-05-28,Crédito libre inversión,2150000,12,0.0269,212000,Call center,854,0.1065,Automática,Activo,0,0,0,1.0,0,21,M,3,Bachiller,Empleado,1990000.0,659.0,Aliado comercial,False,1,Android,0,0,12,173,2,2,1,0,3,2,0,0.8333333333333334,0.16666666666666666,136.25,0.5
CR000198,CL00190,2025-09-21,Microcrédito,3100000,6,0.0433,598000,Aliado,868,0.3005,Automática,Mora moderada,0,1,40,0.8333333333333334,1,21,M,3,Bachiller,Empleado,1990000.0,659.0,Aliado comercial,False,1,Android,0,0,12,173,2,2,1,0,3,2,0,0.8333333333333334,0.16666666666666666,136.25,0.5
CR000199,CL00191,2025-11-06,Crédito libre inversión,3350000,12,0.022,321000,App,849,0.1249,Automática,Activo,0,0,0,0.8333333333333334,0,32,M,4,Sin información,Independiente,2370000.0,691.0,Campaña digital,False,0,Web,0,0,9,129,3,1,2,0,3,0,0,1.0,0.0,99.77777777777777,2.0
CR000200,CL00192,2024-06-18,Crédito consumo digital,700000,3,0.0331,249000,Web,839,0.0886,Automática,Mora moderada,0,1,39,0.6666666666666666,1,45,F,2,Universitario,Empleado,2810000.0,571.0,Referido,True,0,Android,0,0,7,474,2,1,2,1,0,0,1,0.5714285714285714,0.14285714285714285,138.42857142857142,2.0
CR000201,CL00193,2025-11-07,Crédito libre inversión,3250000,6,0.0284,597000,App,682,0.4489,Manual,Mora severa,0,1,82,0.3333333333333333,3,38,F,5,Universitario,Desempleado,1330000.0,450.0,Call center,True,0,Web,0,0,6,247,1,1,1,1,1,0,1,0.5,0.16666666666666666,157.66666666666666,1.0
CR000202,CL00194,2025-12-13,Crédito libre inversión,13800000,9,0.0244,1726000,App,900,0.3736,Manual,Activo,0,0,0,0.8,0,24,No informa,3,Bachiller,Empleado,4620000.0,692.0,Campaña digital,False,1,Android,0,0,19,868,8,2,1,2,2,2,1,0.631578947368421,0.21052631578947367,142.3684210526316,0.5
CR000203,CL00194,2025-09-11,Crédito consumo digital,1700000,9,0.0277,216000,App,858,0.0468,Automática,Activo,0,0,0,1.0,0,24,No informa,3,Bachiller,Empleado,4620000.0,692.0,Campaña digital,False,1,Android,0,0,19,868,8,2,1,2,2,2,1,0.631578947368421,0.21052631578947367,142.3684210526316,0.5
CR000204,CL00195,2025-06-07,Microcrédito,6950000,3,0.0341,2477000,App,809,0.7097,Excepción,Finalizado,0,0,0,1.0,0,38,F,4,Bachiller,Empleado,3490000.0,643.0,Campaña digital,True,3,iOS,0,0,7,83,4,0,0,0,1,0,2,0.7142857142857143,0.0,138.42857142857142,0.0
CR000205,CL00196,2024-08-04,Crédito consumo digital,1650000,12,0.0225,158000,App,770,0.0656,Automática,Mora moderada,0,1,54,0.8333333333333334,1,40,F,1,Universitario,Empleado,2410000.0,450.0,App orgánico,True,1,Android,0,0,12,821,5,0,1,1,3,0,1,0.75,0.08333333333333333,200.41666666666666,0.0
CR000206,CL00197,2024-02-28,Crédito consumo digital,2150000,12,0.0341,221000,App,900,0.05,Automática,Finalizado,0,0,0,1.0,0,27,F,3,Técnico/Tecnólogo,Empleado,4420000.0,716.0,Call center,False,1,Android,0,0,13,985,2,3,4,0,4,0,0,0.8461538461538461,0.15384615384615385,211.15384615384616,1.3333333333333333
CR000207,CL00198,2024-03-30,Crédito consumo digital,800000,3,0.0253,280000,App,792,0.1167,Automática,Finalizado,0,0,12,0.3333333333333333,2,38,M,2,Técnico/Tecnólogo,Microempresario,2400000.0,511.0,Aliado comercial,True,0,Android,0,0,10,850,6,0,3,0,1,0,0,0.9,0.1,184.9,0.0
CR000209,CL00200,2025-11-17,Avance de nómina,250000,18,0.0293,18000,App,759,0.0178,Automática,Activo,0,0,13,0.8,1,25,M,2,Bachiller,Desempleado,1010000.0,518.0,Campaña digital,False,0,Android,0,0,18,557,1,5,3,1,5,0,2,0.8333333333333334,0.0,153.83333333333334,0.6
CR000210,CL00200,2025-12-19,Crédito libre inversión,250000,12,0.0216,24000,App,713,0.0238,Automática,Activo,0,0,0,1.0,0,25,M,2,Bachiller,Desempleado,1010000.0,518.0,Campaña digital,False,0,Android,0,0,18,557,1,5,3,1,5,0,2,0.8333333333333334,0.0,153.83333333333334,0.6
CR000211,CL00200,2024-11-13,Crédito libre inversión,1000000,6,0.0329,186000,Web,836,0.1842,Automática,Finalizado,0,0,17,0.5,3,25,M,2,Bachiller,Desempleado,1010000.0,518.0,Campaña digital,False,0,Android,0,0,18,557,1,5,3,1,5,0,2,0.8333333333333334,0.0,153.83333333333334,0.6
CR000212,CL00202,2025-11-24,Crédito libre inversión,5000000,12,0.0327,511000,Web,831,0.212,Automática,Activo,0,0,7,0.8,1,42,M,4,Universitario,Empleado,2410000.0,624.0,App orgánico,True,0,Android,0,0,8,228,3,2,1,0,2,0,0,0.75,0.25,108.0,0.5
CR000213,CL00203,2025-04-12,Crédito consumo digital,1400000,12,0.0234,135000,Aliado,900,0.0458,Automática,Finalizado,0,0,0,1.0,0,47,F,4,Técnico/Tecnólogo,Empleado,2950000.0,613.0,Referido,False,2,Android,0,0,12,740,4,3,2,0,2,1,0,0.9166666666666666,0.08333333333333333,154.75,0.6666666666666666
CR000214,CL00204,2025-03-27,Crédito libre inversión,23300000,6,0.0239,4214000,App,900,0.548,Manual,Finalizado,0,0,0,1.0,0,47,F,6,Universitario,Microempresario,7690000.0,850.0,Campaña digital,True,1,Android,0,0,9,676,2,3,0,0,3,0,1,0.8888888888888888,0.0,208.55555555555554,0.0
CR000215,CL00205,2024-08-26,Microcrédito,2900000,9,0.0278,369000,App,822,0.1597,Automática,Finalizado,0,0,26,0.8333333333333334,1,22,F,3,Sin información,Comerciante,2310000.0,557.0,App orgánico,False,0,Android,0,0,9,679,2,0,2,0,5,0,0,1.0,0.0,155.44444444444446,0.0
CR000216,CL00205,2024-04-11,Crédito consumo digital,550000,6,0.0288,101000,Aliado,900,0.0437,Automática,Finalizado,0,0,11,0.8333333333333334,1,22,F,3,Sin información,Comerciante,2310000.0,557.0,App orgánico,False,0,Android,0,0,9,679,2,0,2,0,5,0,0,1.0,0.0,155.44444444444446,0.0
CR000217,CL00206,2023-06-10,Crédito consumo digital,950000,6,0.0351,178000,App,888,0.0886,Automática,Finalizado,0,0,6,0.8333333333333334,1,27,F,4,Posgrado,Pensionado,2010000.0,590.0,Campaña digital,False,0,Android,0,0,12,639,3,1,1,1,4,0,0,0.8333333333333334,0.08333333333333333,172.33333333333334,1.0
CR000218,CL00207,2025-09-23,Crédito libre inversión,3350000,12,0.0244,325000,App,853,0.1236,Automática,Activo,0,0,29,0.5,3,41,M,3,Técnico/Tecnólogo,Independiente,2630000.0,582.0,App orgánico,True,1,Web,0,0,13,369,4,3,1,1,1,0,2,0.5384615384615384,0.23076923076923078,145.0,0.3333333333333333
CR000219,CL00207,2025-03-23,Crédito libre inversión,4500000,6,0.0282,826000,App,868,0.3141,Automática,Finalizado,0,0,0,1.0,0,41,M,3,Técnico/Tecnólogo,Independiente,2630000.0,582.0,App orgánico,True,1,Web,0,0,13,369,4,3,1,1,1,0,2,0.5384615384615384,0.23076923076923078,145.0,0.3333333333333333
CR000220,CL00208,2026-01-03,Crédito libre inversión,3500000,12,0.0274,346000,Web,816,0.1485,Automática,Mora moderada,0,1,48,0.75,1,41,F,1,Sin información,Empleado,2330000.0,622.0,Referido,True,2,Android,0,0,3,299,2,0,0,0,1,0,0,0.3333333333333333,0.6666666666666666,184.0,0.0
CR000221,CL00209,2024-08-23,Microcrédito,5000000,24,0.0346,310000,App,900,0.1319,Automática,Mora moderada,0,0,0,1.0,0,41,F,2,Universitario,Empleado,2350000.0,549.0,Call center,False,1,Android,0,0,5,522,2,1,1,0,1,0,0,0.8,0.2,245.0,1.0
CR000222,CL00210,2026-01-25,Crédito libre inversión,7300000,3,0.0226,2544000,Web,900,0.4855,Manual,Finalizado,0,0,0,1.0,0,68,M,3,Bachiller,Empleado,5240000.0,736.0,Campaña digital,False,3,Web,0,0,9,90,2,0,2,1,2,0,1,0.5555555555555556,0.2222222222222222,147.0,0.0
CR000223,CL00210,2026-01-20,Crédito libre inversión,5800000,3,0.0336,2065000,App,888,0.3941,Manual,Finalizado,0,0,0,1.0,0,68,M,3,Bachiller,Empleado,5240000.0,736.0,Campaña digital,False,3,Web,0,0,9,90,2,0,2,1,2,0,1,0.5555555555555556,0.2222222222222222,147.0,0.0
CR000224,CL00211,2025-11-10,Crédito consumo digital,1550000,6,0.0303,286000,Call center,861,0.0897,Automática,Activo,0,0,0,0.8333333333333334,0,42,F,3,Universitario,Empleado,3190000.0,688.0,Campaña digital,False,0,Android,0,0,6,743,1,2,2,0,1,0,0,0.8333333333333334,0.16666666666666666,203.5,1.0
CR000225,CL00212,2025-08-05,Crédito consumo digital,400000,12,0.0358,42000,App,746,0.0333,Automática,Mora moderada,0,1,51,0.5,3,47,M,1,Bachiller,Independiente,1260000.0,392.0,Referido,False,1,iOS,0,0,17,260,6,1,2,2,2,2,1,0.7647058823529411,0.058823529411764705,159.35294117647058,2.0
CR000227,CL00214,2025-08-25,Microcrédito,2250000,6,0.0424,433000,Call center,874,0.1575,Automática,Finalizado,0,0,0,1.0,0,43,M,3,Posgrado,Independiente,2750000.0,577.0,App orgánico,False,0,Android,0,0,14,349,2,4,2,0,3,3,0,0.6428571428571429,0.35714285714285715,154.14285714285714,0.5
CR000228,CL00214,2025-03-13,Crédito consumo digital,2350000,6,0.0236,425000,Aliado,860,0.1545,Automática,Mora moderada,0,1,51,0.8333333333333334,1,43,M,3,Posgrado,Independiente,2750000.0,577.0,App orgánico,False,0,Android,0,0,14,349,2,4,2,0,3,3,0,0.6428571428571429,0.35714285714285715,154.14285714285714,0.5
CR000229,CL00215,2025-11-21,Crédito consumo digital,500000,9,0.0222,62000,App,794,0.0405,Automática,Activo,0,0,11,0.4,3,33,M,1,Bachiller,Conductor/Repartidor,1530000.0,543.0,Campaña digital,False,0,Android,0,0,15,685,3,4,1,1,3,1,0,0.7333333333333333,0.2,139.8,0.25
CR000230,CL00215,2026-02-06,Crédito consumo digital,550000,3,0.0384,198000,Web,780,0.1294,Automática,Activo,0,0,24,0.3333333333333333,1,33,M,1,Bachiller,Conductor/Repartidor,1530000.0,543.0,Campaña digital,False,0,Android,0,0,15,685,3,4,1,1,3,1,0,0.7333333333333333,0.2,139.8,0.25
CR000231,CL00216,2025-08-13,Crédito consumo digital,800000,6,0.0374,151000,App,800,0.0786,Automática,Mora moderada,0,1,43,0.5,3,44,M,2,Universitario,Pensionado,1920000.0,505.0,Referido,False,1,Android,0,0,4,423,0,0,1,2,1,0,0,0.5,0.0,121.0,0.0
CR000232,CL00217,2024-02-24,Microcrédito,2650000,12,0.0332,271000,Aliado,844,0.0695,Automática,Mora moderada,0,0,0,1.0,0,28,F,3,Bachiller,Comerciante,3900000.0,683.0,App orgánico,False,3,Web,0,0,10,852,4,2,1,0,1,0,1,0.6,0.3,165.3,0.5
CR000233,CL00217,2024-02-07,Crédito libre inversión,7700000,18,0.0288,554000,Aliado,900,0.1421,Automática,Finalizado,0,0,0,1.0,0,28,F,3,Bachiller,Comerciante,3900000.0,683.0,App orgánico,False,3,Web,0,0,10,852,4,2,1,0,1,0,1,0.6,0.3,165.3,0.5
CR000234,CL00218,2024-10-05,Avance de nómina,250000,3,0.0307,88000,App,783,0.0579,Automática,Finalizado,0,0,0,1.0,0,34,M,2,Universitario,Empleado,1520000.0,595.0,Aliado comercial,True,2,iOS,0,0,7,415,1,1,0,1,2,2,0,0.7142857142857143,0.14285714285714285,161.0,0.0
CR000235,CL00219,2023-11-06,Crédito libre inversión,5300000,24,0.031,316000,App,842,0.0806,Automática,Mora severa,0,0,0,1.0,0,31,F,3,Bachiller,Empleado,3920000.0,600.0,Campaña digital,False,0,Android,0,0,13,540,4,2,1,1,3,0,1,0.6923076923076923,0.15384615384615385,144.3846153846154,0.5
CR000236,CL00220,2024-01-20,Crédito consumo digital,1550000,9,0.0244,194000,Aliado,835,0.0956,Automática,Finalizado,0,0,6,0.8333333333333334,1,37,M,2,Técnico/Tecnólogo,Empleado,2030000.0,611.0,Aliado comercial,False,3,Web,0,0,11,842,6,1,1,0,2,0,1,0.9090909090909091,0.0,138.72727272727272,1.0
CR000237,CL00221,2025-12-28,Crédito consumo digital,3950000,6,0.0224,711000,App,855,0.1943,Automática,Activo,0,0,5,0.75,1,59,F,2,Bachiller,Empleado,3660000.0,551.0,Aliado comercial,True,3,Android,0,0,13,364,3,3,1,1,2,0,3,0.5384615384615384,0.15384615384615385,101.6923076923077,0.3333333333333333
CR000238,CL00221,2026-02-02,Crédito consumo digital,1200000,6,0.0357,226000,App,878,0.0617,Automática,Activo,0,0,0,0.6666666666666666,0,59,F,2,Bachiller,Empleado,3660000.0,551.0,Aliado comercial,True,3,Android,0,0,13,364,3,3,1,1,2,0,3,0.5384615384615384,0.15384615384615385,101.6923076923077,0.3333333333333333
CR000239,CL00222,2023-11-04,Avance de nómina,650000,9,0.0214,80000,App,768,0.0964,Automática,Mora severa,0,1,82,0.3333333333333333,4,19,F,3,Bachiller,Desempleado,830000.0,487.0,Aliado comercial,False,1,Android,0,0,11,897,3,2,3,0,1,0,1,0.8181818181818182,0.09090909090909091,166.1818181818182,1.5
CR000240,CL00223,2025-11-19,Crédito consumo digital,1050000,6,0.0347,197000,Call center,726,0.1296,Automática,Activo,0,0,0,1.0,0,43,M,1,Bachiller,Empleado,1520000.0,571.0,App orgánico,True,0,Android,0,0,6,143,2,2,0,0,1,1,0,0.8333333333333334,0.16666666666666666,177.83333333333334,0.0
CR000241,CL00224,2024-07-11,Microcrédito,4450000,6,0.0427,856000,Aliado,798,0.265,Automática,Finalizado,0,0,29,0.8333333333333334,1,20,F,3,Técnico/Tecnólogo,Conductor/Repartidor,3230000.0,541.0,Referido,True,0,Android,0,0,14,749,5,1,1,1,4,1,0,0.9285714285714286,0.0,169.42857142857142,1.0
CR000242,CL00224,2025-08-06,Microcrédito,3550000,18,0.0305,259000,App,847,0.0802,Automática,Mora moderada,0,1,36,0.5,3,20,F,3,Técnico/Tecnólogo,Conductor/Repartidor,3230000.0,541.0,Referido,True,0,Android,0,0,14,749,5,1,1,1,4,1,0,0.9285714285714286,0.0,169.42857142857142,1.0
CR000243,CL00225,2026-02-01,Crédito consumo digital,2050000,9,0.0367,272000,Aliado,824,0.147,Automática,Activo,0,0,1,0.6666666666666666,1,31,M,2,Universitario,Conductor/Repartidor,1850000.0,511.0,Referido,False,0,Android,0,0,6,265,2,2,1,0,1,0,0,1.0,0.0,247.33333333333334,0.5
CR000244,CL00226,2025-08-22,Crédito libre inversión,5150000,24,0.0237,284000,Web,900,0.0973,Automática,Activo,0,0,0,1.0,0,47,F,5,Posgrado,Pensionado,2920000.0,650.0,App orgánico,True,0,Android,0,0,9,801,3,1,1,0,2,1,1,0.7777777777777778,0.1111111111111111,308.1111111111111,1.0
CR000245,CL00226,2025-11-28,Microcrédito,2100000,12,0.0289,210000,Aliado,823,0.0719,Automática,Activo,0,0,0,1.0,0,47,F,5,Posgrado,Pensionado,2920000.0,650.0,App orgánico,True,0,Android,0,0,9,801,3,1,1,0,2,1,1,0.7777777777777778,0.1111111111111111,308.1111111111111,1.0
CR000246,CL00227,2025-02-04,Crédito consumo digital,2400000,18,0.0202,160000,App,771,0.0842,Automática,Activo,0,0,0,1.0,0,37,M,2,Sin información,Empleado,1900000.0,581.0,Aliado comercial,True,0,Android,0,0,11,601,4,1,1,0,3,0,1,0.7272727272727273,0.18181818181818182,174.36363636363637,1.0
CR000247,CL00228,2024-09-12,Microcrédito,2250000,12,0.0359,234000,Aliado,862,0.0576,Automática,Finalizado,0,0,14,0.8333333333333334,1,25,M,6,Técnico/Tecnólogo,Microempresario,4060000.0,637.0,Aliado comercial,True,4,Web,0,0,9,984,2,0,0,2,3,1,1,0.4444444444444444,0.2222222222222222,134.55555555555554,0.0
CR000248,CL00229,2026-01-25,Crédito libre inversión,5000000,12,0.0179,467000,App,789,0.2684,Automática,Mora moderada,0,0,30,0.3333333333333333,2,29,F,2,Técnico/Tecnólogo,Independiente,1740000.0,565.0,Call center,False,1,Android,0,0,13,267,4,0,2,0,4,1,1,0.9230769230769231,0.0,165.53846153846155,0.0
CR000249,CL00229,2025-09-09,Crédito consumo digital,1500000,12,0.0317,152000,Web,900,0.0874,Automática,Mora moderada,0,1,32,0.6666666666666666,2,29,F,2,Técnico/Tecnólogo,Independiente,1740000.0,565.0,Call center,False,1,Android,0,0,13,267,4,0,2,0,4,1,1,0.9230769230769231,0.0,165.53846153846155,0.0
CR000250,CL00230,2025-08-22,Crédito libre inversión,3900000,12,0.0324,397000,App,781,0.1521,Automática,Activo,0,0,0,1.0,0,43,M,1,Sin información,Empleado,2610000.0,527.0,Campaña digital,False,1,iOS,0,0,14,108,0,4,4,2,4,0,0,0.7142857142857143,0.14285714285714285,162.57142857142858,1.0
CR000251,CL00230,2026-01-30,Crédito consumo digital,750000,18,0.0285,54000,App,770,0.0207,Automática,Activo,0,0,0,1.0,0,43,M,1,Sin información,Empleado,2610000.0,527.0,Campaña digital,False,1,iOS,0,0,14,108,0,4,4,2,4,0,0,0.7142857142857143,0.14285714285714285,162.57142857142858,1.0
CR000252,CL00231,2024-11-21,Microcrédito,3050000,12,0.029,305000,App,804,0.1245,Automática,Mora moderada,0,0,10,0.5,3,29,M,4,Sin información,Empleado,2450000.0,601.0,Referido,False,1,iOS,0,0,14,905,6,1,3,0,1,1,0,1.0,0.0,137.0,3.0
CR000253,CL00231,2024-11-26,Avance de nómina,1100000,3,0.0275,387000,Web,856,0.158,Automática,Finalizado,0,0,0,1.0,0,29,M,4,Sin información,Empleado,2450000.0,601.0,Referido,False,1,iOS,0,0,14,905,6,1,3,0,1,1,0,1.0,0.0,137.0,3.0
CR000254,CL00232,2025-01-29,Crédito libre inversión,9200000,6,0.0194,1639000,App,900,0.4017,Manual,Finalizado,0,0,14,0.8333333333333334,1,38,F,3,Bachiller,Microempresario,4080000.0,642.0,App orgánico,False,0,Android,0,0,16,525,3,4,2,1,2,1,3,0.75,0.0,121.9375,0.5
CR000255,CL00232,2024-09-11,Crédito consumo digital,1450000,9,0.0286,185000,App,832,0.0453,Automática,Finalizado,0,0,0,1.0,0,38,F,3,Bachiller,Microempresario,4080000.0,642.0,App orgánico,False,0,Android,0,0,16,525,3,4,2,1,2,1,3,0.75,0.0,121.9375,0.5
CR000256,CL00233,2024-01-26,Crédito libre inversión,3450000,9,0.026,435000,App,900,0.0946,Automática,Finalizado,0,0,0,1.0,0,36,M,4,Bachiller,Comerciante,4600000.0,743.0,App orgánico,True,1,Android,0,0,14,673,5,3,2,1,2,0,1,0.8571428571428571,0.0,116.07142857142857,0.6666666666666666
CR000257,CL00234,2023-09-02,Crédito consumo digital,1550000,9,0.0251,195000,App,706,0.1114,Automática,Finalizado,0,0,3,0.8333333333333334,1,29,F,4,Universitario,Conductor/Repartidor,1750000.0,509.0,Aliado comercial,False,0,iOS,0,0,13,1035,2,5,3,0,0,2,1,0.9230769230769231,0.0,119.38461538461539,0.6
CR000258,CL00234,2025-05-24,Crédito libre inversión,1350000,6,0.0253,245000,Aliado,776,0.14,Automática,Finalizado,0,0,0,1.0,0,29,F,4,Universitario,Conductor/Repartidor,1750000.0,509.0,Aliado comercial,False,0,iOS,0,0,13,1035,2,5,3,0,0,2,1,0.9230769230769231,0.0,119.38461538461539,0.6
CR000259,CL00234,2023-05-15,Crédito libre inversión,3100000,6,0.025,563000,Aliado,682,0.3217,Automática,Mora severa,0,1,115,0.5,3,29,F,4,Universitario,Conductor/Repartidor,1750000.0,509.0,Aliado comercial,False,0,iOS,0,0,13,1035,2,5,3,0,0,2,1,0.9230769230769231,0.0,119.38461538461539,0.6
CR000260,CL00235,2025-05-10,Microcrédito,2400000,6,0.0316,445000,Web,885,0.1382,Automática,Finalizado,0,0,0,1.0,0,57,M,3,Sin información,Empleado,3220000.0,763.0,Aliado comercial,False,2,Android,0,0,10,814,7,1,0,0,1,0,1,0.9,0.0,130.8,0.0
CR000261,CL00236,2024-10-15,Avance de nómina,650000,6,0.0301,120000,Aliado,873,0.0349,Automática,Finalizado,0,0,0,1.0,0,42,F,2,Sin información,Empleado,3440000.0,593.0,Campaña digital,False,1,Android,0,0,15,655,3,3,2,0,5,0,2,0.7333333333333333,0.13333333333333333,128.73333333333332,0.6666666666666666
CR000262,CL00236,2024-05-24,Crédito consumo digital,1600000,12,0.036,167000,Web,866,0.0485,Automática,Finalizado,0,0,0,1.0,0,42,F,2,Sin información,Empleado,3440000.0,593.0,Campaña digital,False,1,Android,0,0,15,655,3,3,2,0,5,0,2,0.7333333333333333,0.13333333333333333,128.73333333333332,0.6666666666666666
CR000263,CL00237,2024-07-05,Crédito consumo digital,1900000,6,0.0204,340000,Call center,838,0.1429,Automática,Mora severa,0,1,93,0.3333333333333333,4,19,M,4,Sin información,Independiente,2380000.0,544.0,Call center,True,1,Android,0,0,12,631,5,1,2,0,4,0,0,0.75,0.25,101.41666666666667,2.0
CR000264,CL00238,2025-06-23,Crédito libre inversión,5450000,6,0.019,970000,App,814,0.2608,Automática,Finalizado,0,0,27,0.6666666666666666,2,38,F,3,Técnico/Tecnólogo,Empleado,3720000.0,583.0,Call center,True,1,Android,0,0,8,607,5,1,1,0,1,0,0,0.75,0.25,155.25,1.0
CR000265,CL00239,2025-08-12,Crédito consumo digital,2850000,12,0.0268,281000,App,900,0.0376,Automática,Activo,0,0,0,1.0,0,29,F,6,Bachiller,Empleado,7480000.0,766.0,Referido,True,0,iOS,0,0,14,110,3,0,1,1,4,2,3,0.6428571428571429,0.07142857142857142,233.92857142857142,0.0
CR000267,CL00241,2025-04-11,Crédito consumo digital,3150000,6,0.0367,594000,App,859,0.1619,Automática,Finalizado,0,0,19,0.8333333333333334,1,28,F,4,Posgrado,Empleado,3670000.0,577.0,Aliado comercial,True,3,iOS,0,0,17,602,4,2,3,4,1,0,3,0.47058823529411764,0.11764705882352941,140.0,1.5
CR000268,CL00241,2024-07-29,Crédito libre inversión,3100000,6,0.019,552000,Aliado,861,0.1504,Automática,Finalizado,0,0,0,1.0,0,28,F,4,Posgrado,Empleado,3670000.0,577.0,Aliado comercial,True,3,iOS,0,0,17,602,4,2,3,4,1,0,3,0.47058823529411764,0.11764705882352941,140.0,1.5
CR000269,CL00243,2025-09-07,Crédito consumo digital,450000,12,0.0224,43000,App,764,0.0341,Automática,Mora moderada,0,1,53,0.8333333333333334,1,41,M,1,Técnico/Tecnólogo,Empleado,1260000.0,587.0,Campaña digital,True,2,Android,0,0,6,726,3,1,0,0,2,0,0,0.6666666666666666,0.3333333333333333,192.0,0.0
CR000270,CL00244,2025-01-21,Crédito consumo digital,1500000,6,0.0256,273000,App,861,0.1062,Automática,Mora severa,0,1,94,0.8333333333333334,1,45,M,4,Bachiller,Empleado,-1.0,732.0,Call center,False,0,Android,0,0,5,631,3,1,0,0,0,1,0,0.6,0.4,234.8,0.0
CR000271,CL00245,2025-08-26,Avance de nómina,1300000,6,0.0188,231000,App,892,0.0589,Automática,Finalizado,0,0,0,1.0,0,24,M,3,Técnico/Tecnólogo,Empleado,3920000.0,645.0,App orgánico,False,3,iOS,0,0,23,297,1,5,4,1,4,0,5,0.6956521739130435,0.043478260869565216,113.91304347826087,0.8
CR000272,CL00245,2025-08-07,Crédito consumo digital,2750000,6,0.0342,515000,App,799,0.1314,Automática,Finalizado,0,0,0,1.0,0,24,M,3,Técnico/Tecnólogo,Empleado,3920000.0,645.0,App orgánico,False,3,iOS,0,0,23,297,1,5,4,1,4,0,5,0.6956521739130435,0.043478260869565216,113.91304347826087,0.8
CR000273,CL00245,2026-01-15,Crédito libre inversión,3950000,9,0.0256,497000,Web,870,0.1268,Automática,Activo,0,0,0,0.75,0,24,M,3,Técnico/Tecnólogo,Empleado,3920000.0,645.0,App orgánico,False,3,iOS,0,0,23,297,1,5,4,1,4,0,5,0.6956521739130435,0.043478260869565216,113.91304347826087,0.8
CR000275,CL00246,2024-12-11,Avance de nómina,250000,3,0.0213,87000,App,795,0.0731,Automática,Finalizado,0,0,18,0.6666666666666666,1,33,F,1,Universitario,Conductor/Repartidor,1190000.0,460.0,Referido,False,0,Android,0,0,14,529,6,3,1,0,1,1,1,0.9285714285714286,0.0,146.28571428571428,0.3333333333333333
CR000276,CL00249,2025-09-20,Crédito libre inversión,4950000,12,0.026,486000,App,831,0.1136,Automática,Activo,0,0,0,1.0,0,54,M,5,Técnico/Tecnólogo,Comerciante,4280000.0,727.0,Referido,True,0,Web,0,0,5,247,0,1,1,0,2,0,1,0.8,0.0,154.6,1.0
CR000277,CL00249,2025-10-19,Crédito libre inversión,8000000,6,0.0201,1429000,App,897,0.3339,Automática,Finalizado,0,0,0,1.0,0,54,M,5,Técnico/Tecnólogo,Comerciante,4280000.0,727.0,Referido,True,0,Web,0,0,5,247,0,1,1,0,2,0,1,0.8,0.0,154.6,1.0
CR000278,CL00250,2024-05-27,Microcrédito,4100000,6,0.0304,758000,App,864,0.1909,Automática,Finalizado,0,0,0,1.0,0,40,F,3,Bachiller,Empleado,3970000.0,597.0,App orgánico,False,0,Android,0,0,9,992,1,3,1,0,3,0,1,0.7777777777777778,0.1111111111111111,180.77777777777777,0.3333333333333333
CR000279,CL00252,2025-02-05,Crédito consumo digital,550000,6,0.0305,102000,App,879,0.0368,Automática,Finalizado,0,0,0,1.0,0,45,F,2,Bachiller,Microempresario,2770000.0,652.0,App orgánico,True,1,Android,0,0,15,628,4,3,1,1,1,1,3,0.6666666666666666,0.06666666666666667,256.53333333333336,0.3333333333333333
CR000280,CL00252,2025-08-08,Crédito consumo digital,2250000,3,0.0339,801000,App,857,0.2892,Automática,Finalizado,0,0,0,1.0,0,45,F,2,Bachiller,Microempresario,2770000.0,652.0,App orgánico,True,1,Android,0,0,15,628,4,3,1,1,1,1,3,0.6666666666666666,0.06666666666666667,256.53333333333336,0.3333333333333333
CR000281,CL00253,2025-06-01,Microcrédito,1750000,3,0.0354,625000,App,851,0.1766,Automática,Finalizado,0,0,0,1.0,0,57,F,5,Sin información,Pensionado,3540000.0,684.0,Campaña digital,False,0,iOS,0,0,7,364,1,1,0,1,2,2,0,0.8571428571428571,0.0,111.57142857142857,0.0
CR000282,CL00254,2024-06-17,Crédito libre inversión,2850000,9,0.033,371000,Call center,768,0.132,Automática,Finalizado,0,0,0,1.0,0,46,M,2,Técnico/Tecnólogo,Empleado,2810000.0,613.0,App orgánico,True,1,iOS,0,0,7,683,3,1,1,0,0,0,0,1.0,0.0,109.14285714285714,1.0
CR000283,CL00255,2025-08-24,Crédito consumo digital,4500000,3,0.0323,1598000,Aliado,900,0.3115,Automática,Finalizado,0,0,0,1.0,0,21,M,3,Técnico/Tecnólogo,Empleado,5130000.0,711.0,Referido,True,3,iOS,0,0,7,88,1,1,1,0,4,0,0,1.0,0.0,208.57142857142858,1.0
CR000284,CL00256,2023-08-14,Crédito libre inversión,2750000,3,0.0251,963000,App,840,0.5016,Manual,Finalizado,0,0,6,0.6666666666666666,1,31,F,2,Bachiller,Empleado,1920000.0,579.0,App orgánico,False,2,Android,0,0,10,838,6,0,1,1,0,1,0,0.7,0.2,213.4,0.0
CR000285,CL00258,2025-10-16,Crédito consumo digital,6050000,3,0.0249,2118000,App,900,0.2353,Automática,Finalizado,0,0,0,1.0,0,29,M,3,Técnico/Tecnólogo,Microempresario,9000000.0,850.0,Campaña digital,False,1,Android,0,0,13,598,3,3,1,0,6,0,0,0.8461538461538461,0.15384615384615385,151.92307692307693,0.3333333333333333
CR000286,CL00258,2025-08-26,Crédito libre inversión,15100000,6,0.0329,2814000,App,900,0.3127,Automática,Finalizado,0,0,0,1.0,0,29,M,3,Técnico/Tecnólogo,Microempresario,9000000.0,850.0,Campaña digital,False,1,Android,0,0,13,598,3,3,1,0,6,0,0,0.8461538461538461,0.15384615384615385,151.92307692307693,0.3333333333333333
CR000288,CL00261,2025-12-31,Crédito libre inversión,3800000,3,0.026,1333000,Call center,695,0.6409,Excepción,Finalizado,0,0,6,0.3333333333333333,2,27,F,2,Bachiller,Conductor/Repartidor,2080000.0,408.0,Aliado comercial,False,0,Android,0,0,16,148,5,2,2,0,5,1,0,1.0,0.0,169.0,1.0
CR000289,CL00262,2026-01-09,Crédito consumo digital,2200000,6,0.0307,407000,App,882,0.1082,Automática,Activo,0,0,0,0.75,0,35,M,5,Sin información,Empleado,3760000.0,641.0,Campaña digital,True,1,iOS,0,0,10,439,1,4,0,0,4,1,0,0.8,0.2,116.7,0.0
CR000290,CL00263,2025-11-06,Crédito consumo digital,500000,12,0.0331,51000,Aliado,818,0.0345,Automática,Mora moderada,0,1,46,0.5,2,19,M,2,Universitario,Independiente,1480000.0,540.0,Campaña digital,True,2,iOS,0,0,12,409,3,0,2,0,4,0,1,0.5,0.4166666666666667,203.16666666666666,0.0
CR000291,CL00264,2025-09-20,Avance de nómina,300000,6,0.0234,54000,App,717,1.8,Automática,Mora moderada,0,1,45,0.0,6,26,M,2,Universitario,Estudiante,800000.0,441.0,Campaña digital,False,0,Android,0,0,12,357,5,3,1,0,1,2,0,0.9166666666666666,0.08333333333333333,168.66666666666666,0.3333333333333333
CR000292,CL00264,2026-01-01,Crédito consumo digital,850000,9,0.029,109000,Aliado,696,0.1363,Automática,Activo,0,0,4,0.25,2,26,M,2,Universitario,Estudiante,800000.0,441.0,Campaña digital,False,0,Android,0,0,12,357,5,3,1,0,1,2,0,0.9166666666666666,0.08333333333333333,168.66666666666666,0.3333333333333333
CR000293,CL00265,2025-06-05,Crédito libre inversión,900000,9,0.0189,110000,App,789,0.1068,Automática,Mora moderada,0,1,36,0.8333333333333334,1,33,F,4,Universitario,Desempleado,1030000.0,516.0,Referido,False,0,Android,0,0,12,764,4,1,1,0,5,0,0,0.9166666666666666,0.08333333333333333,119.33333333333333,1.0
CR000294,CL00265,2024-09-07,Crédito consumo digital,450000,6,0.0297,83000,App,760,0.0806,Automática,Finalizado,0,0,18,0.5,3,33,F,4,Universitario,Desempleado,1030000.0,516.0,Referido,False,0,Android,0,0,12,764,4,1,1,0,5,0,0,0.9166666666666666,0.08333333333333333,119.33333333333333,1.0
CR000295,CL00266,2026-01-01,Microcrédito,6900000,12,0.0359,718000,App,881,0.136,Automática,Activo,0,0,0,1.0,0,24,M,3,Universitario,Microempresario,5280000.0,686.0,Campaña digital,True,1,iOS,0,0,6,631,2,1,1,0,1,0,0,0.8333333333333334,0.16666666666666666,267.5,1.0
CR000296,CL00268,2025-12-13,Crédito consumo digital,950000,9,0.0251,119000,App,811,0.0569,Automática,Activo,0,0,17,0.6,1,22,M,3,Bachiller,Independiente,2090000.0,620.0,Referido,False,3,iOS,0,0,10,791,2,0,0,0,4,2,1,0.9,0.0,139.9,0.0
CR000297,CL00268,2025-11-18,Microcrédito,1300000,12,0.028,129000,App,900,0.0617,Automática,Activo,0,0,0,1.0,0,22,M,3,Bachiller,Independiente,2090000.0,620.0,Referido,False,3,iOS,0,0,10,791,2,0,0,0,4,2,1,0.9,0.0,139.9,0.0
CR000298,CL00271,2024-12-20,Microcrédito,3650000,3,0.042,1320000,Aliado,782,0.6502,Excepción,Finalizado,0,0,0,1.0,0,50,F,4,Bachiller,Conductor/Repartidor,2030000.0,596.0,App orgánico,False,1,iOS,0,0,10,641,1,1,5,0,0,0,1,0.9,0.0,134.2,5.0
CR000299,CL00272,2025-05-29,Crédito consumo digital,1800000,12,0.0207,171000,Aliado,844,0.0834,Automática,Mora moderada,0,0,29,0.6666666666666666,2,22,M,1,Técnico/Tecnólogo,Empleado,2050000.0,603.0,Call center,False,0,Android,0,0,7,150,3,1,0,0,1,0,1,0.7142857142857143,0.14285714285714285,187.28571428571428,0.0
CR000300,CL00273,2024-05-23,Crédito consumo digital,1150000,12,0.0334,118000,Web,900,0.0393,Automática,Finalizado,0,0,0,1.0,0,48,M,2,Posgrado,Comerciante,3000000.0,672.0,Campaña digital,False,3,iOS,0,0,16,516,6,2,3,0,3,1,0,0.6875,0.3125,118.125,1.5
CR000301,CL00274,2025-08-25,Crédito libre inversión,3350000,9,0.0239,418000,App,900,0.1263,Automática,Activo,0,0,0,1.0,0,36,F,3,Universitario,Conductor/Repartidor,3310000.0,654.0,Campaña digital,False,0,Android,0,0,9,125,1,2,0,1,3,0,0,0.7777777777777778,0.1111111111111111,256.55555555555554,0.0
CR000302,CL00276,2025-06-13,Crédito libre inversión,800000,6,0.0187,142000,Aliado,604,0.1303,Manual,Mora moderada,0,1,50,0.3333333333333333,4,41,M,2,Bachiller,Estudiante,1090000.0,387.0,App orgánico,True,0,Android,0,0,9,590,2,0,3,1,0,1,2,0.6666666666666666,0.0,256.22222222222223,0.0
CR000303,CL00277,2025-10-08,Avance de nómina,400000,18,0.0231,27000,App,798,0.0175,Automática,Activo,0,0,22,0.8333333333333334,1,38,F,4,Bachiller,Estudiante,1540000.0,542.0,Referido,True,3,iOS,0,0,13,159,4,3,1,1,0,3,0,0.9230769230769231,0.0,191.30769230769232,0.3333333333333333
CR000304,CL00278,2025-10-08,Crédito libre inversión,11000000,18,0.0274,782000,App,887,0.2327,Automática,Activo,0,0,0,1.0,0,30,F,3,Sin información,Empleado,3360000.0,577.0,Aliado comercial,False,2,Android,0,0,15,216,3,3,3,0,3,0,2,0.8,0.06666666666666667,143.8,1.0
CR000305,CL00278,2025-08-19,Crédito consumo digital,850000,9,0.0256,107000,Aliado,861,0.0318,Automática,Activo,0,0,14,0.8333333333333334,1,30,F,3,Sin información,Empleado,3360000.0,577.0,Aliado comercial,False,2,Android,0,0,15,216,3,3,3,0,3,0,2,0.8,0.06666666666666667,143.8,1.0
CR000306,CL00279,2024-07-24,Crédito libre inversión,8200000,12,0.029,819000,App,900,0.2834,Automática,Mora severa,0,0,6,0.6666666666666666,2,37,M,3,Bachiller,Comerciante,2890000.0,630.0,App orgánico,True,1,Android,0,0,14,1015,6,3,2,0,2,1,0,0.8571428571428571,0.14285714285714285,170.0,0.6666666666666666
CR000307,CL00280,2026-01-19,Crédito libre inversión,19300000,6,0.0242,3494000,Web,900,0.5718,Excepción,Mora moderada,0,1,32,0.6666666666666666,1,32,M,3,Bachiller,Empleado,6110000.0,703.0,Call center,False,2,iOS,0,0,5,93,1,1,1,0,2,0,0,1.0,0.0,255.8,1.0
CR000308,CL00281,2024-02-07,Microcrédito,4450000,6,0.0415,853000,Aliado,885,0.2666,Automática,Mora severa,0,1,86,0.8333333333333334,1,37,M,3,Bachiller,Independiente,3200000.0,687.0,Campaña digital,False,2,Android,0,0,13,954,4,2,4,0,1,1,0,0.9230769230769231,0.07692307692307693,153.69230769230768,2.0
CR000309,CL00281,2024-07-08,Avance de nómina,900000,6,0.0249,163000,Call center,900,0.0509,Automática,Finalizado,0,0,0,1.0,0,37,M,3,Bachiller,Independiente,3200000.0,687.0,Campaña digital,False,2,Android,0,0,13,954,4,2,4,0,1,1,0,0.9230769230769231,0.07692307692307693,153.69230769230768,2.0
CR000310,CL00282,2025-12-21,Crédito consumo digital,1400000,6,0.0352,263000,Call center,863,0.0933,Automática,Activo,0,0,0,1.0,0,43,F,3,Universitario,Empleado,2820000.0,638.0,App orgánico,False,1,iOS,0,0,5,244,1,1,2,0,0,0,1,0.8,0.0,209.0,2.0
CR000311,CL00283,2025-08-10,Crédito libre inversión,4150000,24,0.0327,252000,App,900,0.0773,Automática,Activo,0,0,2,0.8333333333333334,1,52,M,4,Bachiller,Empleado,3260000.0,668.0,Campaña digital,True,1,Web,0,0,5,776,4,0,0,0,0,0,1,0.6,0.2,196.2,0.0
CR000312,CL00284,2024-10-26,Crédito consumo digital,1000000,9,0.0323,130000,Aliado,828,0.0546,Automática,Finalizado,0,0,0,1.0,0,24,M,4,Bachiller,Microempresario,2380000.0,592.0,Campaña digital,False,2,Android,0,0,7,794,1,0,3,0,2,1,0,1.0,0.0,109.85714285714286,0.0
CR000313,CL00285,2023-09-01,Avance de nómina,2750000,9,0.0216,340000,Aliado,900,0.053,Automática,Finalizado,0,0,0,1.0,0,57,F,6,Bachiller,Empleado,6420000.0,797.0,Referido,True,3,iOS,0,0,17,966,6,3,2,1,2,1,2,0.5882352941176471,0.23529411764705882,132.8235294117647,0.6666666666666666
CR000314,CL00285,2024-10-03,Crédito libre inversión,8350000,12,0.0249,813000,App,900,0.1266,Automática,Finalizado,0,0,0,1.0,0,57,F,6,Bachiller,Empleado,6420000.0,797.0,Referido,True,3,iOS,0,0,17,966,6,3,2,1,2,1,2,0.5882352941176471,0.23529411764705882,132.8235294117647,0.6666666666666666
CR000315,CL00286,2025-08-15,Microcrédito,3200000,6,0.0265,584000,Aliado,616,0.1915,Manual,Mora moderada,0,1,47,0.3333333333333333,4,19,F,3,Técnico/Tecnólogo,Independiente,3050000.0,588.0,Call center,False,2,Android,1,0,13,240,1,2,5,0,4,0,1,0.8461538461538461,0.07692307692307693,154.76923076923077,2.5
CR000316,CL00286,2026-02-06,Crédito consumo digital,2150000,12,0.0204,204000,Aliado,670,0.0669,Automática,Activo,0,0,3,0.3333333333333333,1,19,F,3,Técnico/Tecnólogo,Independiente,3050000.0,588.0,Call center,False,2,Android,1,0,13,240,1,2,5,0,4,0,1,0.8461538461538461,0.07692307692307693,154.76923076923077,2.5
CR000317,CL00287,2025-09-10,Microcrédito,2500000,9,0.0292,320000,App,900,0.1049,Automática,Activo,0,0,0,1.0,0,34,F,3,Bachiller,Empleado,3050000.0,613.0,Campaña digital,True,0,iOS,0,0,8,463,4,2,0,0,1,0,0,0.25,0.75,123.125,0.0
CR000318,CL00288,2024-09-30,Crédito libre inversión,2250000,9,0.0206,276000,Web,817,0.1015,Automática,Finalizado,0,0,0,1.0,0,42,F,3,Universitario,Empleado,2720000.0,560.0,Referido,False,1,Android,0,0,17,475,6,1,3,1,4,1,0,0.6470588235294118,0.29411764705882354,139.64705882352942,3.0
CR000319,CL00288,2025-06-24,Crédito consumo digital,1050000,24,0.021,56000,Aliado,805,0.0206,Automática,Mora moderada,0,1,51,0.8333333333333334,1,42,F,3,Universitario,Empleado,2720000.0,560.0,Referido,False,1,Android,0,0,17,475,6,1,3,1,4,1,0,0.6470588235294118,0.29411764705882354,139.64705882352942,3.0
CR000320,CL00289,2025-09-05,Crédito consumo digital,650000,9,0.0354,86000,Aliado,367,0.1012,Excepción,Activo,0,0,5,0.8333333333333334,1,39,M,4,Posgrado,Desempleado,850000.0,588.0,Call center,False,0,Android,1,0,12,487,4,2,0,0,3,2,0,0.9166666666666666,0.08333333333333333,118.91666666666667,0.0
CR000321,CL00289,2024-09-03,Crédito consumo digital,250000,12,0.0317,25000,App,506,0.0294,Excepción,Finalizado,0,0,0,1.0,0,39,M,4,Posgrado,Desempleado,850000.0,588.0,Call center,False,0,Android,1,0,12,487,4,2,0,0,3,2,0,0.9166666666666666,0.08333333333333333,118.91666666666667,0.0
CR000322,CL00290,2024-11-20,Crédito consumo digital,800000,3,0.0334,285000,App,761,0.1109,Automática,Finalizado,0,0,6,0.3333333333333333,2,30,M,2,Técnico/Tecnólogo,Conductor/Repartidor,2220000.0,420.0,Referido,False,0,iOS,0,0,13,732,3,3,2,0,4,1,0,0.9230769230769231,0.07692307692307693,172.07692307692307,0.6666666666666666
CR000323,CL00291,2024-06-30,Crédito consumo digital,3100000,12,0.0296,311000,Web,900,0.0816,Automática,Mora moderada,0,0,10,0.6666666666666666,2,34,F,3,Bachiller,Independiente,3810000.0,599.0,Campaña digital,False,0,iOS,0,0,15,788,3,2,2,0,6,1,0,0.9333333333333333,0.06666666666666667,161.4,1.0
CR000324,CL00292,2024-03-16,Microcrédito,4100000,3,0.0265,1440000,Call center,900,0.2222,Automática,Finalizado,0,0,0,1.0,0,31,F,3,Técnico/Tecnólogo,Empleado,6480000.0,742.0,Campaña digital,False,2,iOS,0,0,10,876,3,1,1,0,3,1,1,0.7,0.2,128.3,1.0
CR000325,CL00292,2024-04-10,Crédito consumo digital,4450000,6,0.0329,829000,App,900,0.1279,Automática,Finalizado,0,0,0,1.0,0,31,F,3,Técnico/Tecnólogo,Empleado,6480000.0,742.0,Campaña digital,False,2,iOS,0,0,10,876,3,1,1,0,3,1,1,0.7,0.2,128.3,1.0
CR000326,CL00293,2025-07-11,Crédito libre inversión,7000000,9,0.0283,892000,Call center,900,0.1306,Automática,Finalizado,0,0,0,1.0,0,30,F,3,Técnico/Tecnólogo,Microempresario,6830000.0,758.0,Campaña digital,True,1,Android,0,0,5,162,1,1,1,0,0,0,1,0.8,0.0,218.2,1.0
CR000327,CL00294,2024-07-09,Microcrédito,1700000,12,0.0265,167000,App,889,1.2,Automática,Mora severa,0,1,68,0.16666666666666666,5,44,M,4,Bachiller,Independiente,2350000.0,529.0,Aliado comercial,False,0,Android,0,0,12,521,2,2,1,2,3,0,1,0.5833333333333334,0.16666666666666666,137.66666666666666,0.5
CR000328,CL00294,2025-04-19,Microcrédito,2650000,6,0.0278,486000,App,754,0.2068,Automática,Finalizado,0,0,29,0.3333333333333333,4,44,M,4,Bachiller,Independiente,2350000.0,529.0,Aliado comercial,False,0,Android,0,0,12,521,2,2,1,2,3,0,1,0.5833333333333334,0.16666666666666666,137.66666666666666,0.5
CR000329,CL00295,2025-11-15,Microcrédito,1250000,6,0.0447,242000,App,764,0.1192,Automática,Activo,0,0,0,0.8333333333333334,0,40,M,2,Técnico/Tecnólogo,Empleado,2030000.0,508.0,Referido,False,1,iOS,0,0,13,851,5,0,3,1,1,0,1,0.7692307692307693,0.07692307692307693,175.84615384615384,0.0
CR000330,CL00295,2024-05-01,Microcrédito,1650000,12,0.0279,164000,App,778,0.0808,Automática,Finalizado,0,0,23,0.8333333333333334,1,40,M,2,Técnico/Tecnólogo,Empleado,2030000.0,508.0,Referido,False,1,iOS,0,0,13,851,5,0,3,1,1,0,1,0.7692307692307693,0.07692307692307693,175.84615384615384,0.0
CR000331,CL00296,2025-09-27,Microcrédito,5800000,18,0.035,440000,Web,900,0.0837,Automática,Activo,0,0,0,1.0,0,29,M,4,Técnico/Tecnólogo,Empleado,5260000.0,664.0,Campaña digital,False,3,Android,0,0,8,113,3,1,2,0,0,0,2,0.75,0.0,148.125,2.0
CR000332,CL00297,2025-08-20,Crédito consumo digital,2250000,24,0.0313,135000,App,885,0.0255,Automática,Activo,0,0,0,1.0,0,45,F,4,Técnico/Tecnólogo,Empleado,5300000.0,664.0,App orgánico,False,0,Android,0,0,13,114,2,3,4,1,2,0,1,0.6153846153846154,0.23076923076923078,117.07692307692308,1.3333333333333333
CR000333,CL00298,2023-10-23,Crédito libre inversión,3450000,12,0.0241,335000,App,886,0.0985,Automática,Mora severa,0,0,0,1.0,0,39,M,3,Universitario,Conductor/Repartidor,3400000.0,559.0,Referido,True,1,iOS,0,0,7,706,1,2,0,0,1,2,1,0.7142857142857143,0.14285714285714285,142.28571428571428,0.0
CR000334,CL00299,2025-11-20,Microcrédito,2500000,18,0.0354,190000,App,687,0.0617,Automática,Activo,0,0,0,1.0,0,44,F,4,Bachiller,Comerciante,3080000.0,588.0,App orgánico,True,2,Android,1,0,10,218,4,1,2,1,1,0,1,0.8,0.0,102.1,2.0
CR000336,CL00301,2026-01-04,Crédito consumo digital,1550000,6,0.0359,292000,Web,543,0.0859,Manual,Activo,0,0,0,0.75,0,28,F,2,Sin información,Empleado,3400000.0,588.0,App orgánico,True,1,iOS,1,0,9,851,4,2,0,0,2,1,0,0.8888888888888888,0.1111111111111111,257.22222222222223,0.0
CR000337,CL00305,2025-06-15,Crédito libre inversión,3750000,6,0.023,676000,App,804,0.2339,Automática,Finalizado,0,0,1,0.8333333333333334,1,36,M,2,Técnico/Tecnólogo,Empleado,2890000.0,652.0,Referido,False,1,Android,0,0,9,438,1,0,1,1,2,0,2,0.6666666666666666,0.0,174.33333333333334,0.0
CR000338,CL00305,2025-06-26,Crédito consumo digital,3900000,3,0.095,1355000,App,885,0.4689,Manual,Mora moderada,0,1,50,0.6666666666666666,1,36,M,2,Técnico/Tecnólogo,Empleado,2890000.0,652.0,Referido,False,1,Android,0,0,9,438,1,0,1,1,2,0,2,0.6666666666666666,0.0,174.33333333333334,0.0
CR000339,CL00306,2025-03-11,Crédito consumo digital,1000000,3,0.0377,359000,Web,878,0.1397,Automática,Finalizado,0,0,14,0.6666666666666666,1,37,F,1,Técnico/Tecnólogo,Empleado,-1.0,511.0,Aliado comercial,False,1,Android,0,0,8,729,3,1,0,2,1,1,0,0.625,0.125,115.25,0.0
CR000340,CL00307,2025-10-12,Microcrédito,3200000,12,0.0373,336000,App,766,0.1028,Automática,Activo,0,0,0,1.0,0,49,M,1,Posgrado,Empleado,3270000.0,641.0,Campaña digital,False,1,Web,0,0,9,423,4,2,2,0,0,0,0,1.0,0.0,132.44444444444446,1.0
CR000341,CL00308,2025-10-06,Crédito consumo digital,450000,24,0.0321,27000,Aliado,776,0.0173,Automática,Mora severa,0,1,60,0.8333333333333334,1,30,F,1,Sin información,Empleado,1560000.0,522.0,App orgánico,False,3,iOS,0,0,20,78,8,3,1,1,2,1,1,0.85,0.05,135.65,0.3333333333333333
CR000342,CL00308,2026-02-15,Microcrédito,850000,6,0.044,164000,App,827,0.1051,Automática,Activo,0,0,15,0.3333333333333333,1,30,F,1,Sin información,Empleado,1560000.0,522.0,App orgánico,False,3,iOS,0,0,20,78,8,3,1,1,2,1,1,0.85,0.05,135.65,0.3333333333333333
CR000343,CL00308,2025-09-11,Crédito consumo digital,500000,3,0.0381,180000,Web,837,0.1154,Automática,Finalizado,0,0,0,1.0,0,30,F,1,Sin información,Empleado,1560000.0,522.0,App orgánico,False,3,iOS,0,0,20,78,8,3,1,1,2,1,1,0.85,0.05,135.65,0.3333333333333333
CR000344,CL00309,2026-02-02,Microcrédito,4900000,3,0.0277,1725000,Web,742,0.4345,Manual,Activo,0,0,6,0.0,2,41,F,3,Bachiller,Empleado,3970000.0,565.0,App orgánico,False,0,Android,0,0,10,905,4,2,0,2,2,0,0,0.8,0.0,154.2,0.0
CR000346,CL00312,2025-03-04,Crédito libre inversión,3300000,6,0.0338,617000,Aliado,900,0.2742,Automática,Mora moderada,0,1,58,0.6666666666666666,2,47,M,4,Bachiller,Empleado,2250000.0,611.0,Aliado comercial,True,0,Android,0,0,10,944,3,3,0,0,2,0,2,0.7,0.1,150.7,0.0
CR000347,CL00312,2025-09-27,Crédito libre inversión,2300000,12,0.018,215000,App,853,0.0956,Automática,Activo,0,0,0,1.0,0,47,M,4,Bachiller,Empleado,2250000.0,611.0,Aliado comercial,True,0,Android,0,0,10,944,3,3,0,0,2,0,2,0.7,0.1,150.7,0.0
CR000348,CL00313,2025-09-06,Crédito consumo digital,800000,6,0.0261,146000,App,886,0.0954,Automática,Finalizado,0,0,0,1.0,0,44,F,1,Técnico/Tecnólogo,Pensionado,1530000.0,601.0,Aliado comercial,False,0,Android,0,0,10,99,4,0,0,1,2,0,2,0.6,0.1,167.4,0.0
CR000349,CL00314,2025-02-25,Crédito libre inversión,6000000,18,0.0329,447000,Web,900,0.1077,Automática,Mora moderada,0,1,37,0.6666666666666666,2,44,F,4,Universitario,Conductor/Repartidor,4150000.0,675.0,Aliado comercial,False,1,Web,0,0,14,898,2,2,1,0,4,1,4,0.5714285714285714,0.14285714285714285,137.35714285714286,0.5
CR000351,CL00317,2025-10-13,Avance de nómina,2850000,6,0.0232,514000,App,900,0.1346,Automática,Mora moderada,0,1,52,0.6666666666666666,2,43,M,4,Bachiller,Independiente,3820000.0,571.0,Campaña digital,False,0,Android,0,0,10,225,4,0,1,1,3,1,0,0.7,0.2,170.5,0.0
CR000352,CL00318,2023-09-26,Crédito consumo digital,4150000,6,0.0214,744000,App,858,0.1679,Automática,Finalizado,0,0,0,1.0,0,33,M,2,Universitario,Microempresario,4430000.0,633.0,Call center,False,1,Web,0,0,5,512,2,1,0,0,2,0,0,1.0,0.0,102.8,0.0
CR000353,CL00319,2025-06-12,Microcrédito,1200000,24,0.0339,74000,App,832,0.0404,Automática,Activo,0,0,0,1.0,0,39,M,3,Bachiller,Independiente,1830000.0,559.0,Referido,False,1,iOS,0,0,17,782,2,4,3,0,6,0,2,0.7647058823529411,0.11764705882352941,132.88235294117646,0.75
CR000354,CL00319,2025-05-28,Crédito consumo digital,850000,9,0.0249,107000,Web,791,0.0585,Automática,Finalizado,0,0,1,0.8333333333333334,1,39,M,3,Bachiller,Independiente,1830000.0,559.0,Referido,False,1,iOS,0,0,17,782,2,4,3,0,6,0,2,0.7647058823529411,0.11764705882352941,132.88235294117646,0.75
CR000355,CL00320,2025-10-03,Crédito consumo digital,3300000,9,0.0381,440000,Web,900,0.0743,Automática,Activo,0,0,0,1.0,0,35,F,3,Técnico/Tecnólogo,Empleado,5920000.0,713.0,Aliado comercial,True,2,Android,0,0,9,442,1,0,2,0,3,1,2,0.7777777777777778,0.0,159.11111111111111,0.0
CR000356,CL00321,2025-10-01,Crédito consumo digital,1550000,6,0.0317,288000,Aliado,900,0.0567,Automática,Finalizado,0,0,0,1.0,0,37,M,2,Universitario,Empleado,5080000.0,714.0,App orgánico,False,1,Android,0,0,17,608,1,1,4,0,8,1,0,0.8235294117647058,0.17647058823529413,154.76470588235293,4.0
CR000357,CL00321,2025-08-05,Crédito libre inversión,5600000,3,0.0276,1971000,App,900,0.388,Manual,Finalizado,0,0,0,1.0,0,37,M,2,Universitario,Empleado,5080000.0,714.0,App orgánico,False,1,Android,0,0,17,608,1,1,4,0,8,1,0,0.8235294117647058,0.17647058823529413,154.76470588235293,4.0
CR000358,CL00322,2025-12-14,Crédito consumo digital,3750000,12,0.0336,385000,Web,767,0.1546,Automática,Activo,0,0,6,0.6,1,42,F,3,Universitario,Empleado,2490000.0,564.0,Campaña digital,True,0,iOS,0,0,15,201,2,3,3,0,2,3,2,0.6,0.26666666666666666,157.8,1.0
CR000360,CL00323,2024-09-29,Crédito libre inversión,8050000,6,0.0207,1440000,App,750,0.5333,Manual,Finalizado,0,0,3,0.6666666666666666,2,28,F,3,Universitario,Conductor/Repartidor,2700000.0,616.0,Campaña digital,True,0,iOS,0,0,8,635,2,1,2,0,3,0,0,1.0,0.0,212.625,2.0
CR000361,CL00324,2025-07-01,Microcrédito,2500000,3,0.0358,894000,Aliado,900,0.3679,Manual,Finalizado,0,0,0,1.0,0,57,M,3,Bachiller,Comerciante,2430000.0,663.0,Campaña digital,False,0,Web,0,0,5,203,3,0,0,0,1,0,0,0.6,0.4,130.8,0.0
CR000362,CL00325,2024-08-22,Crédito libre inversión,7200000,3,0.0335,2563000,Web,296,1.5821,Excepción,Mora moderada,0,1,59,0.0,3,26,M,1,Sin información,Conductor/Repartidor,1620000.0,588.0,Campaña digital,False,0,iOS,1,0,8,694,5,0,0,0,1,0,2,0.75,0.0,230.0,0.0
CR000363,CL00327,2024-09-30,Crédito libre inversión,1200000,3,0.0274,422000,App,731,0.6594,Excepción,Mora moderada,0,1,57,0.3333333333333333,2,48,F,2,Bachiller,Desempleado,640000.0,495.0,App orgánico,False,1,Android,0,0,9,597,4,2,1,0,1,0,1,0.7777777777777778,0.1111111111111111,171.22222222222223,0.5
CR000364,CL00328,2025-03-12,Microcrédito,2500000,3,0.0382,898000,Call center,860,0.2897,Automática,Finalizado,0,0,0,1.0,0,44,F,5,Bachiller,Empleado,3100000.0,688.0,Aliado comercial,True,0,Web,0,0,19,1011,4,2,6,1,4,0,2,0.631578947368421,0.21052631578947367,159.26315789473685,3.0
CR000365,CL00328,2024-09-19,Crédito consumo digital,1950000,6,0.0266,356000,App,896,0.1148,Automática,Finalizado,0,0,0,1.0,0,44,F,5,Bachiller,Empleado,3100000.0,688.0,Aliado comercial,True,0,Web,0,0,19,1011,4,2,6,1,4,0,2,0.631578947368421,0.21052631578947367,159.26315789473685,3.0
CR000366,CL00328,2025-04-09,Crédito consumo digital,1150000,6,0.0306,213000,App,900,0.0687,Automática,Finalizado,0,0,0,1.0,0,44,F,5,Bachiller,Empleado,3100000.0,688.0,Aliado comercial,True,0,Web,0,0,19,1011,4,2,6,1,4,0,2,0.631578947368421,0.21052631578947367,159.26315789473685,3.0
CR000367,CL00329,2025-12-22,Crédito consumo digital,2050000,9,0.0209,252000,Web,900,0.0708,Automática,Activo,0,0,0,1.0,0,42,F,3,Universitario,Empleado,3560000.0,757.0,Aliado comercial,False,0,Android,0,0,11,301,5,1,1,0,2,1,1,0.8181818181818182,0.09090909090909091,227.63636363636363,1.0
CR000368,CL00332,2024-05-11,Crédito consumo digital,1750000,6,0.0352,329000,App,767,0.1388,Automática,Finalizado,0,0,0,1.0,0,27,M,3,Bachiller,Comerciante,2370000.0,571.0,Referido,False,0,Android,0,0,10,613,1,3,1,0,2,0,2,0.7,0.1,139.6,0.3333333333333333
CR000369,CL00333,2025-01-25,Avance de nómina,1250000,3,0.0308,443000,Web,781,0.2395,Automática,Mora moderada,0,1,38,0.6666666666666666,1,37,M,3,Bachiller,Microempresario,1850000.0,555.0,Aliado comercial,False,1,Android,0,0,17,933,3,4,2,0,6,0,2,0.6470588235294118,0.23529411764705882,142.8235294117647,0.5
CR000370,CL00334,2024-03-15,Crédito consumo digital,1000000,6,0.0322,186000,App,704,0.0886,Automática,Finalizado,0,0,14,0.8333333333333334,1,29,F,2,Universitario,Independiente,2100000.0,454.0,Referido,True,4,Android,0,0,11,1142,2,2,2,1,3,0,0,0.8181818181818182,0.09090909090909091,115.27272727272727,1.0
CR000371,CL00335,2026-02-08,Crédito consumo digital,1400000,3,0.0271,492000,Aliado,900,0.1386,Automática,Activo,0,0,0,0.6666666666666666,0,46,F,2,Sin información,Independiente,3550000.0,597.0,Campaña digital,False,1,Android,0,0,10,628,2,2,1,0,2,1,2,0.7,0.1,156.2,0.5
CR000372,CL00336,2024-10-04,Microcrédito,2800000,12,0.0414,301000,Aliado,830,0.1091,Automática,Finalizado,0,0,0,1.0,0,35,F,4,Técnico/Tecnólogo,Conductor/Repartidor,2760000.0,583.0,App orgánico,False,2,iOS,0,0,12,784,6,3,0,0,1,1,1,0.75,0.16666666666666666,111.75,0.0
CR000373,CL00340,2024-01-01,Microcrédito,5450000,9,0.0359,719000,App,900,0.1692,Automática,Finalizado,0,0,10,0.8333333333333334,1,30,M,3,Posgrado,Empleado,4250000.0,666.0,Aliado comercial,True,3,Android,0,0,7,942,2,3,1,0,0,1,0,0.7142857142857143,0.2857142857142857,153.28571428571428,0.3333333333333333
CR000374,CL00341,2025-07-26,Microcrédito,950000,9,0.0435,130000,Web,699,0.0818,Automática,Mora severa,0,1,67,0.5,3,28,F,6,Universitario,Desempleado,1590000.0,531.0,App orgánico,True,1,Android,0,0,9,255,2,5,1,0,0,0,1,0.7777777777777778,0.1111111111111111,159.11111111111111,0.2
CR000376,CL00344,2025-05-11,Crédito consumo digital,1650000,6,0.0255,300000,App,881,0.1887,Automática,Finalizado,0,0,11,0.6666666666666666,2,31,F,2,Universitario,Independiente,1590000.0,548.0,App orgánico,True,2,Android,0,0,15,446,4,1,1,1,4,0,2,0.7333333333333333,0.06666666666666667,201.66666666666666,1.0
CR000377,CL00344,2025-12-18,Crédito consumo digital,900000,9,0.033,117000,Aliado,838,0.0736,Automática,Activo,0,0,12,0.75,1,31,F,2,Universitario,Independiente,1590000.0,548.0,App orgánico,True,2,Android,0,0,15,446,4,1,1,1,4,0,2,0.7333333333333333,0.06666666666666667,201.66666666666666,1.0
CR000378,CL00345,2025-09-11,Microcrédito,850000,9,0.0445,117000,Call center,585,0.2089,Manual,Mora moderada,0,1,59,0.0,6,31,M,3,Sin información,Desempleado,560000.0,401.0,Campaña digital,True,0,iOS,0,0,13,297,3,1,1,0,2,3,2,0.6153846153846154,0.23076923076923078,210.69230769230768,1.0
CR000379,CL00345,2026-01-29,Crédito consumo digital,550000,12,0.0202,52000,Aliado,694,0.0929,Automática,Mora moderada,0,1,32,0.3333333333333333,2,31,M,3,Sin información,Desempleado,560000.0,401.0,Campaña digital,True,0,iOS,0,0,13,297,3,1,1,0,2,3,2,0.6153846153846154,0.23076923076923078,210.69230769230768,1.0
CR000381,CL00347,2026-02-12,Microcrédito,2100000,9,0.04,282000,App,805,0.1097,Automática,Mora moderada,0,1,49,0.3333333333333333,1,22,F,2,Bachiller,Pensionado,1980000.0,560.0,App orgánico,False,2,iOS,0,0,9,350,3,1,0,2,2,0,1,0.5555555555555556,0.1111111111111111,119.66666666666667,0.0
CR000382,CL00348,2025-08-09,Crédito libre inversión,1950000,6,0.0305,361000,App,797,0.1778,Automática,Mora moderada,0,1,58,0.5,3,22,No informa,3,Sin información,Empleado,2030000.0,565.0,App orgánico,False,2,Android,0,0,9,179,1,0,3,0,1,1,3,0.6666666666666666,0.0,162.0,0.0
CR000383,CL00349,2025-06-17,Crédito consumo digital,1700000,12,0.0306,171000,App,900,0.052,Automática,Mora moderada,0,1,34,0.8333333333333334,1,29,F,3,Sin información,Empleado,3290000.0,604.0,Campaña digital,False,0,Android,0,0,11,535,5,1,1,0,2,0,1,0.8181818181818182,0.09090909090909091,154.54545454545453,1.0
CR000384,CL00351,2024-11-15,Avance de nómina,700000,6,0.0309,130000,Web,778,0.0553,Automática,Mora moderada,0,1,52,0.8333333333333334,1,39,M,2,Técnico/Tecnólogo,Empleado,2350000.0,591.0,App orgánico,True,0,iOS,0,0,5,646,1,1,0,0,1,1,0,0.8,0.2,124.0,0.0
CR000385,CL00352,2025-03-05,Crédito consumo digital,1300000,6,0.0206,233000,App,822,0.1438,Automática,Finalizado,0,0,20,0.8333333333333334,1,51,M,3,Técnico/Tecnólogo,Empleado,1620000.0,674.0,Campaña digital,False,0,Android,0,0,4,837,1,0,0,1,1,0,1,0.25,0.25,158.25,0.0
CR000386,CL00353,2023-06-02,Crédito libre inversión,18800000,6,0.017,3323000,Aliado,900,0.3323,Automática,Finalizado,0,0,0,1.0,0,45,F,4,Bachiller,Empleado,10000000.0,826.0,Campaña digital,True,2,Android,0,0,11,954,1,1,2,0,1,3,1,0.9090909090909091,0.0,195.72727272727272,2.0
CR000387,CL00354,2025-05-30,Crédito consumo digital,1950000,9,0.0309,252000,App,844,0.0881,Automática,Finalizado,0,0,0,1.0,0,34,F,3,Bachiller,Independiente,2860000.0,631.0,App orgánico,True,3,Android,0,0,9,204,4,1,1,0,2,0,0,0.7777777777777778,0.2222222222222222,190.11111111111111,1.0
CR000388,CL00355,2025-03-06,Crédito consumo digital,1600000,18,0.0311,117000,Call center,891,0.06,Automática,Activo,0,0,0,1.0,0,36,M,3,Universitario,Empleado,1950000.0,646.0,App orgánico,False,0,iOS,0,0,9,430,4,0,3,1,0,0,1,0.7777777777777778,0.0,77.33333333333333,0.0
CR000389,CL00356,2025-11-13,Crédito consumo digital,1250000,18,0.0303,91000,Aliado,820,0.0446,Automática,Activo,0,0,0,0.8333333333333334,0,26,F,4,Sin información,Comerciante,2040000.0,545.0,Referido,False,1,iOS,0,0,8,733,1,2,1,1,1,0,1,0.625,0.125,178.375,0.5
CR000390,CL00357,2025-06-25,Crédito libre inversión,950000,3,0.0258,333000,Aliado,719,0.2622,Automática,Finalizado,0,0,5,0.3333333333333333,2,36,M,2,Técnico/Tecnólogo,Conductor/Repartidor,1270000.0,434.0,Campaña digital,False,0,iOS,0,0,12,880,5,2,0,0,2,0,2,0.6666666666666666,0.16666666666666666,159.16666666666666,0.0
CR000391,CL00357,2024-10-17,Microcrédito,1050000,12,0.0269,104000,Web,740,0.0819,Automática,Mora severa,0,1,86,0.3333333333333333,4,36,M,2,Técnico/Tecnólogo,Conductor/Repartidor,1270000.0,434.0,Campaña digital,False,0,iOS,0,0,12,880,5,2,0,0,2,0,2,0.6666666666666666,0.16666666666666666,159.16666666666666,0.0
CR000392,CL00358,2024-02-24,Microcrédito,8050000,9,0.0333,1050000,App,878,0.3088,Automática,Finalizado,0,0,0,1.0,0,33,M,3,Universitario,Empleado,3400000.0,598.0,Call center,False,3,iOS,0,0,11,758,5,1,2,1,1,0,0,0.8181818181818182,0.09090909090909091,220.8181818181818,2.0
CR000394,CL00362,2024-10-25,Avance de nómina,800000,12,0.0244,78000,App,820,0.0438,Automática,Mora severa,0,1,82,0.5,3,51,M,4,Universitario,Conductor/Repartidor,1780000.0,479.0,Referido,False,4,Android,0,0,10,469,3,1,0,1,3,1,0,0.6,0.3,265.4,0.0
CR000395,CL00363,2024-08-01,Crédito libre inversión,2950000,6,0.0202,527000,Aliado,900,0.1514,Automática,Finalizado,0,0,0,1.0,0,35,M,3,Técnico/Tecnólogo,Microempresario,3480000.0,661.0,App orgánico,False,1,Android,0,0,18,766,9,4,1,0,2,0,2,0.7777777777777778,0.1111111111111111,115.94444444444444,0.25
CR000396,CL00363,2024-02-13,Avance de nómina,1700000,12,0.0214,162000,Aliado,900,0.0466,Automática,Finalizado,0,0,0,1.0,0,35,M,3,Técnico/Tecnólogo,Microempresario,3480000.0,661.0,App orgánico,False,1,Android,0,0,18,766,9,4,1,0,2,0,2,0.7777777777777778,0.1111111111111111,115.94444444444444,0.25
CR000397,CL00364,2026-02-13,Crédito consumo digital,2250000,6,0.0323,418000,App,884,0.1614,Automática,Activo,0,0,0,0.6666666666666666,0,40,M,3,Sin información,Conductor/Repartidor,2590000.0,530.0,App orgánico,False,0,Android,0,0,16,466,5,1,3,1,2,0,3,0.75,0.0,150.375,3.0
CR000399,CL00366,2026-01-06,Avance de nómina,1200000,12,0.0214,114000,App,897,0.0432,Automática,Activo,0,0,0,0.75,0,32,F,2,Posgrado,Comerciante,2640000.0,662.0,Campaña digital,False,0,Web,0,0,7,182,4,0,0,0,0,2,1,0.8571428571428571,0.0,282.14285714285717,0.0
CR000400,CL00366,2025-10-23,Crédito consumo digital,1750000,18,0.0321,130000,Web,877,0.0492,Automática,Activo,0,0,0,1.0,0,32,F,2,Posgrado,Comerciante,2640000.0,662.0,Campaña digital,False,0,Web,0,0,7,182,4,0,0,0,0,2,1,0.8571428571428571,0.0,282.14285714285717,0.0
CR000401,CL00368,2025-11-17,Microcrédito,2300000,12,0.0428,249000,Web,571,0.1215,Manual,Activo,0,0,13,0.8,1,36,F,2,Universitario,Comerciante,2050000.0,588.0,Call center,False,3,Android,1,0,7,440,5,1,1,0,0,0,0,0.7142857142857143,0.2857142857142857,164.85714285714286,1.0
CR000402,CL00369,2025-12-28,Crédito consumo digital,1250000,12,0.0363,130000,App,795,0.0588,Automática,Activo,0,0,0,1.0,0,37,M,3,Universitario,Empleado,2210000.0,569.0,Campaña digital,False,0,Web,0,0,16,741,3,3,0,1,6,1,1,0.75,0.125,188.5625,0.0
CR000403,CL00369,2025-02-07,Crédito libre inversión,3550000,9,0.0277,451000,Web,816,0.2041,Automática,Mora moderada,0,1,38,0.5,3,37,M,3,Universitario,Empleado,2210000.0,569.0,Campaña digital,False,0,Web,0,0,16,741,3,3,0,1,6,1,1,0.75,0.125,188.5625,0.0
CR000404,CL00369,2024-09-10,Avance de nómina,850000,9,0.0261,107000,Aliado,900,0.0484,Automática,Finalizado,0,0,0,1.0,0,37,M,3,Universitario,Empleado,2210000.0,569.0,Campaña digital,False,0,Web,0,0,16,741,3,3,0,1,6,1,1,0.75,0.125,188.5625,0.0
CR000406,CL00372,2024-07-11,Crédito consumo digital,1700000,9,0.033,221000,Aliado,900,0.0505,Automática,Finalizado,0,0,0,1.0,0,41,F,2,Universitario,Empleado,4380000.0,707.0,App orgánico,True,4,Web,0,0,11,768,2,2,2,2,2,1,0,0.6363636363636364,0.18181818181818182,156.0909090909091,1.0
CR000407,CL00374,2024-05-02,Crédito libre inversión,1700000,18,0.0171,110000,Web,566,0.0618,Manual,Finalizado,0,0,24,0.8333333333333334,1,46,F,1,Universitario,Conductor/Repartidor,1780000.0,588.0,Referido,False,4,iOS,1,0,6,477,1,0,3,0,1,0,1,0.5,0.3333333333333333,194.33333333333334,0.0
CR000408,CL00375,2023-04-11,Microcrédito,3200000,12,0.0251,312000,App,851,0.1345,Automática,Mora severa,0,1,106,0.6666666666666666,2,58,F,4,Técnico/Tecnólogo,Conductor/Repartidor,2320000.0,603.0,App orgánico,False,0,Web,0,0,14,951,5,2,1,0,1,2,0,0.8571428571428571,0.14285714285714285,192.21428571428572,0.5
CR000409,CL00375,2023-08-07,Microcrédito,2700000,6,0.0374,511000,App,787,0.2203,Automática,Mora moderada,0,1,55,0.5,3,58,F,4,Técnico/Tecnólogo,Conductor/Repartidor,2320000.0,603.0,App orgánico,False,0,Web,0,0,14,951,5,2,1,0,1,2,0,0.8571428571428571,0.14285714285714285,192.21428571428572,0.5
CR000410,CL00376,2024-06-26,Avance de nómina,450000,12,0.029,45000,Call center,883,0.015,Automática,Finalizado,0,0,0,1.0,0,28,M,3,Sin información,Empleado,3010000.0,566.0,App orgánico,False,2,Android,0,0,22,1076,7,2,5,1,2,0,3,0.6363636363636364,0.18181818181818182,145.86363636363637,2.5
CR000411,CL00376,2025-08-11,Crédito consumo digital,800000,9,0.0319,104000,Aliado,790,0.0346,Automática,Activo,0,0,0,1.0,0,28,M,3,Sin información,Empleado,3010000.0,566.0,App orgánico,False,2,Android,0,0,22,1076,7,2,5,1,2,0,3,0.6363636363636364,0.18181818181818182,145.86363636363637,2.5
CR000412,CL00376,2023-05-02,Crédito libre inversión,1750000,3,0.0196,606000,Aliado,860,0.2013,Automática,Finalizado,0,0,0,1.0,0,28,M,3,Sin información,Empleado,3010000.0,566.0,App orgánico,False,2,Android,0,0,22,1076,7,2,5,1,2,0,3,0.6363636363636364,0.18181818181818182,145.86363636363637,2.5
CR000414,CL00378,2026-01-06,Crédito consumo digital,900000,12,0.0225,86000,Aliado,704,0.0497,Automática,Activo,0,0,24,0.5,1,38,M,1,Técnico/Tecnólogo,Independiente,1730000.0,471.0,Campaña digital,False,2,Android,0,0,14,483,7,1,3,0,1,0,0,0.7142857142857143,0.2857142857142857,129.57142857142858,3.0
CR000415,CL00378,2026-01-18,Crédito libre inversión,1800000,3,0.017,621000,Web,677,0.359,Manual,Mora moderada,0,1,43,0.6666666666666666,1,38,M,1,Técnico/Tecnólogo,Independiente,1730000.0,471.0,Campaña digital,False,2,Android,0,0,14,483,7,1,3,0,1,0,0,0.7142857142857143,0.2857142857142857,129.57142857142858,3.0
CR000416,CL00379,2024-10-31,Crédito libre inversión,2950000,9,0.0246,369000,Web,873,0.0979,Automática,Mora moderada,0,0,11,0.8333333333333334,1,58,M,2,Universitario,Empleado,3770000.0,731.0,Aliado comercial,False,1,Android,0,0,9,592,4,1,0,0,2,0,0,1.0,0.0,135.22222222222223,0.0
CR000417,CL00380,2025-11-24,Crédito consumo digital,2700000,9,0.0341,353000,App,786,0.1293,Automática,Activo,0,0,0,1.0,0,28,F,2,Bachiller,Empleado,2730000.0,573.0,Aliado comercial,True,3,Android,0,0,17,224,8,2,2,1,1,1,1,0.7647058823529411,0.11764705882352941,181.11764705882354,1.0
CR000418,CL00380,2025-10-23,Crédito libre inversión,3000000,6,0.018,532000,App,867,0.1949,Automática,Finalizado,0,0,0,1.0,0,28,F,2,Bachiller,Empleado,2730000.0,573.0,Aliado comercial,True,3,Android,0,0,17,224,8,2,2,1,1,1,1,0.7647058823529411,0.11764705882352941,181.11764705882354,1.0
CR000420,CL00381,2023-11-22,Crédito consumo digital,900000,9,0.0223,111000,Aliado,747,0.073,Automática,Mora severa,0,0,28,0.5,3,28,F,3,Universitario,Independiente,1520000.0,503.0,Campaña digital,True,3,Android,0,0,10,869,5,0,1,0,3,0,1,0.7,0.2,202.1,0.0
CR000421,CL00382,2025-09-27,Crédito libre inversión,6800000,3,0.0339,2422000,App,900,0.3387,Automática,Finalizado,0,0,0,1.0,0,30,F,4,Universitario,Empleado,7150000.0,730.0,Aliado comercial,True,0,Android,0,0,11,418,3,3,0,1,2,0,1,0.6363636363636364,0.18181818181818182,119.18181818181819,0.0
CR000422,CL00383,2025-07-18,Microcrédito,3350000,9,0.0324,435000,App,869,0.1154,Automática,Mora moderada,0,0,5,0.8333333333333334,1,19,M,3,Sin información,Independiente,3770000.0,500.0,Campaña digital,False,1,Android,0,0,15,833,2,2,3,0,4,0,2,0.7333333333333333,0.13333333333333333,141.53333333333333,1.5
CR000423,CL00383,2026-01-02,Crédito consumo digital,1350000,9,0.0356,178000,Web,795,0.0472,Automática,Activo,0,0,0,0.75,0,19,M,3,Sin información,Independiente,3770000.0,500.0,Campaña digital,False,1,Android,0,0,15,833,2,2,3,0,4,0,2,0.7333333333333333,0.13333333333333333,141.53333333333333,1.5
CR000424,CL00384,2025-05-22,Crédito consumo digital,4150000,18,0.0323,308000,Aliado,877,0.0725,Automática,Activo,0,0,0,1.0,0,31,F,5,Bachiller,Microempresario,4250000.0,611.0,Aliado comercial,True,1,Android,0,0,16,78,3,1,3,1,3,1,1,0.875,0.0,169.3125,3.0
CR000425,CL00384,2026-02-13,Microcrédito,2950000,12,0.0289,294000,App,900,0.0692,Automática,Activo,0,0,0,0.6666666666666666,0,31,F,5,Bachiller,Microempresario,4250000.0,611.0,Aliado comercial,True,1,Android,0,0,16,78,3,1,3,1,3,1,1,0.875,0.0,169.3125,3.0
CR000426,CL00385,2026-01-13,Crédito consumo digital,1300000,12,0.0269,128000,Aliado,848,0.0604,Automática,Activo,0,0,0,0.75,0,28,M,2,Posgrado,Conductor/Repartidor,2120000.0,565.0,App orgánico,False,0,iOS,0,0,4,616,1,0,0,0,2,0,1,0.75,0.0,228.75,0.0
CR000427,CL00386,2024-03-09,Crédito consumo digital,2100000,6,0.0237,380000,Web,780,0.1467,Automática,Mora severa,0,1,117,0.5,3,38,M,4,Técnico/Tecnólogo,Conductor/Repartidor,2590000.0,473.0,Campaña digital,False,1,Android,0,0,14,757,3,2,3,1,4,1,0,0.7857142857142857,0.14285714285714285,201.42857142857142,1.5
CR000428,CL00386,2025-10-15,Crédito consumo digital,1150000,18,0.036,88000,App,794,0.034,Automática,Mora moderada,0,0,30,0.6666666666666666,2,38,M,4,Técnico/Tecnólogo,Conductor/Repartidor,2590000.0,473.0,Campaña digital,False,1,Android,0,0,14,757,3,2,3,1,4,1,0,0.7857142857142857,0.14285714285714285,201.42857142857142,1.5
CR000429,CL00387,2025-12-26,Crédito libre inversión,3700000,6,0.028,678000,App,679,0.2638,Automática,Mora moderada,0,1,39,0.25,3,39,M,2,Universitario,Comerciante,2640000.0,469.0,Campaña digital,False,2,iOS,0,0,6,176,1,1,2,0,2,0,0,1.0,0.0,181.5,2.0
CR000430,CL00389,2025-08-31,Crédito libre inversión,6650000,24,0.0221,360000,App,877,0.1682,Automática,Activo,0,0,0,1.0,0,46,No informa,1,Técnico/Tecnólogo,Empleado,2140000.0,670.0,Referido,False,0,iOS,0,0,7,403,1,1,1,0,3,1,0,1.0,0.0,202.71428571428572,1.0
CR000431,CL00390,2024-11-02,Avance de nómina,1050000,6,0.0291,193000,Aliado,900,0.039,Automática,Finalizado,0,0,0,1.0,0,30,M,6,Posgrado,Empleado,4950000.0,702.0,Referido,False,0,Android,0,0,11,556,2,3,1,0,3,0,2,0.8181818181818182,0.0,146.0,0.3333333333333333
CR000432,CL00391,2025-07-12,Avance de nómina,350000,6,0.0195,62000,App,797,0.0323,Automática,Finalizado,0,0,5,0.8333333333333334,1,27,M,3,Bachiller,Independiente,1920000.0,568.0,Referido,False,2,Android,0,0,10,443,3,0,2,0,3,0,0,0.8,0.2,172.6,0.0
CR000434,CL00394,2025-11-16,Crédito consumo digital,1950000,12,0.0294,195000,Aliado,727,0.1147,Automática,Activo,0,0,0,1.0,0,54,F,3,Universitario,Estudiante,1700000.0,585.0,Campaña digital,True,4,iOS,0,0,18,482,7,3,0,1,5,0,2,0.7777777777777778,0.05555555555555555,130.61111111111111,0.0
CR000435,CL00394,2025-10-22,Crédito consumo digital,1350000,9,0.0309,174000,Web,769,0.1024,Automática,Activo,0,0,4,0.8333333333333334,1,54,F,3,Universitario,Estudiante,1700000.0,585.0,Campaña digital,True,4,iOS,0,0,18,482,7,3,0,1,5,0,2,0.7777777777777778,0.05555555555555555,130.61111111111111,0.0
CR000436,CL00395,2025-09-11,Crédito libre inversión,4650000,12,0.0228,447000,App,803,0.1437,Automática,Activo,0,0,17,0.8333333333333334,1,48,F,1,Bachiller,Empleado,3110000.0,593.0,App orgánico,True,3,Android,0,0,22,1009,5,4,4,0,3,2,3,0.7272727272727273,0.13636363636363635,157.77272727272728,1.0
CR000437,CL00395,2024-02-22,Crédito consumo digital,1550000,9,0.0352,204000,Web,834,0.0656,Automática,Finalizado,0,0,0,1.0,0,48,F,1,Bachiller,Empleado,3110000.0,593.0,App orgánico,True,3,Android,0,0,22,1009,5,4,4,0,3,2,3,0.7272727272727273,0.13636363636363635,157.77272727272728,1.0
CR000438,CL00395,2025-03-28,Crédito consumo digital,1950000,9,0.0329,254000,App,842,0.0817,Automática,Finalizado,0,0,6,0.6666666666666666,2,48,F,1,Bachiller,Empleado,3110000.0,593.0,App orgánico,True,3,Android,0,0,22,1009,5,4,4,0,3,2,3,0.7272727272727273,0.13636363636363635,157.77272727272728,1.0
CR000440,CL00398,2025-07-24,Crédito consumo digital,550000,12,0.0278,55000,App,719,0.1222,Automática,Mora severa,0,0,7,0.8333333333333334,1,50,F,1,Universitario,Desempleado,450000.0,465.0,App orgánico,False,1,Android,0,0,4,160,1,2,0,0,1,0,0,0.75,0.25,213.25,0.0
CR000441,CL00399,2025-01-03,Microcrédito,1100000,6,0.0346,206000,App,798,0.1177,Automática,Mora moderada,0,1,59,0.8333333333333334,1,35,M,2,Técnico/Tecnólogo,Independiente,1750000.0,588.0,Aliado comercial,False,1,Android,0,0,13,511,5,1,2,1,2,1,1,0.7692307692307693,0.07692307692307693,164.53846153846155,2.0
CR000442,CL00399,2025-01-03,Crédito consumo digital,1350000,18,0.0367,104000,App,829,0.0594,Automática,Mora severa,0,0,0,1.0,0,35,M,2,Técnico/Tecnólogo,Independiente,1750000.0,588.0,Aliado comercial,False,1,Android,0,0,13,511,5,1,2,1,2,1,1,0.7692307692307693,0.07692307692307693,164.53846153846155,2.0
CR000443,CL00400,2025-07-30,Crédito consumo digital,1850000,12,0.0258,181000,App,900,0.087,Automática,Activo,0,0,0,1.0,0,48,M,4,Bachiller,Empleado,2080000.0,701.0,App orgánico,False,1,Web,0,0,5,320,2,1,0,0,1,0,1,0.8,0.0,113.4,0.0
CR000444,CL00401,2025-02-12,Crédito libre inversión,6000000,3,0.0312,2126000,App,708,0.9325,Excepción,Finalizado,0,0,11,0.3333333333333333,2,20,F,3,Posgrado,Empleado,2280000.0,555.0,App orgánico,True,0,Web,0,0,17,501,4,3,2,0,4,1,2,0.7647058823529411,0.11764705882352941,110.70588235294117,0.6666666666666666
CR000446,CL00402,2025-12-18,Avance de nómina,1400000,9,0.0284,178000,App,827,0.048,Automática,Activo,0,0,0,1.0,0,30,M,2,Universitario,Microempresario,3710000.0,548.0,App orgánico,False,0,Web,0,0,12,173,3,2,1,0,2,1,2,0.5833333333333334,0.25,154.0,0.5
CR000448,CL00405,2025-10-03,Crédito libre inversión,1950000,6,0.0243,353000,App,798,0.1374,Automática,Mora moderada,0,1,56,0.8333333333333334,1,31,M,3,Técnico/Tecnólogo,Independiente,2570000.0,604.0,Campaña digital,True,0,iOS,0,0,10,975,3,1,1,0,4,0,0,0.9,0.1,139.3,1.0
CR000449,CL00406,2023-07-09,Crédito consumo digital,950000,6,0.12,176000,Call center,854,0.0765,Automática,Finalizado,1,0,0,1.0,0,42,F,4,Universitario,Empleado,2300000.0,643.0,Campaña digital,True,2,Android,0,0,13,1086,3,0,3,0,4,1,1,0.9230769230769231,0.0,220.53846153846155,0.0
CR000450,CL00406,2024-07-27,Crédito consumo digital,3300000,3,0.0344,1177000,App,836,0.5117,Manual,Finalizado,0,0,0,1.0,0,42,F,4,Universitario,Empleado,2300000.0,643.0,Campaña digital,True,2,Android,0,0,13,1086,3,0,3,0,4,1,1,0.9230769230769231,0.0,220.53846153846155,0.0
CR000451,CL00407,2025-05-14,Microcrédito,1500000,12,0.0352,155000,App,783,0.0622,Automática,Activo,0,0,0,1.0,0,25,M,3,Sin información,Empleado,2490000.0,548.0,Campaña digital,False,0,Android,0,0,7,224,1,0,0,0,6,0,0,0.8571428571428571,0.14285714285714285,105.57142857142857,0.0
CR000452,CL00408,2025-07-10,Crédito consumo digital,1250000,6,0.0319,232000,App,884,0.072,Automática,Finalizado,0,0,16,0.8333333333333334,1,35,M,4,Técnico/Tecnólogo,Pensionado,3220000.0,588.0,Aliado comercial,True,0,Android,0,0,5,208,4,0,0,0,1,0,0,1.0,0.0,196.8,0.0
CR000453,CL00410,2024-10-13,Microcrédito,3550000,12,0.0359,369000,Call center,804,0.1157,Automática,Finalizado,0,0,6,0.8333333333333334,1,41,F,1,Universitario,Microempresario,3190000.0,546.0,Call center,True,1,Android,0,0,6,443,1,0,2,0,2,0,0,0.8333333333333334,0.16666666666666666,90.83333333333333,0.0
CR000454,CL00411,2025-09-01,Crédito consumo digital,4050000,3,0.0303,1433000,App,900,0.2334,Automática,Finalizado,0,0,0,1.0,0,43,F,4,Bachiller,Empleado,6140000.0,816.0,Campaña digital,True,0,iOS,0,0,13,298,3,1,1,1,4,1,2,0.5384615384615384,0.23076923076923078,134.69230769230768,1.0
CR000455,CL00412,2026-01-15,Crédito consumo digital,800000,6,0.029,147000,App,873,0.0782,Automática,Activo,0,0,0,0.75,0,25,F,2,Bachiller,Microempresario,1880000.0,545.0,App orgánico,False,0,Android,0,0,13,210,2,2,3,1,5,0,0,0.7692307692307693,0.15384615384615385,156.30769230769232,1.5
CR000456,CL00412,2026-02-12,Microcrédito,1500000,12,0.0279,149000,App,805,0.0793,Automática,Activo,0,0,6,0.0,2,25,F,2,Bachiller,Microempresario,1880000.0,545.0,App orgánico,False,0,Android,0,0,13,210,2,2,3,1,5,0,0,0.7692307692307693,0.15384615384615385,156.30769230769232,1.5
CR000457,CL00413,2024-05-27,Crédito libre inversión,1250000,3,0.0243,437000,App,719,0.2241,Automática,Finalizado,0,0,0,1.0,0,21,F,2,Sin información,Comerciante,1950000.0,530.0,App orgánico,False,2,Android,0,0,15,885,5,1,1,1,6,0,0,0.8,0.13333333333333333,193.6,1.0
CR000458,CL00413,2025-04-17,Crédito consumo digital,1450000,6,0.0238,262000,Aliado,811,0.1344,Automática,Mora moderada,0,1,41,0.5,3,21,F,2,Sin información,Comerciante,1950000.0,530.0,App orgánico,False,2,Android,0,0,15,885,5,1,1,1,6,0,0,0.8,0.13333333333333333,193.6,1.0
CR000459,CL00414,2025-07-31,Microcrédito,4800000,12,0.031,485000,App,623,0.1488,Automática,Activo,0,0,0,1.0,0,49,M,2,Técnico/Tecnólogo,Empleado,3260000.0,588.0,Campaña digital,False,0,Android,1,0,4,267,0,2,1,0,1,0,0,1.0,0.0,149.25,0.5
CR000460,CL00415,2024-06-24,Crédito consumo digital,900000,24,0.0228,49000,Web,758,0.0206,Automática,Activo,0,0,20,0.8333333333333334,1,39,M,2,Sin información,Microempresario,2380000.0,513.0,Aliado comercial,False,0,Android,0,0,13,778,6,1,0,0,5,0,1,0.9230769230769231,0.0,150.46153846153845,0.0
CR000461,CL00415,2025-08-21,Microcrédito,3400000,6,0.0389,646000,Web,774,0.2714,Automática,Finalizado,0,0,17,0.6666666666666666,2,39,M,2,Sin información,Microempresario,2380000.0,513.0,Aliado comercial,False,0,Android,0,0,13,778,6,1,0,0,5,0,1,0.9230769230769231,0.0,150.46153846153845,0.0
CR000462,CL00416,2025-06-01,Crédito consumo digital,1650000,12,0.0358,172000,Aliado,874,0.0435,Automática,Activo,0,0,0,1.0,0,29,F,1,Bachiller,Comerciante,3950000.0,610.0,App orgánico,True,2,iOS,0,0,14,991,6,0,3,1,3,0,1,0.7857142857142857,0.07142857142857142,122.78571428571429,0.0
CR000463,CL00416,2023-11-20,Avance de nómina,1200000,12,0.0249,117000,App,900,0.0296,Automática,Finalizado,0,0,0,1.0,0,29,F,1,Bachiller,Comerciante,3950000.0,610.0,App orgánico,True,2,iOS,0,0,14,991,6,0,3,1,3,0,1,0.7857142857142857,0.07142857142857142,122.78571428571429,0.0
CR000464,CL00417,2024-05-27,Microcrédito,2500000,6,0.0302,462000,App,900,0.14,Automática,Mora severa,0,1,109,0.8333333333333334,1,52,M,2,Técnico/Tecnólogo,Comerciante,3300000.0,634.0,Aliado comercial,True,4,Android,0,0,28,929,8,3,2,1,8,0,3,0.75,0.10714285714285714,164.5,0.6666666666666666
CR000465,CL00417,2023-10-15,Crédito consumo digital,450000,18,0.0355,34000,Aliado,900,0.0103,Automática,Finalizado,0,0,0,1.0,0,52,M,2,Técnico/Tecnólogo,Comerciante,3300000.0,634.0,Aliado comercial,True,4,Android,0,0,28,929,8,3,2,1,8,0,3,0.75,0.10714285714285714,164.5,0.6666666666666666
CR000466,CL00417,2026-01-26,Microcrédito,2050000,6,0.0385,389000,Call center,869,0.1179,Automática,Activo,0,0,4,0.6666666666666666,1,52,M,2,Técnico/Tecnólogo,Comerciante,3300000.0,634.0,Aliado comercial,True,4,Android,0,0,28,929,8,3,2,1,8,0,3,0.75,0.10714285714285714,164.5,0.6666666666666666
CR000467,CL00418,2025-12-31,Crédito libre inversión,1650000,6,0.0269,301000,App,815,0.0865,Automática,Activo,0,0,0,1.0,0,37,F,3,Universitario,Independiente,3480000.0,530.0,Campaña digital,False,0,Android,0,0,8,442,4,0,1,0,2,1,0,0.875,0.125,237.25,0.0
CR000468,CL00420,2024-06-15,Crédito consumo digital,1550000,12,0.0203,147000,App,789,0.0735,Automática,Finalizado,0,0,0,1.0,0,37,M,3,Posgrado,Estudiante,2000000.0,520.0,Aliado comercial,False,2,Android,0,0,7,954,2,2,1,0,2,0,0,0.8571428571428571,0.14285714285714285,116.57142857142857,0.5
CR000470,CL00422,2025-12-12,Crédito consumo digital,3550000,6,0.0223,639000,App,900,0.1551,Automática,Activo,0,0,0,0.8,0,54,F,4,Técnico/Tecnólogo,Microempresario,4120000.0,765.0,Campaña digital,True,2,iOS,0,0,8,321,3,1,0,0,2,0,0,1.0,0.0,114.5,0.0
CR000471,CL00424,2025-09-02,Microcrédito,2500000,9,0.0303,322000,Aliado,776,0.1188,Automática,Activo,0,0,6,0.8333333333333334,1,46,M,1,Posgrado,Empleado,2710000.0,582.0,Referido,False,1,Android,0,0,18,305,4,4,2,0,3,2,2,0.7222222222222222,0.16666666666666666,140.22222222222223,0.5
CR000472,CL00424,2025-12-20,Crédito libre inversión,7150000,24,0.0325,434000,App,810,0.1601,Automática,Mora moderada,0,1,57,0.5,2,46,M,1,Posgrado,Empleado,2710000.0,582.0,Referido,False,1,Android,0,0,18,305,4,4,2,0,3,2,2,0.7222222222222222,0.16666666666666666,140.22222222222223,0.5
CR000473,CL00425,2025-07-24,Avance de nómina,1850000,3,0.0224,644000,App,900,0.1651,Automática,Finalizado,0,0,22,0.6666666666666666,1,42,M,2,Sin información,Empleado,3900000.0,480.0,Aliado comercial,False,0,Android,0,0,3,178,2,0,1,0,0,0,0,0.6666666666666666,0.3333333333333333,136.0,0.0
CR000474,CL00426,2025-10-13,Crédito consumo digital,1800000,9,0.0278,229000,Web,819,0.1487,Automática,Activo,0,0,15,0.5,3,50,M,3,Técnico/Tecnólogo,Conductor/Repartidor,1540000.0,524.0,Campaña digital,True,2,iOS,0,0,7,863,1,1,1,1,2,0,1,0.5714285714285714,0.14285714285714285,159.42857142857142,1.0
CR000475,CL00427,2025-09-05,Crédito consumo digital,1800000,9,0.0303,232000,Web,831,0.0875,Automática,Activo,0,0,4,0.8333333333333334,1,26,M,3,Bachiller,Comerciante,2650000.0,473.0,Call center,False,2,iOS,0,0,14,333,3,1,2,0,5,1,0,0.9285714285714286,0.07142857142857142,162.5,2.0
CR000476,CL00427,2025-11-11,Microcrédito,800000,6,0.0449,155000,Aliado,812,0.0585,Automática,Mora severa,0,1,63,0.16666666666666666,4,26,M,3,Bachiller,Comerciante,2650000.0,473.0,Call center,False,2,iOS,0,0,14,333,3,1,2,0,5,1,0,0.9285714285714286,0.07142857142857142,162.5,2.0
CR000477,CL00428,2025-04-22,Avance de nómina,750000,3,0.028,264000,App,591,0.1217,Manual,Finalizado,0,0,0,1.0,0,43,M,4,Técnico/Tecnólogo,Empleado,2170000.0,588.0,Referido,True,0,Android,1,0,7,367,2,1,1,0,0,0,3,0.5714285714285714,0.0,134.57142857142858,1.0
CR000478,CL00430,2025-09-10,Crédito consumo digital,2650000,12,0.0381,279000,Call center,826,0.0813,Automática,Mora moderada,0,1,32,0.8333333333333334,1,19,F,6,Bachiller,Empleado,3430000.0,630.0,Campaña digital,False,0,Android,0,0,28,103,7,2,4,0,10,2,2,0.8571428571428571,0.07142857142857142,178.67857142857142,2.0
CR000479,CL00430,2026-01-18,Avance de nómina,1150000,9,0.0267,145000,App,900,0.0423,Automática,Activo,0,0,0,1.0,0,19,F,6,Bachiller,Empleado,3430000.0,630.0,Campaña digital,False,0,Android,0,0,28,103,7,2,4,0,10,2,2,0.8571428571428571,0.07142857142857142,178.67857142857142,2.0
CR000480,CL00430,2025-11-03,Avance de nómina,1900000,3,0.0285,670000,Aliado,881,0.1953,Automática,Finalizado,0,0,0,1.0,0,19,F,6,Bachiller,Empleado,3430000.0,630.0,Campaña digital,False,0,Android,0,0,28,103,7,2,4,0,10,2,2,0.8571428571428571,0.07142857142857142,178.67857142857142,2.0
CR000481,CL00431,2023-12-15,Crédito libre inversión,5200000,3,0.0199,1803000,App,763,0.6703,Excepción,Finalizado,0,0,27,0.3333333333333333,2,24,F,2,Universitario,Independiente,2690000.0,491.0,App orgánico,False,0,Android,0,0,20,879,3,5,3,1,5,0,2,0.8,0.05,157.8,0.6
CR000482,CL00431,2025-09-27,Microcrédito,1250000,18,0.0383,97000,App,732,0.0361,Automática,Activo,0,0,4,0.6666666666666666,2,24,F,2,Universitario,Independiente,2690000.0,491.0,App orgánico,False,0,Android,0,0,20,879,3,5,3,1,5,0,2,0.8,0.05,157.8,0.6
CR000483,CL00431,2025-09-21,Crédito consumo digital,800000,3,0.0201,277000,Aliado,820,0.103,Automática,Finalizado,0,0,0,1.0,0,24,F,2,Universitario,Independiente,2690000.0,491.0,App orgánico,False,0,Android,0,0,20,879,3,5,3,1,5,0,2,0.8,0.05,157.8,0.6
CR000484,CL00433,2025-12-24,Crédito consumo digital,1800000,6,0.0323,335000,Web,831,0.0748,Automática,Activo,0,0,0,1.0,0,33,M,6,Sin información,Microempresario,4480000.0,624.0,App orgánico,True,0,Android,0,0,8,227,4,2,0,0,1,0,1,0.75,0.125,187.75,0.0
CR000485,CL00434,2025-08-06,Crédito libre inversión,2350000,12,0.0309,237000,App,569,0.0905,Manual,Activo,0,0,22,0.5,3,43,F,1,Técnico/Tecnólogo,Conductor/Repartidor,2620000.0,588.0,App orgánico,False,0,Android,1,0,11,270,6,0,0,0,3,1,1,0.7272727272727273,0.18181818181818182,121.0909090909091,0.0
CR000487,CL00436,2025-07-27,Crédito consumo digital,700000,3,0.0281,247000,App,774,0.135,Automática,Finalizado,0,0,0,1.0,0,37,M,2,Universitario,Empleado,1830000.0,505.0,Aliado comercial,True,1,Web,0,0,10,993,3,1,0,0,2,1,2,0.8,0.0,92.2,0.0
CR000488,CL00437,2025-04-28,Crédito consumo digital,850000,6,0.0277,156000,Call center,814,0.0796,Automática,Finalizado,0,0,26,0.8333333333333334,1,52,M,3,Sin información,Comerciante,1960000.0,662.0,Referido,False,1,Android,0,0,12,401,2,2,0,2,3,0,1,0.75,0.0,174.08333333333334,0.0
CR000489,CL00438,2024-08-27,Crédito consumo digital,1500000,6,0.0201,268000,App,900,0.077,Automática,Finalizado,0,0,0,1.0,0,22,M,3,Universitario,Empleado,3480000.0,709.0,Aliado comercial,True,1,iOS,0,0,15,501,3,1,3,1,4,0,2,0.7333333333333333,0.06666666666666667,162.06666666666666,3.0
CR000490,CL00438,2025-07-27,Avance de nómina,1000000,6,0.0238,181000,Aliado,900,0.052,Automática,Finalizado,0,0,0,1.0,0,22,M,3,Universitario,Empleado,3480000.0,709.0,Aliado comercial,True,1,iOS,0,0,15,501,3,1,3,1,4,0,2,0.7333333333333333,0.06666666666666667,162.06666666666666,3.0
CR000491,CL00439,2024-10-27,Crédito consumo digital,2000000,3,0.0299,707000,App,874,0.1817,Automática,Mora moderada,0,1,53,0.6666666666666666,1,19,M,2,Universitario,Empleado,3890000.0,624.0,Referido,False,2,Android,0,0,5,101,2,1,0,0,2,0,0,0.8,0.2,161.6,0.0
CR000492,CL00440,2025-07-19,Microcrédito,1600000,18,0.0424,129000,App,766,0.1554,Automática,Mora moderada,0,1,58,0.5,3,35,F,5,Universitario,Desempleado,830000.0,520.0,App orgánico,False,2,iOS,0,0,6,170,2,2,0,1,0,0,1,0.6666666666666666,0.0,115.16666666666667,0.0
CR000493,CL00441,2025-10-24,Microcrédito,500000,6,0.0285,92000,Aliado,756,0.1484,Automática,Mora severa,0,1,108,0.5,3,40,F,3,Bachiller,Desempleado,620000.0,548.0,Call center,False,0,Android,0,0,12,208,6,2,1,0,0,0,0,0.9166666666666666,0.08333333333333333,222.33333333333334,0.5
CR000495,CL00442,2025-10-06,Crédito consumo digital,900000,3,0.0335,320000,App,548,0.1208,Manual,Mora moderada,0,1,32,0.6666666666666666,1,36,F,3,Bachiller,Empleado,2650000.0,588.0,Referido,True,0,iOS,1,0,18,244,4,6,2,1,2,0,1,0.7222222222222222,0.16666666666666666,193.22222222222223,0.3333333333333333
CR000496,CL00442,2025-07-04,Crédito consumo digital,1600000,6,0.0229,288000,Aliado,598,0.1087,Manual,Mora moderada,0,1,42,0.6666666666666666,2,36,F,3,Bachiller,Empleado,2650000.0,588.0,Referido,True,0,iOS,1,0,18,244,4,6,2,1,2,0,1,0.7222222222222222,0.16666666666666666,193.22222222222223,0.3333333333333333
CR000497,CL00443,2025-11-13,Microcrédito,2550000,12,0.0445,279000,Call center,878,0.0883,Automática,Activo,0,0,1,0.6666666666666666,1,19,F,3,Sin información,Conductor/Repartidor,3160000.0,568.0,Campaña digital,False,1,Android,0,0,14,658,3,2,3,0,2,2,1,0.7857142857142857,0.14285714285714285,100.78571428571429,1.5
CR000498,CL00443,2026-01-10,Crédito libre inversión,2800000,3,0.0289,988000,App,859,0.3127,Automática,Mora moderada,0,1,51,0.0,3,19,F,3,Sin información,Conductor/Repartidor,3160000.0,568.0,Campaña digital,False,1,Android,0,0,14,658,3,2,3,0,2,2,1,0.7857142857142857,0.14285714285714285,100.78571428571429,1.5
CR000499,CL00444,2025-09-06,Microcrédito,5000000,9,0.0315,647000,App,898,0.1609,Automática,Activo,0,0,0,1.0,0,35,F,3,Técnico/Tecnólogo,Empleado,4020000.0,676.0,Campaña digital,True,2,iOS,0,0,6,217,2,1,1,0,0,0,2,0.6666666666666666,0.0,146.5,1.0
CR000500,CL00445,2026-02-14,Crédito libre inversión,5050000,9,0.0268,639000,App,825,0.2708,Automática,Activo,0,0,0,0.6666666666666666,0,23,M,3,Bachiller,Independiente,2360000.0,604.0,App orgánico,True,4,Android,0,0,10,463,3,0,1,1,4,0,1,0.7,0.1,163.5,0.0
CR000502,CL00447,2025-07-02,Crédito libre inversión,9450000,12,0.0199,893000,Aliado,900,0.1436,Automática,Activo,0,0,0,1.0,0,40,F,3,Técnico/Tecnólogo,Microempresario,6220000.0,815.0,Campaña digital,False,1,Android,0,0,16,786,7,1,3,1,3,1,0,0.875,0.0625,103.1875,3.0
CR000503,CL00447,2024-10-17,Crédito consumo digital,2700000,3,0.0299,954000,App,900,0.1534,Automática,Finalizado,0,0,0,1.0,0,40,F,3,Técnico/Tecnólogo,Microempresario,6220000.0,815.0,Campaña digital,False,1,Android,0,0,16,786,7,1,3,1,3,1,0,0.875,0.0625,103.1875,3.0
CR000504,CL00449,2025-12-16,Crédito consumo digital,500000,12,0.0376,53000,App,628,0.0791,Automática,Mora moderada,0,1,45,0.0,4,31,M,1,Sin información,Desempleado,670000.0,389.0,App orgánico,False,0,Android,0,0,12,217,3,1,2,0,2,3,0,0.8333333333333334,0.16666666666666666,174.16666666666666,2.0
CR000505,CL00449,2025-12-26,Crédito libre inversión,400000,3,0.0214,139000,App,689,0.2075,Automática,Finalizado,0,0,29,0.0,3,31,M,1,Sin información,Desempleado,670000.0,389.0,App orgánico,False,0,Android,0,0,12,217,3,1,2,0,2,3,0,0.8333333333333334,0.16666666666666666,174.16666666666666,2.0
CR000507,CL00450,2025-06-12,Crédito consumo digital,1750000,9,0.0212,216000,App,860,0.0774,Automática,Finalizado,0,0,0,1.0,0,25,No informa,1,Posgrado,Comerciante,2790000.0,529.0,Referido,False,1,Android,0,0,21,400,7,1,2,0,7,2,2,0.7142857142857143,0.19047619047619047,194.0,2.0
CR000508,CL00451,2024-11-22,Crédito consumo digital,1100000,6,0.0374,208000,Aliado,900,0.1189,Automática,Finalizado,0,0,0,1.0,0,35,F,2,Bachiller,Empleado,1750000.0,598.0,Referido,True,3,Android,0,0,8,1069,3,2,1,0,1,0,1,0.75,0.125,155.25,0.5
CR000509,CL00452,2025-11-01,Crédito consumo digital,650000,12,0.0326,66000,App,897,0.0278,Automática,Activo,0,0,4,0.8333333333333334,1,46,M,2,Técnico/Tecnólogo,Microempresario,2370000.0,545.0,App orgánico,False,2,Android,0,0,18,924,6,3,3,0,3,0,3,0.5555555555555556,0.2777777777777778,152.44444444444446,1.0
CR000510,CL00453,2024-03-01,Crédito consumo digital,1450000,6,0.0219,261000,App,795,0.0853,Automática,Finalizado,0,0,0,1.0,0,26,M,4,Universitario,Conductor/Repartidor,3060000.0,556.0,Campaña digital,False,3,Android,0,0,13,847,5,3,3,0,2,0,0,0.8461538461538461,0.15384615384615385,183.23076923076923,1.0
CR000511,CL00453,2023-12-29,Crédito libre inversión,3500000,12,0.0246,340000,Web,861,0.1111,Automática,Finalizado,0,0,26,0.8333333333333334,1,26,M,4,Universitario,Conductor/Repartidor,3060000.0,556.0,Campaña digital,False,3,Android,0,0,13,847,5,3,3,0,2,0,0,0.8461538461538461,0.15384615384615385,183.23076923076923,1.0
CR000512,CL00454,2025-06-24,Avance de nómina,2150000,12,0.0263,211000,App,887,0.0643,Automática,Activo,0,0,0,1.0,0,41,M,2,Bachiller,Empleado,3280000.0,574.0,Campaña digital,False,0,Android,0,0,8,384,2,0,1,0,2,0,0,0.875,0.125,184.5,0.0
CR000513,CL00456,2025-06-16,Crédito libre inversión,8850000,6,0.0245,1604000,Aliado,854,1.2,Manual,Mora severa,0,1,63,0.6666666666666666,2,28,M,5,Técnico/Tecnólogo,Empleado,3490000.0,681.0,Campaña digital,True,2,Android,0,0,11,663,2,1,0,1,4,0,2,0.5454545454545454,0.18181818181818182,207.0909090909091,0.0
CR000514,CL00458,2026-01-26,Microcrédito,4450000,9,0.0428,606000,Web,900,0.115,Automática,Activo,0,0,0,1.0,0,26,F,4,Universitario,Empleado,5270000.0,661.0,Campaña digital,False,1,iOS,0,0,11,192,5,0,3,0,1,1,0,1.0,0.0,146.0,0.0
CR000515,CL00458,2026-01-28,Crédito consumo digital,3050000,18,0.0202,204000,Web,900,0.0387,Automática,Activo,0,0,0,1.0,0,26,F,4,Universitario,Empleado,5270000.0,661.0,Campaña digital,False,1,iOS,0,0,11,192,5,0,3,0,1,1,0,1.0,0.0,146.0,0.0
CR000516,CL00459,2025-10-15,Avance de nómina,4100000,12,0.0231,395000,Aliado,900,0.0434,Automática,Activo,0,0,0,1.0,0,30,F,5,Bachiller,Empleado,9110000.0,850.0,Campaña digital,True,0,iOS,0,0,8,272,3,1,1,2,1,0,0,0.5,0.25,162.5,1.0
CR000517,CL00460,2025-12-01,Avance de nómina,550000,9,0.0218,68000,App,803,0.0289,Automática,Activo,0,0,0,0.8,0,24,M,3,Bachiller,Empleado,2350000.0,623.0,App orgánico,True,1,iOS,0,0,14,109,3,3,2,0,2,0,3,0.6428571428571429,0.14285714285714285,136.85714285714286,0.6666666666666666
CR000518,CL00461,2025-08-20,Avance de nómina,1350000,6,0.0215,242000,App,867,0.1407,Automática,Finalizado,0,0,0,1.0,0,56,F,1,Bachiller,Empleado,1720000.0,631.0,Call center,True,0,iOS,0,0,7,260,3,0,1,1,1,0,1,0.5714285714285714,0.14285714285714285,180.42857142857142,0.0
CR000519,CL00462,2025-07-03,Microcrédito,2150000,9,0.0261,271000,App,838,0.0968,Automática,Finalizado,0,0,0,1.0,0,36,M,3,Bachiller,Independiente,2800000.0,660.0,Aliado comercial,False,0,Android,0,0,15,410,5,2,1,1,2,1,2,0.6,0.2,194.53333333333333,0.5
CR000520,CL00463,2025-05-24,Crédito libre inversión,3350000,18,0.0242,232000,App,839,0.0856,Automática,Activo,0,0,0,1.0,0,29,F,3,Bachiller,Empleado,2710000.0,624.0,App orgánico,False,4,Android,0,0,10,470,2,3,1,1,0,0,1,0.6,0.2,131.1,0.3333333333333333
CR000521,CL00464,2025-07-06,Crédito libre inversión,2050000,12,0.03,206000,Aliado,895,0.1205,Automática,Mora moderada,0,1,53,0.8333333333333334,1,38,No informa,1,Técnico/Tecnólogo,Independiente,1710000.0,636.0,Campaña digital,True,1,Android,0,0,5,114,2,0,1,0,2,0,0,0.8,0.2,178.0,0.0
CR000522,CL00467,2025-05-18,Crédito libre inversión,3150000,9,0.019,384000,App,787,0.2021,Automática,Mora moderada,0,1,51,0.3333333333333333,4,42,M,2,Bachiller,Independiente,1900000.0,493.0,Campaña digital,False,0,Web,0,0,15,693,3,1,4,1,3,0,2,0.7333333333333333,0.06666666666666667,232.13333333333333,4.0
CR000523,CL00467,2024-06-30,Microcrédito,3100000,3,0.0357,1108000,App,665,0.5832,Excepción,Mora severa,0,1,60,0.0,3,42,M,2,Bachiller,Independiente,1900000.0,493.0,Campaña digital,False,0,Web,0,0,15,693,3,1,4,1,3,0,2,0.7333333333333333,0.06666666666666667,232.13333333333333,4.0
CR000524,CL00468,2026-02-12,Crédito libre inversión,4000000,12,0.0273,395000,App,900,0.0766,Automática,Activo,0,0,0,0.6666666666666666,0,44,M,5,Posgrado,Empleado,5160000.0,779.0,Campaña digital,True,0,Android,0,0,8,320,2,2,0,0,2,0,1,0.875,0.0,166.875,0.0
CR000525,CL00469,2024-05-12,Crédito libre inversión,1100000,12,0.0306,111000,App,648,0.1078,Automática,Mora severa,0,0,19,0.3333333333333333,4,31,M,2,Universitario,Estudiante,1030000.0,429.0,Campaña digital,True,3,iOS,0,0,14,720,6,2,0,1,1,1,1,0.7857142857142857,0.07142857142857142,115.92857142857143,0.0
CR000526,CL00471,2024-10-30,Crédito consumo digital,450000,3,0.0321,160000,Web,646,0.1758,Automática,Finalizado,0,0,0,1.0,0,33,F,2,Universitario,Estudiante,910000.0,370.0,App orgánico,True,2,Web,0,0,11,456,2,3,0,0,1,3,2,0.6363636363636364,0.18181818181818182,169.0909090909091,0.0
CR000527,CL00472,2025-10-24,Crédito consumo digital,1550000,6,0.0202,277000,Web,787,0.0972,Automática,Activo,0,0,6,0.8333333333333334,1,19,M,2,Universitario,Independiente,2850000.0,590.0,Aliado comercial,True,1,Android,0,0,17,671,6,3,3,0,3,0,1,0.7647058823529411,0.17647058823529413,147.47058823529412,1.0
CR000529,CL00474,2025-06-16,Microcrédito,2200000,6,0.0254,400000,Web,806,0.2235,Automática,Finalizado,0,0,17,0.8333333333333334,1,50,M,3,Universitario,Comerciante,1790000.0,548.0,Campaña digital,True,2,Android,0,0,4,220,2,0,0,0,1,0,1,0.75,0.0,166.25,0.0
CR000530,CL00475,2024-02-28,Crédito consumo digital,1050000,6,0.0371,198000,App,756,0.0975,Automática,Finalizado,0,0,19,0.8333333333333334,1,52,M,2,Bachiller,Comerciante,2030000.0,521.0,Call center,False,1,Android,0,0,15,866,3,6,3,0,2,1,0,0.8666666666666667,0.13333333333333333,207.86666666666667,0.5
CR000531,CL00477,2023-10-28,Crédito libre inversión,2550000,6,0.018,452000,App,900,0.1759,Automática,Finalizado,0,0,0,1.0,0,42,F,2,Técnico/Tecnólogo,Empleado,2950000.0,613.0,Referido,False,0,Web,0,0,10,990,1,1,1,0,5,0,1,0.9,0.0,191.6,1.0
CR000532,CL00478,2024-11-06,Crédito libre inversión,2300000,9,0.017,278000,App,820,0.1173,Automática,Mora severa,0,1,81,0.8333333333333334,1,39,F,2,Técnico/Tecnólogo,Empleado,2370000.0,583.0,Campaña digital,False,4,Android,0,0,6,723,1,0,1,0,2,1,0,0.8333333333333334,0.16666666666666666,138.83333333333334,0.0
CR000533,CL00479,2025-10-03,Crédito consumo digital,3150000,9,0.0281,401000,App,869,0.1315,Automática,Activo,0,0,0,1.0,0,67,M,3,Técnico/Tecnólogo,Empleado,3050000.0,650.0,Aliado comercial,False,0,Android,0,0,12,542,1,4,3,0,2,0,2,0.5833333333333334,0.25,136.75,0.75
CR000534,CL00480,2025-09-03,Crédito consumo digital,2550000,6,0.0223,459000,Aliado,897,0.1622,Automática,Finalizado,0,0,0,1.0,0,47,M,5,Universitario,Empleado,2830000.0,721.0,Campaña digital,False,0,iOS,0,0,14,867,7,2,1,0,0,1,1,0.8571428571428571,0.07142857142857142,100.35714285714286,0.5
CR000535,CL00482,2025-06-03,Microcrédito,2750000,12,0.0385,290000,App,900,0.097,Automática,Activo,0,0,0,1.0,0,26,M,3,Bachiller,Conductor/Repartidor,2990000.0,628.0,Campaña digital,False,0,Android,0,0,22,196,6,1,5,0,5,1,4,0.6363636363636364,0.18181818181818182,164.1818181818182,5.0
CR000536,CL00482,2025-12-19,Crédito libre inversión,3200000,3,0.0205,1111000,Aliado,815,0.3716,Manual,Finalizado,0,0,0,1.0,0,26,M,3,Bachiller,Conductor/Repartidor,2990000.0,628.0,Campaña digital,False,0,Android,0,0,22,196,6,1,5,0,5,1,4,0.6363636363636364,0.18181818181818182,164.1818181818182,5.0
CR000537,CL00482,2025-09-15,Crédito consumo digital,2050000,24,0.0373,131000,App,833,0.0438,Automática,Activo,0,0,0,1.0,0,26,M,3,Bachiller,Conductor/Repartidor,2990000.0,628.0,Campaña digital,False,0,Android,0,0,22,196,6,1,5,0,5,1,4,0.6363636363636364,0.18181818181818182,164.1818181818182,5.0
CR000538,CL00483,2024-12-25,Microcrédito,6300000,3,0.0378,2261000,App,900,0.4172,Manual,Finalizado,0,0,0,1.0,0,20,M,3,Técnico/Tecnólogo,Empleado,5420000.0,672.0,Campaña digital,True,0,Android,0,0,10,621,3,1,1,0,5,0,0,1.0,0.0,189.4,1.0
CR000539,CL00485,2025-03-23,Crédito consumo digital,1450000,12,0.0265,143000,App,814,0.0586,Automática,Mora moderada,0,1,47,0.5,3,28,M,2,Sin información,Independiente,2440000.0,584.0,App orgánico,False,1,Android,0,0,18,898,7,1,1,0,6,1,1,0.6666666666666666,0.2777777777777778,194.5,1.0
CR000540,CL00485,2023-11-28,Crédito consumo digital,950000,9,0.0303,122000,App,845,0.05,Automática,Finalizado,0,0,17,0.8333333333333334,1,28,M,2,Sin información,Independiente,2440000.0,584.0,App orgánico,False,1,Android,0,0,18,898,7,1,1,0,6,1,1,0.6666666666666666,0.2777777777777778,194.5,1.0
CR000541,CL00486,2024-10-15,Crédito consumo digital,1400000,9,0.0343,183000,App,900,0.032,Automática,Finalizado,0,0,0,1.0,0,22,M,2,Universitario,Comerciante,5720000.0,630.0,App orgánico,True,2,Android,0,0,5,519,3,0,1,0,1,0,0,0.6,0.4,144.6,0.0
CR000542,CL00487,2024-12-26,Crédito consumo digital,1450000,3,0.0331,516000,App,900,0.2177,Automática,Finalizado,0,0,0,1.0,0,30,M,3,Universitario,Independiente,2370000.0,743.0,Referido,False,0,Android,0,0,9,479,6,2,0,0,1,0,0,0.8888888888888888,0.1111111111111111,155.22222222222223,0.0
CR000543,CL00488,2024-05-16,Microcrédito,650000,12,0.0301,65000,App,712,0.067,Automática,Mora moderada,0,1,54,0.6666666666666666,2,25,M,3,Posgrado,Estudiante,970000.0,552.0,App orgánico,False,0,Android,0,0,5,907,1,0,1,1,2,0,0,0.6,0.2,175.2,0.0
CR000544,CL00489,2024-08-27,Microcrédito,5900000,18,0.0362,452000,App,900,0.0873,Automática,Finalizado,0,0,0,1.0,0,53,M,3,Técnico/Tecnólogo,Microempresario,5180000.0,840.0,App orgánico,False,1,Android,0,0,13,774,3,1,1,1,1,2,3,0.5384615384615384,0.15384615384615385,169.15384615384616,1.0
CR000545,CL00489,2024-09-22,Avance de nómina,1700000,12,0.0219,163000,App,900,0.0315,Automática,Finalizado,0,0,0,1.0,0,53,M,3,Técnico/Tecnólogo,Microempresario,5180000.0,840.0,App orgánico,False,1,Android,0,0,13,774,3,1,1,1,1,2,3,0.5384615384615384,0.15384615384615385,169.15384615384616,1.0
CR000546,CL00490,2024-02-05,Crédito libre inversión,5750000,6,0.0258,1047000,Aliado,838,0.3739,Manual,Finalizado,0,0,21,0.8333333333333334,1,45,M,6,Sin información,Independiente,2800000.0,609.0,App orgánico,False,2,iOS,0,0,11,853,5,1,2,0,1,0,0,1.0,0.0,154.9090909090909,2.0
CR000548,CL00492,2025-08-06,Microcrédito,4250000,9,0.0307,548000,App,900,0.1243,Automática,Activo,0,0,0,1.0,0,51,F,2,Bachiller,Empleado,4410000.0,684.0,Referido,False,3,iOS,0,0,21,950,8,2,2,0,6,0,2,0.7142857142857143,0.19047619047619047,144.38095238095238,1.0
CR000549,CL00492,2025-02-25,Crédito consumo digital,3450000,18,0.0373,267000,Web,900,0.0605,Automática,Activo,0,0,0,1.0,0,51,F,2,Bachiller,Empleado,4410000.0,684.0,Referido,False,3,iOS,0,0,21,950,8,2,2,0,6,0,2,0.7142857142857143,0.19047619047619047,144.38095238095238,1.0
CR000550,CL00493,2024-01-05,Crédito consumo digital,25000000,12,0.035,2587000,App,900,0.0216,Automática,Mora moderada,0,1,48,0.5,3,37,M,2,Técnico/Tecnólogo,Independiente,120000000.0,555.0,Aliado comercial,False,2,Android,0,0,6,606,0,3,1,0,2,0,0,0.6666666666666666,0.3333333333333333,118.83333333333333,0.3333333333333333
CR000551,CL00495,2024-08-01,Microcrédito,1900000,12,0.0404,203000,App,873,0.0796,Automática,Finalizado,0,0,0,1.0,0,51,M,3,Técnico/Tecnólogo,Empleado,2550000.0,581.0,Campaña digital,False,0,iOS,0,0,12,1058,4,1,1,0,5,1,0,0.8333333333333334,0.16666666666666666,169.5,1.0
CR000552,CL00496,2024-04-09,Crédito libre inversión,5300000,6,0.0261,966000,App,799,0.2825,Automática,Finalizado,0,0,0,1.0,0,41,F,4,Técnico/Tecnólogo,Empleado,3420000.0,596.0,App orgánico,False,2,Android,0,0,13,766,1,2,1,0,3,4,1,0.6153846153846154,0.3076923076923077,121.46153846153847,0.5
CR000553,CL00497,2024-02-16,Crédito libre inversión,10050000,18,0.0219,681000,Aliado,900,0.1214,Automática,Mora severa,0,0,0,1.0,0,26,M,2,Técnico/Tecnólogo,Empleado,5610000.0,680.0,App orgánico,False,0,Android,0,0,6,760,2,1,1,0,1,0,0,0.8333333333333334,0.16666666666666666,187.0,1.0
CR000554,CL00499,2023-08-20,Crédito consumo digital,600000,6,0.0319,111000,App,702,0.0816,Automática,Mora severa,0,1,87,0.5,3,27,F,4,Bachiller,Estudiante,1360000.0,420.0,App orgánico,False,1,iOS,0,0,9,1021,2,1,1,1,4,0,0,0.6666666666666666,0.2222222222222222,143.11111111111111,1.0
CR000555,CL00500,2024-01-20,Crédito consumo digital,1800000,6,0.0323,335000,App,812,0.1701,Automática,Mora severa,0,1,70,0.6666666666666666,2,22,F,2,Universitario,Empleado,1970000.0,614.0,Referido,False,2,Android,0,0,13,867,4,0,3,0,2,1,3,0.6923076923076923,0.07692307692307693,162.3846153846154,0.0
CR000556,CL00500,2025-07-17,Crédito consumo digital,450000,3,0.0351,161000,App,898,0.0817,Automática,Finalizado,0,0,0,1.0,0,22,F,2,Universitario,Empleado,1970000.0,614.0,Referido,False,2,Android,0,0,13,867,4,0,3,0,2,1,3,0.6923076923076923,0.07692307692307693,162.3846153846154,0.0
CR000557,CL00501,2025-11-18,Crédito consumo digital,350000,3,0.0231,122000,Aliado,751,0.1743,Automática,Finalizado,0,0,24,0.3333333333333333,2,45,M,3,Universitario,Desempleado,700000.0,528.0,Referido,False,1,Android,0,0,12,277,6,0,0,0,0,1,3,0.6666666666666666,0.08333333333333333,166.5,0.0
CR000559,CL00504,2025-01-17,Crédito libre inversión,12800000,6,0.0172,2264000,App,900,0.266,Automática,Finalizado,0,0,0,1.0,0,42,F,2,Universitario,Empleado,8510000.0,820.0,Referido,False,3,Android,0,0,15,928,4,3,2,1,3,0,2,0.6,0.2,130.4,0.6666666666666666
CR000560,CL00504,2024-07-30,Crédito consumo digital,3900000,9,0.0373,518000,App,900,0.0609,Automática,Finalizado,0,0,0,1.0,0,42,F,2,Universitario,Empleado,8510000.0,820.0,Referido,False,3,Android,0,0,15,928,4,3,2,1,3,0,2,0.6,0.2,130.4,0.6666666666666666
CR000561,CL00505,2025-02-17,Crédito libre inversión,7950000,12,0.0236,769000,Web,900,0.1732,Automática,Mora severa,0,0,11,0.8333333333333334,1,29,F,3,Técnico/Tecnólogo,Empleado,4440000.0,636.0,Campaña digital,False,1,iOS,0,0,3,415,1,0,1,0,1,0,0,1.0,0.0,130.33333333333334,0.0
CR000562,CL00506,2024-10-05,Crédito consumo digital,2350000,3,0.0272,826000,App,780,0.3153,Automática,Finalizado,0,0,0,1.0,0,31,M,2,Técnico/Tecnólogo,Comerciante,2620000.0,524.0,App orgánico,True,1,Android,0,0,12,708,4,0,1,0,3,0,3,0.5833333333333334,0.16666666666666666,180.66666666666666,0.0
CR000563,CL00507,2025-06-25,Crédito consumo digital,2000000,24,0.0219,108000,App,900,0.033,Automática,Activo,0,0,0,1.0,0,30,M,4,Universitario,Empleado,3270000.0,623.0,App orgánico,False,0,Android,0,0,13,368,6,0,4,0,3,0,0,0.7692307692307693,0.23076923076923078,157.76923076923077,0.0
CR000564,CL00507,2025-07-04,Crédito libre inversión,7400000,9,0.0276,940000,Call center,841,0.2875,Automática,Mora moderada,0,1,59,0.8333333333333334,1,30,M,4,Universitario,Empleado,3270000.0,623.0,App orgánico,False,0,Android,0,0,13,368,6,0,4,0,3,0,0,0.7692307692307693,0.23076923076923078,157.76923076923077,0.0
CR000566,CL00508,2025-09-22,Crédito consumo digital,1300000,24,0.0204,69000,App,882,0.022,Automática,Activo,0,0,10,0.6666666666666666,2,27,M,1,Universitario,Microempresario,3130000.0,495.0,App orgánico,False,1,iOS,0,0,25,365,5,4,7,1,5,0,1,0.88,0.04,149.16,1.75
CR000568,CL00509,2025-02-08,Crédito consumo digital,2300000,6,0.0292,423000,App,900,0.0733,Automática,Finalizado,0,0,0,1.0,0,36,F,3,Universitario,Empleado,5770000.0,743.0,App orgánico,True,0,Android,0,0,13,538,5,0,1,0,2,2,1,0.9230769230769231,0.0,109.15384615384616,0.0
CR000571,CL00511,2025-01-20,Crédito consumo digital,1650000,9,0.0212,203000,Aliado,807,0.1293,Automática,Mora moderada,0,0,0,1.0,0,39,M,3,Universitario,Comerciante,1570000.0,440.0,App orgánico,False,0,iOS,0,0,18,543,6,0,2,0,5,0,2,0.8333333333333334,0.05555555555555555,202.38888888888889,0.0
CR000572,CL00511,2026-01-06,Crédito libre inversión,2100000,12,0.0277,208000,Aliado,797,0.1325,Automática,Mora moderada,0,1,55,0.0,3,39,M,3,Universitario,Comerciante,1570000.0,440.0,App orgánico,False,0,iOS,0,0,18,543,6,0,2,0,5,0,2,0.8333333333333334,0.05555555555555555,202.38888888888889,0.0
CR000573,CL00512,2025-10-27,Crédito consumo digital,5700000,18,0.0378,442000,Web,873,0.1245,Automática,Activo,0,0,0,1.0,0,35,F,5,Bachiller,Empleado,3550000.0,700.0,Campaña digital,False,3,Android,0,0,7,435,2,0,1,0,2,0,1,0.5714285714285714,0.2857142857142857,181.85714285714286,0.0
CR000574,CL00513,2025-05-19,Avance de nómina,550000,3,0.019,190000,Web,803,0.1218,Automática,Finalizado,0,0,0,1.0,0,34,F,3,Posgrado,Independiente,1560000.0,604.0,Campaña digital,False,0,Android,0,0,12,564,2,3,1,1,2,1,2,0.6666666666666666,0.08333333333333333,205.33333333333334,0.3333333333333333
CR000575,CL00514,2025-12-18,Crédito consumo digital,950000,9,0.0274,121000,Call center,892,0.0366,Automática,Activo,0,0,0,1.0,0,27,M,3,Bachiller,Independiente,3310000.0,603.0,App orgánico,True,1,Android,0,0,9,206,3,2,0,1,2,0,1,0.6666666666666666,0.1111111111111111,119.77777777777777,0.0
CR000576,CL00515,2025-04-20,Crédito consumo digital,1900000,6,0.0336,355000,Aliado,900,0.1707,Automática,Finalizado,0,0,0,1.0,0,30,M,3,Bachiller,Empleado,2080000.0,598.0,App orgánico,True,1,Web,0,0,6,442,3,0,1,0,1,0,1,0.8333333333333334,0.0,346.6666666666667,0.0
CR000577,CL00516,2024-06-10,Avance de nómina,2100000,24,0.0231,115000,App,900,0.0256,Automática,Activo,0,0,0,1.0,0,44,F,3,Universitario,Empleado,4490000.0,656.0,Campaña digital,False,0,Android,0,0,9,950,2,0,2,0,3,0,2,0.5555555555555556,0.2222222222222222,131.44444444444446,0.0
CR000578,CL00517,2026-01-01,Crédito consumo digital,1950000,3,0.0349,696000,App,798,0.2864,Automática,Finalizado,0,0,23,0.6666666666666666,1,41,F,3,Sin información,Empleado,2430000.0,587.0,App orgánico,False,2,Android,0,0,13,427,1,1,4,1,1,3,1,0.7692307692307693,0.07692307692307693,188.07692307692307,4.0
CR000579,CL00519,2025-07-14,Crédito libre inversión,3300000,6,0.0273,604000,App,783,0.2822,Automática,Mora severa,0,1,74,0.5,3,37,F,4,Técnico/Tecnólogo,Independiente,2140000.0,583.0,Referido,False,2,Android,0,0,7,144,3,1,1,0,2,0,0,0.5714285714285714,0.42857142857142855,233.71428571428572,1.0
CR000581,CL00521,2024-01-23,Crédito consumo digital,3100000,9,0.0209,381000,Web,900,0.0564,Automática,Finalizado,0,0,0,1.0,0,19,F,5,Universitario,Empleado,6760000.0,750.0,App orgánico,True,0,iOS,0,0,7,1040,2,0,0,1,3,0,0,0.5714285714285714,0.2857142857142857,196.57142857142858,0.0
CR000582,CL00522,2025-01-22,Crédito consumo digital,1050000,18,0.0266,74000,Web,662,0.074,Automática,Activo,0,0,28,0.8333333333333334,1,41,M,1,Técnico/Tecnólogo,Estudiante,1000000.0,484.0,App orgánico,False,3,Android,0,0,6,472,1,2,0,0,1,1,1,0.6666666666666666,0.16666666666666666,196.83333333333334,0.0
CR000583,CL00524,2025-03-26,Crédito consumo digital,750000,6,0.0358,141000,Web,736,0.0571,Automática,Finalizado,0,0,0,1.0,0,42,M,2,Técnico/Tecnólogo,Microempresario,2470000.0,604.0,Campaña digital,True,0,Android,0,0,10,448,3,0,1,0,1,1,1,0.8,0.1,195.6,0.0
CR000585,CL00525,2025-08-03,Crédito consumo digital,5600000,24,0.0271,320000,App,856,0.0825,Automática,Activo,0,0,0,1.0,0,28,M,5,Universitario,Conductor/Repartidor,3880000.0,606.0,Campaña digital,True,0,Android,0,0,8,373,2,2,1,0,0,2,0,0.875,0.125,205.75,0.5
CR000586,CL00525,2026-01-17,Avance de nómina,1500000,3,0.0291,529000,App,900,0.1363,Automática,Finalizado,0,0,0,1.0,0,28,M,5,Universitario,Conductor/Repartidor,3880000.0,606.0,Campaña digital,True,0,Android,0,0,8,373,2,2,1,0,0,2,0,0.875,0.125,205.75,0.5
CR000587,CL00526,2025-06-20,Crédito libre inversión,2350000,6,0.0287,432000,Aliado,873,0.3064,Automática,Finalizado,0,0,16,0.8333333333333334,1,19,M,2,Técnico/Tecnólogo,Empleado,1410000.0,587.0,App orgánico,False,1,Web,0,0,14,341,5,1,1,1,4,1,1,0.7857142857142857,0.07142857142857142,109.78571428571429,1.0
CR000588,CL00527,2024-01-18,Crédito consumo digital,900000,6,0.0361,170000,App,750,0.0885,Automática,Finalizado,0,0,0,1.0,0,20,M,2,Técnico/Tecnólogo,Independiente,1920000.0,531.0,Referido,False,0,Android,0,0,13,840,4,1,3,1,2,0,1,0.6923076923076923,0.15384615384615385,217.46153846153845,3.0
CR000589,CL00529,2025-02-22,Crédito libre inversión,2200000,12,0.0195,207000,Aliado,682,0.1362,Automática,Mora moderada,0,0,1,0.8333333333333334,1,39,F,2,Bachiller,Microempresario,1520000.0,514.0,Campaña digital,False,0,Android,0,0,14,612,2,3,1,1,4,1,1,0.8571428571428571,0.0,100.92857142857143,0.3333333333333333
CR000590,CL00531,2025-07-03,Crédito consumo digital,1650000,12,0.0,166000,App,878,0.0787,Automática,Activo,0,0,0,1.0,0,42,M,1,Universitario,Empleado,2110000.0,650.0,App orgánico,False,2,Android,0,0,8,274,4,0,1,0,1,0,2,0.75,0.0,114.75,0.0
CR000591,CL00532,2025-10-22,Crédito consumo digital,1200000,18,0.0367,92000,App,786,0.0492,Automática,Activo,0,0,8,0.8333333333333334,1,19,F,4,Bachiller,Independiente,1870000.0,626.0,Call center,False,0,Android,0,0,12,318,1,3,0,1,5,1,1,0.8333333333333334,0.0,157.75,0.0
CR000592,CL00533,2024-06-15,Microcrédito,450000,9,0.0383,60000,Web,716,0.0732,Automática,Mora severa,0,0,16,0.6666666666666666,2,35,F,2,Sin información,Desempleado,820000.0,486.0,Call center,False,0,Android,0,0,5,957,1,0,0,0,2,2,0,0.8,0.2,147.4,0.0
CR000593,CL00534,2024-07-07,Crédito consumo digital,950000,6,0.0221,171000,Web,842,0.066,Automática,Finalizado,0,0,0,1.0,0,24,F,3,Universitario,Empleado,2590000.0,622.0,Referido,False,4,Android,0,0,5,324,2,0,1,1,1,0,0,0.6,0.2,88.6,0.0
CR000594,CL00535,2025-09-06,Microcrédito,1000000,12,0.0282,99000,Aliado,653,0.1414,Automática,Mora severa,0,1,65,0.3333333333333333,4,29,M,1,Bachiller,Estudiante,700000.0,438.0,App orgánico,False,0,Android,0,0,3,76,2,0,0,0,1,0,0,1.0,0.0,155.66666666666666,0.0
CR000595,CL00537,2023-02-23,Crédito libre inversión,2100000,6,0.0235,379000,App,847,0.1414,Automática,Mora severa,0,1,70,0.6666666666666666,2,27,F,2,Universitario,Independiente,2680000.0,476.0,App orgánico,False,4,Android,0,0,14,1099,1,2,4,0,4,0,3,0.7857142857142857,0.0,160.78571428571428,2.0
CR000596,CL00538,2024-02-06,Microcrédito,6650000,12,0.0357,691000,App,900,0.1997,Automática,Mora moderada,0,0,7,0.6666666666666666,2,32,F,2,Sin información,Independiente,3460000.0,642.0,Call center,False,1,Android,0,0,14,899,4,2,2,0,4,2,0,0.7142857142857143,0.2857142857142857,173.85714285714286,1.0
CR000597,CL00539,2025-12-29,Crédito consumo digital,650000,3,0.0249,228000,App,900,0.087,Automática,Finalizado,0,0,0,1.0,0,46,F,4,Sin información,Independiente,2620000.0,651.0,Aliado comercial,False,2,Android,0,0,15,169,2,2,3,2,2,1,1,0.6666666666666666,0.13333333333333333,173.6,1.5
CR000598,CL00539,2025-08-19,Crédito libre inversión,6550000,18,0.0255,458000,Web,868,0.1748,Automática,Activo,0,0,0,1.0,0,46,F,4,Sin información,Independiente,2620000.0,651.0,Aliado comercial,False,2,Android,0,0,15,169,2,2,3,2,2,1,1,0.6666666666666666,0.13333333333333333,173.6,1.5
CR000599,CL00540,2023-02-06,Avance de nómina,1350000,9,0.0313,174000,Call center,900,0.0537,Automática,Finalizado,0,0,0,1.0,0,30,M,2,Técnico/Tecnólogo,Microempresario,3240000.0,736.0,Campaña digital,False,3,iOS,0,0,8,860,4,0,1,0,1,0,2,0.625,0.125,180.75,0.0
CR000600,CL00540,2025-06-27,Microcrédito,4100000,9,0.0449,564000,Aliado,900,0.1741,Automática,Finalizado,0,0,0,1.0,0,30,M,2,Técnico/Tecnólogo,Microempresario,3240000.0,736.0,Campaña digital,False,3,iOS,0,0,8,860,4,0,1,0,1,0,2,0.625,0.125,180.75,0.0
CR000601,CL00541,2024-04-29,Microcrédito,950000,9,0.0366,126000,Web,886,0.049,Automática,Mora moderada,0,0,0,1.0,0,44,M,2,Sin información,Empleado,2950000.0,668.0,Campaña digital,False,1,Android,0,0,14,881,7,1,0,0,4,1,0,0.8571428571428571,0.14285714285714285,218.92857142857142,0.0
CR000602,CL00541,2024-11-18,Microcrédito,1600000,9,0.0334,209000,Aliado,900,0.0813,Automática,Mora severa,0,0,8,0.8333333333333334,1,44,M,2,Sin información,Empleado,2950000.0,668.0,Campaña digital,False,1,Android,0,0,14,881,7,1,0,0,4,1,0,0.8571428571428571,0.14285714285714285,218.92857142857142,0.0
CR000603,CL00542,2025-06-07,Crédito consumo digital,750000,24,0.0344,46000,App,820,0.0196,Automática,Mora moderada,0,0,0,1.0,0,25,F,3,Técnico/Tecnólogo,Empleado,2350000.0,535.0,Referido,False,2,Android,0,0,5,485,1,0,1,0,2,0,1,0.8,0.0,176.4,0.0
CR000604,CL00543,2026-01-11,Crédito libre inversión,7500000,6,0.028,1375000,Aliado,890,0.3235,Automática,Activo,0,0,0,0.75,0,41,F,5,Bachiller,Empleado,4250000.0,678.0,Campaña digital,True,0,Web,0,0,7,522,5,2,0,0,0,0,0,0.5714285714285714,0.42857142857142855,191.42857142857142,0.0
CR000605,CL00544,2025-12-25,Crédito libre inversión,8900000,9,0.0234,1108000,App,803,0.3929,Manual,Activo,0,0,0,1.0,0,50,M,5,Técnico/Tecnólogo,Microempresario,2820000.0,689.0,Referido,False,3,Android,0,0,24,154,5,4,3,0,6,1,4,0.75,0.08333333333333333,150.08333333333334,0.75
CR000606,CL00544,2026-01-07,Crédito consumo digital,2700000,6,0.0288,496000,Aliado,900,0.1759,Automática,Activo,0,0,0,0.75,0,50,M,5,Técnico/Tecnólogo,Microempresario,2820000.0,689.0,Referido,False,3,Android,0,0,24,154,5,4,3,0,6,1,4,0.75,0.08333333333333333,150.08333333333334,0.75
CR000607,CL00545,2023-06-27,Crédito libre inversión,3250000,12,0.0207,309000,App,900,0.1618,Automática,Finalizado,0,0,0,1.0,0,19,F,2,Sin información,Empleado,1910000.0,649.0,Referido,False,0,Android,0,0,12,1053,5,2,2,0,1,0,1,0.75,0.16666666666666666,192.91666666666666,1.0
CR000608,CL00546,2025-04-14,Microcrédito,2800000,9,0.0431,382000,App,900,0.0803,Automática,Finalizado,0,0,25,0.6666666666666666,2,28,M,2,Posgrado,Comerciante,4760000.0,684.0,Aliado comercial,True,0,Android,0,0,12,1012,3,2,3,0,3,0,1,0.8333333333333334,0.08333333333333333,250.75,1.5
CR000609,CL00547,2025-08-30,Crédito consumo digital,1400000,9,0.0327,182000,Web,823,0.0719,Automática,Activo,0,0,0,1.0,0,42,F,3,Bachiller,Microempresario,2530000.0,642.0,Referido,True,1,Android,0,0,10,288,2,0,2,1,5,0,0,0.7,0.2,230.4,0.0
CR000610,CL00548,2025-10-07,Microcrédito,1550000,12,0.0434,168000,App,817,0.0903,Automática,Activo,0,0,23,0.6666666666666666,2,34,M,2,Universitario,Independiente,1860000.0,488.0,App orgánico,False,1,Android,0,0,15,251,8,3,0,0,1,1,2,0.6666666666666666,0.2,151.0,0.0
CR000611,CL00548,2025-10-20,Crédito libre inversión,3350000,24,0.0214,180000,Aliado,809,0.0968,Automática,Activo,0,0,0,1.0,0,34,M,2,Universitario,Independiente,1860000.0,488.0,App orgánico,False,1,Android,0,0,15,251,8,3,0,0,1,1,2,0.6666666666666666,0.2,151.0,0.0
CR000612,CL00548,2025-09-29,Crédito libre inversión,4700000,9,0.0338,614000,App,741,0.3301,Automática,Activo,0,0,27,0.5,3,34,M,2,Universitario,Independiente,1860000.0,488.0,App orgánico,False,1,Android,0,0,15,251,8,3,0,0,1,1,2,0.6666666666666666,0.2,151.0,0.0
CR000613,CL00550,2025-08-29,Crédito consumo digital,3150000,18,0.0215,213000,Aliado,897,0.0753,Automática,Activo,0,0,0,1.0,0,30,M,5,Técnico/Tecnólogo,Microempresario,2830000.0,705.0,Call center,False,0,Android,0,0,7,876,2,2,1,0,1,0,1,0.7142857142857143,0.14285714285714285,134.57142857142858,0.5
CR000614,CL00550,2025-05-27,Crédito consumo digital,900000,12,0.0286,90000,App,900,0.0318,Automática,Activo,0,0,0,1.0,0,30,M,5,Técnico/Tecnólogo,Microempresario,2830000.0,705.0,Call center,False,0,Android,0,0,7,876,2,2,1,0,1,0,1,0.7142857142857143,0.14285714285714285,134.57142857142858,0.5
CR000615,CL00551,2025-09-23,Avance de nómina,650000,9,0.0252,82000,Aliado,792,0.0254,Automática,Activo,0,0,0,1.0,0,37,M,3,Posgrado,Microempresario,3230000.0,513.0,App orgánico,False,1,Android,0,0,11,121,1,4,2,0,2,0,0,0.9090909090909091,0.09090909090909091,162.63636363636363,0.5
CR000616,CL00552,2025-12-09,Crédito consumo digital,2700000,9,0.0339,353000,Aliado,834,0.1569,Automática,Activo,0,0,0,0.8,0,34,M,2,Universitario,Empleado,2250000.0,699.0,Campaña digital,False,2,Web,0,0,13,614,3,2,0,1,2,1,2,0.7692307692307693,0.0,153.46153846153845,0.0
CR000617,CL00553,2025-07-07,Crédito consumo digital,650000,6,0.0283,119000,Aliado,859,0.0952,Automática,Finalizado,0,0,0,1.0,0,48,F,2,Bachiller,Comerciante,1250000.0,641.0,Aliado comercial,True,2,Android,0,0,8,300,4,1,0,1,2,0,0,0.875,0.0,203.25,0.0
CR000618,CL00554,2025-01-15,Microcrédito,4300000,9,0.0371,571000,App,766,0.2222,Automática,Mora severa,0,1,96,0.3333333333333333,4,39,M,2,Posgrado,Comerciante,2640000.0,478.0,Campaña digital,False,3,Android,0,0,16,899,4,0,4,0,4,0,4,0.5625,0.1875,184.625,0.0
CR000619,CL00554,2023-11-01,Avance de nómina,1150000,12,0.0282,114000,App,900,0.0444,Automática,Mora moderada,0,1,41,0.6666666666666666,2,39,M,2,Posgrado,Comerciante,2640000.0,478.0,Campaña digital,False,3,Android,0,0,16,899,4,0,4,0,4,0,4,0.5625,0.1875,184.625,0.0
CR000621,CL00555,2025-08-19,Microcrédito,1150000,6,0.025,209000,Call center,809,0.1194,Automática,Mora moderada,0,1,33,0.8333333333333334,1,39,F,1,Bachiller,Pensionado,1750000.0,450.0,Referido,True,2,iOS,0,0,7,347,3,0,1,0,0,0,1,0.8571428571428571,0.0,180.71428571428572,0.0
CR000622,CL00556,2025-11-04,Crédito libre inversión,900000,24,0.0234,49000,App,696,0.1021,Automática,Mora moderada,0,1,54,0.6666666666666666,1,32,F,2,Universitario,Estudiante,480000.0,592.0,Aliado comercial,False,2,Android,0,0,5,214,1,1,1,0,0,0,1,0.4,0.4,170.0,1.0
CR000623,CL00559,2026-02-03,Microcrédito,2900000,18,0.0293,210000,App,866,0.0541,Automática,Activo,0,0,6,0.3333333333333333,1,40,M,2,Técnico/Tecnólogo,Empleado,3880000.0,611.0,App orgánico,True,0,Android,0,0,13,705,1,4,6,0,1,0,1,0.8461538461538461,0.07692307692307693,143.07692307692307,1.5
CR000624,CL00561,2025-06-18,Crédito libre inversión,6250000,6,0.0317,1160000,App,858,0.3946,Manual,Finalizado,0,0,3,0.8333333333333334,1,39,M,2,Bachiller,Empleado,2940000.0,553.0,Call center,False,2,Android,0,0,10,665,2,0,1,1,4,0,0,0.7,0.2,133.5,0.0
CR000625,CL00562,2025-12-09,Crédito consumo digital,5700000,6,0.0352,1070000,App,900,0.2082,Automática,Activo,0,0,0,0.8,0,57,F,4,Universitario,Independiente,5140000.0,781.0,Referido,True,0,Android,0,0,6,577,0,1,2,0,3,0,0,1.0,0.0,179.0,2.0
CR000626,CL00563,2024-03-02,Crédito consumo digital,1150000,6,0.0276,211000,Aliado,826,0.0821,Automática,Finalizado,0,0,0,1.0,0,45,M,2,Universitario,Empleado,2950000.0,605.0,Aliado comercial,False,3,Android,0,0,7,419,1,1,1,0,3,0,0,0.7142857142857143,0.2857142857142857,114.71428571428571,1.0
CR000628,CL00566,2025-05-26,Microcrédito,1300000,6,0.036,245000,App,677,0.1992,Automática,Mora moderada,0,0,30,0.16666666666666666,5,32,M,3,Bachiller,Conductor/Repartidor,1230000.0,392.0,Aliado comercial,False,0,Android,0,0,12,1099,6,2,1,0,2,0,1,0.9166666666666666,0.0,129.41666666666666,0.5
CR000629,CL00568,2025-06-10,Avance de nómina,800000,9,0.0185,97000,App,778,0.0377,Automática,Mora severa,0,1,113,0.6666666666666666,2,26,M,2,Universitario,Empleado,2950000.0,528.0,Referido,False,3,Android,0,0,16,226,4,2,4,0,3,1,2,0.6875,0.1875,140.0625,2.0
CR000630,CL00568,2025-07-01,Microcrédito,3500000,9,0.0331,456000,Web,805,0.1774,Automática,Finalizado,0,0,21,0.6666666666666666,2,26,M,2,Universitario,Empleado,2950000.0,528.0,Referido,False,3,Android,0,0,16,226,4,2,4,0,3,1,2,0.6875,0.1875,140.0625,2.0
CR000631,CL00569,2025-12-29,Crédito libre inversión,1250000,12,0.0203,118000,App,710,0.1439,Automática,Activo,0,0,0,1.0,0,19,M,4,Bachiller,Estudiante,820000.0,538.0,App orgánico,True,3,iOS,0,0,13,237,2,3,1,0,3,1,2,0.8461538461538461,0.0,113.3076923076923,0.3333333333333333
CR000632,CL00570,2025-09-09,Crédito libre inversión,3450000,9,0.0228,428000,Aliado,788,0.2028,Automática,Activo,0,0,13,0.6666666666666666,2,32,F,4,Universitario,Conductor/Repartidor,2110000.0,506.0,Campaña digital,False,4,Android,0,0,10,268,1,2,1,0,2,0,0,0.8,0.2,183.8,0.5
CR000634,CL00573,2025-12-01,Crédito libre inversión,1950000,9,0.0248,244000,App,889,0.0996,Automática,Activo,0,0,0,0.8,0,39,F,4,Técnico/Tecnólogo,Pensionado,2450000.0,577.0,Aliado comercial,False,2,iOS,0,0,11,166,6,0,1,1,2,0,1,0.7272727272727273,0.09090909090909091,99.45454545454545,0.0
CR000635,CL00574,2025-02-23,Avance de nómina,1650000,6,0.0307,305000,Call center,861,0.1406,Automática,Mora moderada,0,1,32,0.6666666666666666,2,34,M,3,Sin información,Independiente,2170000.0,631.0,Referido,False,2,Web,0,0,8,344,2,0,0,0,1,1,3,0.625,0.0,152.375,0.0
CR000636,CL00575,2025-11-12,Microcrédito,3300000,9,0.0299,424000,Call center,789,0.1313,Automática,Mora moderada,0,1,44,0.3333333333333333,3,44,M,3,Técnico/Tecnólogo,Empleado,3230000.0,572.0,Referido,False,2,Android,0,0,11,688,4,0,1,0,3,1,2,0.8181818181818182,0.0,142.9090909090909,0.0
CR000637,CL00575,2025-10-19,Crédito consumo digital,3700000,3,0.0223,1289000,App,773,0.3991,Manual,Finalizado,0,0,0,1.0,0,44,M,3,Técnico/Tecnólogo,Empleado,3230000.0,572.0,Referido,False,2,Android,0,0,11,688,4,0,1,0,3,1,2,0.8181818181818182,0.0,142.9090909090909,0.0
CR000638,CL00576,2026-01-14,Crédito libre inversión,9450000,12,0.0224,907000,App,900,0.2095,Automática,Activo,0,0,0,0.75,0,19,M,5,Bachiller,Microempresario,4330000.0,673.0,App orgánico,True,2,Android,0,0,11,864,1,2,2,1,3,1,0,0.7272727272727273,0.18181818181818182,163.8181818181818,1.0
CR000639,CL00578,2026-01-13,Microcrédito,2350000,18,0.0416,188000,App,900,0.1126,Automática,Activo,0,0,0,0.75,0,44,M,2,Bachiller,Microempresario,1670000.0,589.0,Campaña digital,True,2,Android,0,0,11,883,2,1,2,0,2,1,2,0.7272727272727273,0.09090909090909091,137.0,2.0
CR000640,CL00578,2025-09-05,Microcrédito,1300000,12,0.0337,134000,Aliado,784,0.0802,Automática,Mora severa,0,1,74,0.8333333333333334,1,44,M,2,Bachiller,Microempresario,1670000.0,589.0,Campaña digital,True,2,Android,0,0,11,883,2,1,2,0,2,1,2,0.7272727272727273,0.09090909090909091,137.0,2.0
CR000641,CL00579,2024-06-17,Microcrédito,4000000,12,0.0274,396000,Aliado,841,0.0941,Automática,Mora moderada,0,1,35,0.8333333333333334,1,21,M,2,Bachiller,Empleado,4210000.0,600.0,App orgánico,False,1,Android,0,0,6,616,2,1,1,0,1,0,1,0.8333333333333334,0.0,215.16666666666666,1.0
CR000642,CL00580,2025-10-09,Crédito libre inversión,3300000,12,0.0286,329000,App,900,0.1201,Automática,Activo,0,0,0,1.0,0,47,M,3,Posgrado,Microempresario,2740000.0,611.0,Call center,False,0,Android,0,0,9,789,1,2,3,0,1,0,2,0.7777777777777778,0.0,209.55555555555554,1.5
CR000643,CL00582,2025-11-30,Microcrédito,3400000,6,0.0423,653000,Web,758,0.3473,Automática,Mora severa,0,1,60,0.2,4,32,M,2,Universitario,Independiente,1880000.0,497.0,Referido,False,3,Android,0,0,11,77,2,1,0,0,2,2,3,0.6363636363636364,0.09090909090909091,116.18181818181819,0.0
CR000644,CL00582,2025-06-20,Crédito consumo digital,850000,3,0.0309,301000,App,757,0.1601,Automática,Finalizado,0,0,0,1.0,0,32,M,2,Universitario,Independiente,1880000.0,497.0,Referido,False,3,Android,0,0,11,77,2,1,0,0,2,2,3,0.6363636363636364,0.09090909090909091,116.18181818181819,0.0
CR000645,CL00583,2025-09-21,Crédito libre inversión,2050000,3,0.0194,710000,App,799,0.3381,Automática,Finalizado,0,0,13,0.3333333333333333,2,42,F,3,Universitario,Independiente,2100000.0,540.0,Referido,False,1,Android,0,0,8,284,4,2,1,0,0,0,0,0.875,0.125,185.0,0.5
CR000646,CL00584,2025-04-24,Crédito libre inversión,4500000,3,0.0224,1568000,App,772,0.4519,Manual,Finalizado,0,0,22,0.6666666666666666,1,59,M,5,Técnico/Tecnólogo,Comerciante,3470000.0,674.0,App orgánico,False,1,Android,0,0,15,978,5,2,0,1,4,1,0,0.8,0.13333333333333333,159.93333333333334,0.0
CR000647,CL00585,2023-04-16,Crédito consumo digital,2350000,6,0.0219,422000,Aliado,893,0.1388,Automática,Mora moderada,0,1,51,0.8333333333333334,1,38,M,4,Técnico/Tecnólogo,Empleado,3040000.0,687.0,App orgánico,False,4,Android,0,0,14,993,6,4,0,0,2,0,1,0.9285714285714286,0.0,151.42857142857142,0.0
CR000648,CL00585,2024-05-31,Crédito libre inversión,5100000,18,0.0258,358000,App,781,0.1178,Automática,Finalizado,0,0,0,1.0,0,38,M,4,Técnico/Tecnólogo,Empleado,3040000.0,687.0,App orgánico,False,4,Android,0,0,14,993,6,4,0,0,2,0,1,0.9285714285714286,0.0,151.42857142857142,0.0
CR000649,CL00585,2024-08-14,Crédito libre inversión,5500000,6,0.0193,979000,App,900,0.322,Automática,Mora moderada,0,1,47,0.8333333333333334,1,38,M,4,Técnico/Tecnólogo,Empleado,3040000.0,687.0,App orgánico,False,4,Android,0,0,14,993,6,4,0,0,2,0,1,0.9285714285714286,0.0,151.42857142857142,0.0
CR000650,CL00586,2024-05-23,Crédito libre inversión,3100000,9,0.0224,384000,App,843,0.2866,Automática,Mora moderada,0,1,32,0.16666666666666666,5,38,M,2,Posgrado,Conductor/Repartidor,1340000.0,487.0,Call center,False,2,Android,0,0,6,503,3,1,1,1,0,0,0,0.8333333333333334,0.0,245.0,1.0
CR000651,CL00587,2023-11-20,Crédito consumo digital,250000,18,0.032,18000,App,793,0.0137,Automática,Finalizado,0,0,0,1.0,0,31,F,1,Bachiller,Empleado,1310000.0,552.0,Campaña digital,True,1,Android,0,0,17,972,4,5,2,0,3,0,1,0.9411764705882353,0.0,161.1764705882353,0.4
CR000652,CL00587,2024-11-28,Microcrédito,650000,6,0.0261,118000,App,791,0.0901,Automática,Finalizado,0,0,0,1.0,0,31,F,1,Bachiller,Empleado,1310000.0,552.0,Campaña digital,True,1,Android,0,0,17,972,4,5,2,0,3,0,1,0.9411764705882353,0.0,161.1764705882353,0.4
CR000653,CL00589,2025-05-19,Microcrédito,2800000,9,0.0382,374000,App,678,0.1716,Automática,Finalizado,0,0,19,0.8333333333333334,1,44,F,4,Posgrado,Conductor/Repartidor,2180000.0,490.0,App orgánico,False,2,Android,0,0,7,129,2,0,1,0,2,1,1,0.8571428571428571,0.0,122.57142857142857,0.0
CR000654,CL00590,2025-12-22,Microcrédito,1750000,3,0.0283,617000,App,900,0.242,Automática,Finalizado,0,0,5,0.6666666666666666,1,27,M,3,Técnico/Tecnólogo,Microempresario,2550000.0,642.0,Campaña digital,False,0,Android,0,0,12,309,2,3,0,1,3,1,0,0.75,0.16666666666666666,195.41666666666666,0.0
CR000655,CL00591,2024-05-29,Avance de nómina,1000000,12,0.0197,94000,Aliado,678,0.0195,Automática,Mora moderada,0,0,0,1.0,0,37,F,3,Bachiller,Microempresario,4810000.0,588.0,Aliado comercial,True,2,iOS,1,0,11,702,1,0,4,0,3,1,1,0.8181818181818182,0.09090909090909091,117.72727272727273,0.0
CR000656,CL00593,2025-11-10,Crédito consumo digital,550000,9,0.0216,68000,Web,523,0.0586,Excepción,Activo,0,0,1,0.6666666666666666,1,41,F,1,Universitario,Estudiante,1160000.0,588.0,Referido,False,0,Android,1,0,26,932,8,4,4,3,4,1,2,0.6923076923076923,0.11538461538461539,180.30769230769232,1.0
CR000657,CL00593,2025-09-14,Crédito libre inversión,1550000,12,0.0246,151000,Call center,423,0.1302,Excepción,Mora moderada,0,1,39,0.5,3,41,F,1,Universitario,Estudiante,1160000.0,588.0,Referido,False,0,Android,1,0,26,932,8,4,4,3,4,1,2,0.6923076923076923,0.11538461538461539,180.30769230769232,1.0
CR000658,CL00593,2023-10-13,Microcrédito,550000,9,0.0266,70000,Web,488,0.0603,Excepción,Mora moderada,0,0,0,1.0,0,41,F,1,Universitario,Estudiante,1160000.0,588.0,Referido,False,0,Android,1,0,26,932,8,4,4,3,4,1,2,0.6923076923076923,0.11538461538461539,180.30769230769232,1.0
CR000659,CL00594,2025-07-09,Crédito consumo digital,1000000,6,0.0251,182000,Aliado,817,0.0839,Automática,Mora severa,0,1,109,0.8333333333333334,1,39,F,1,Sin información,Microempresario,2170000.0,505.0,Aliado comercial,False,0,Android,0,0,17,370,10,2,1,0,3,0,1,0.7058823529411765,0.23529411764705882,206.52941176470588,0.5
CR000660,CL00594,2025-04-22,Crédito libre inversión,2550000,18,0.0289,184000,Aliado,749,0.0848,Automática,Mora severa,0,1,39,0.3333333333333333,4,39,F,1,Sin información,Microempresario,2170000.0,505.0,Aliado comercial,False,0,Android,0,0,17,370,10,2,1,0,3,0,1,0.7058823529411765,0.23529411764705882,206.52941176470588,0.5
CR000661,CL00594,2025-07-28,Microcrédito,2550000,9,0.0376,339000,App,822,0.1562,Automática,Finalizado,0,0,5,0.8333333333333334,1,39,F,1,Sin información,Microempresario,2170000.0,505.0,Aliado comercial,False,0,Android,0,0,17,370,10,2,1,0,3,0,1,0.7058823529411765,0.23529411764705882,206.52941176470588,0.5
CR000663,CL00598,2023-08-20,Crédito consumo digital,5650000,3,0.027,1986000,App,889,0.4262,Manual,Finalizado,0,0,23,0.6666666666666666,1,26,M,3,Técnico/Tecnólogo,Independiente,4660000.0,705.0,Campaña digital,True,1,Android,0,0,14,826,3,1,2,2,4,0,2,0.5714285714285714,0.14285714285714285,121.07142857142857,2.0
CR000664,CL00598,2024-05-15,Crédito libre inversión,17950000,12,0.0338,1845000,Aliado,900,0.3959,Manual,Mora severa,0,1,83,0.5,3,26,M,3,Técnico/Tecnólogo,Independiente,4660000.0,705.0,Campaña digital,True,1,Android,0,0,14,826,3,1,2,2,4,0,2,0.5714285714285714,0.14285714285714285,121.07142857142857,2.0
CR000665,CL00599,2025-03-18,Avance de nómina,350000,18,0.0288,25000,App,877,0.0097,Automática,Activo,0,0,3,0.8333333333333334,1,32,F,2,Universitario,Empleado,2570000.0,616.0,Aliado comercial,True,3,Android,0,0,11,592,2,3,3,0,1,1,1,0.9090909090909091,0.0,172.8181818181818,1.0
CR000667,CL00600,2026-02-02,Crédito consumo digital,4100000,9,0.0243,513000,Aliado,900,0.1276,Automática,Activo,0,0,0,1.0,0,40,F,5,Universitario,Empleado,4020000.0,733.0,Aliado comercial,False,2,iOS,0,0,11,149,2,2,2,2,1,0,2,0.6363636363636364,0.0,188.45454545454547,1.0
CR000668,CL00601,2024-04-25,Microcrédito,1150000,18,0.0368,89000,App,862,0.0567,Automática,Finalizado,0,0,0,1.0,0,44,F,3,Técnico/Tecnólogo,Independiente,1570000.0,664.0,Call center,False,2,iOS,0,0,7,747,3,0,1,0,2,1,0,0.5714285714285714,0.42857142857142855,164.71428571428572,0.0
CR000669,CL00602,2024-11-28,Crédito libre inversión,4750000,9,0.0232,591000,App,747,0.2173,Automática,Mora severa,0,1,60,0.6666666666666666,2,27,M,3,Posgrado,Independiente,2720000.0,486.0,Call center,False,3,iOS,0,0,3,64,2,0,0,0,0,0,0,0.3333333333333333,0.6666666666666666,132.66666666666666,0.0
CR000670,CL00603,2026-01-06,Microcrédito,1550000,6,0.0268,283000,Aliado,788,0.1101,Automática,Mora moderada,0,1,51,0.5,1,45,F,3,Técnico/Tecnólogo,Independiente,2370000.0,537.0,Referido,True,3,Android,0,0,11,114,2,2,1,0,4,0,1,0.8181818181818182,0.09090909090909091,222.72727272727272,0.5
CR000671,CL00604,2025-12-26,Crédito consumo digital,1800000,6,0.0255,327000,App,764,0.138,Automática,Activo,0,0,0,1.0,0,50,F,2,Universitario,Comerciante,2370000.0,551.0,App orgánico,True,2,Android,0,0,12,323,6,1,2,0,2,0,1,0.8333333333333334,0.08333333333333333,154.25,2.0
CR000673,CL00606,2025-09-24,Microcrédito,3500000,12,0.0363,365000,App,796,0.129,Automática,Activo,0,0,4,0.8333333333333334,1,55,M,1,Sin información,Empleado,2830000.0,575.0,Referido,False,1,Android,0,0,11,325,1,1,4,1,2,0,2,0.6363636363636364,0.09090909090909091,137.54545454545453,4.0
CR000674,CL00606,2025-08-23,Crédito consumo digital,650000,9,0.03,83000,Web,853,0.0293,Automática,Mora moderada,0,1,36,0.8333333333333334,1,55,M,1,Sin información,Empleado,2830000.0,575.0,Referido,False,1,Android,0,0,11,325,1,1,4,1,2,0,2,0.6363636363636364,0.09090909090909091,137.54545454545453,4.0
CR000675,CL00607,2025-08-17,Crédito consumo digital,1800000,9,0.0239,225000,App,795,0.0682,Automática,Mora moderada,0,0,0,1.0,0,28,M,1,Universitario,Empleado,3300000.0,550.0,App orgánico,False,0,Web,0,0,17,310,3,1,4,1,3,3,1,0.6470588235294118,0.23529411764705882,119.05882352941177,4.0
CR000677,CL00609,2026-01-21,Crédito consumo digital,1400000,6,0.0364,264000,Web,776,0.1133,Automática,Activo,0,0,0,1.0,0,19,M,3,Técnico/Tecnólogo,Conductor/Repartidor,2330000.0,536.0,Aliado comercial,True,1,Android,0,0,6,685,4,1,0,0,1,0,0,0.8333333333333334,0.16666666666666666,135.5,0.0
CR000678,CL00611,2025-02-02,Crédito consumo digital,2150000,12,0.0291,215000,Aliado,879,0.1126,Automática,Mora severa,0,1,76,0.6666666666666666,2,43,M,2,Universitario,Conductor/Repartidor,1910000.0,529.0,App orgánico,True,2,Android,0,0,8,800,3,3,1,0,0,0,1,0.875,0.0,70.875,0.3333333333333333
CR000679,CL00612,2026-01-21,Crédito consumo digital,2050000,12,0.0257,201000,App,499,0.0782,Excepción,Activo,0,0,0,1.0,0,35,F,3,Bachiller,Comerciante,2640000.0,588.0,Referido,False,2,Android,1,0,14,494,5,0,2,0,2,1,2,0.8571428571428571,0.0,130.57142857142858,0.0
CR000680,CL00613,2025-04-12,Microcrédito,2650000,6,0.0296,489000,App,812,0.137,Automática,Finalizado,0,0,8,0.8333333333333334,1,39,F,2,Bachiller,Independiente,3570000.0,547.0,Campaña digital,False,2,Android,0,0,11,564,3,0,0,0,7,0,1,0.8181818181818182,0.09090909090909091,175.0909090909091,0.0
CR000682,CL00614,2024-09-17,Microcrédito,7750000,6,0.031,1435000,Aliado,900,0.3225,Automática,Finalizado,0,0,0,1.0,0,25,M,3,Bachiller,Empleado,4450000.0,717.0,Call center,False,0,Android,0,0,19,808,5,3,2,0,6,1,1,0.7368421052631579,0.21052631578947367,229.6315789473684,0.6666666666666666
CR000683,CL00614,2025-07-04,Crédito libre inversión,6100000,6,0.0293,1123000,App,900,0.2524,Automática,Finalizado,0,0,0,1.0,0,25,M,3,Bachiller,Empleado,4450000.0,717.0,Call center,False,0,Android,0,0,19,808,5,3,2,0,6,1,1,0.7368421052631579,0.21052631578947367,229.6315789473684,0.6666666666666666
CR000684,CL00615,2024-05-05,Crédito libre inversión,2300000,18,0.0197,153000,App,565,0.0777,Manual,Mora severa,0,0,5,0.8333333333333334,1,60,M,4,Universitario,Independiente,1970000.0,588.0,Campaña digital,False,2,Android,1,0,7,551,4,1,1,0,1,0,0,0.8571428571428571,0.14285714285714285,88.57142857142857,1.0
CR000685,CL00616,2025-11-04,Microcrédito,4550000,3,0.0435,1650000,Call center,887,0.5893,Excepción,Finalizado,0,0,0,1.0,0,37,F,2,Bachiller,Empleado,2800000.0,710.0,Call center,True,0,Web,0,0,10,125,2,1,0,0,4,1,0,1.0,0.0,128.5,0.0
CR000686,CL00616,2026-02-14,Crédito consumo digital,1450000,24,0.0257,82000,Web,889,0.0293,Automática,Activo,0,0,0,0.6666666666666666,0,37,F,2,Bachiller,Empleado,2800000.0,710.0,Call center,True,0,Web,0,0,10,125,2,1,0,0,4,1,0,1.0,0.0,128.5,0.0
CR000687,CL00617,2025-02-03,Crédito consumo digital,400000,12,0.0243,39000,App,731,0.0443,Automática,Mora moderada,0,1,34,0.6666666666666666,2,37,F,3,Técnico/Tecnólogo,Desempleado,880000.0,543.0,Aliado comercial,False,1,Android,0,0,12,412,2,2,0,0,4,0,1,0.75,0.16666666666666666,138.58333333333334,0.0
CR000688,CL00618,2026-01-11,Avance de nómina,500000,9,0.0219,62000,Web,740,0.04,Automática,Activo,0,0,19,0.0,3,43,F,5,Técnico/Tecnólogo,Estudiante,1550000.0,532.0,App orgánico,True,2,Android,0,0,9,446,2,3,0,0,3,1,0,0.6666666666666666,0.3333333333333333,150.0,0.0
CR000691,CL00622,2025-06-04,Crédito consumo digital,1150000,9,0.0227,143000,App,900,0.0668,Automática,Finalizado,0,0,0,1.0,0,41,M,1,Universitario,Independiente,2140000.0,659.0,Referido,False,1,iOS,0,0,15,217,5,2,2,0,4,0,2,0.8,0.06666666666666667,151.66666666666666,1.0
CR000692,CL00623,2025-12-24,Crédito consumo digital,1300000,12,0.0389,138000,App,800,0.068,Automática,Mora moderada,0,1,37,0.5,2,55,M,4,Universitario,Independiente,2030000.0,576.0,App orgánico,False,1,Android,0,0,17,501,8,2,0,0,6,0,0,1.0,0.0,180.88235294117646,0.0
CR000694,CL00623,2024-09-24,Crédito consumo digital,1400000,6,0.0228,252000,App,799,0.1241,Automática,Finalizado,0,0,29,0.8333333333333334,1,55,M,4,Universitario,Independiente,2030000.0,576.0,App orgánico,False,1,Android,0,0,17,501,8,2,0,0,6,0,0,1.0,0.0,180.88235294117646,0.0
CR000695,CL00624,2025-02-23,Avance de nómina,3200000,6,0.0318,594000,Aliado,900,0.0911,Automática,Finalizado,0,0,0,1.0,0,49,F,4,Bachiller,Empleado,6520000.0,675.0,App orgánico,False,1,Web,0,0,11,404,1,0,3,1,5,0,0,0.7272727272727273,0.18181818181818182,119.72727272727273,0.0
CR000696,CL00625,2025-11-10,Crédito consumo digital,1750000,12,0.0313,177000,App,839,0.077,Automática,Activo,0,0,0,0.8333333333333334,0,52,F,1,Sin información,Empleado,2300000.0,572.0,Aliado comercial,False,2,Android,0,0,10,382,3,2,2,0,2,0,0,0.7,0.3,103.3,1.0
CR000697,CL00627,2025-12-19,Crédito consumo digital,1200000,12,0.0295,120000,App,873,0.0358,Automática,Activo,0,0,0,1.0,0,26,F,3,Sin información,Independiente,3350000.0,581.0,App orgánico,False,0,Android,0,0,14,371,7,2,2,0,3,0,0,0.9285714285714286,0.07142857142857142,118.64285714285714,1.0
CR000698,CL00627,2025-10-19,Avance de nómina,2050000,9,0.0202,251000,App,799,0.0749,Automática,Activo,0,0,25,0.6666666666666666,2,26,F,3,Sin información,Independiente,3350000.0,581.0,App orgánico,False,0,Android,0,0,14,371,7,2,2,0,3,0,0,0.9285714285714286,0.07142857142857142,118.64285714285714,1.0
CR000699,CL00628,2025-04-24,Crédito consumo digital,2000000,9,0.0328,260000,App,900,0.0613,Automática,Finalizado,0,0,0,1.0,0,35,F,4,Universitario,Comerciante,4240000.0,657.0,App orgánico,False,1,Android,0,0,4,173,2,0,0,0,1,0,1,0.5,0.25,113.5,0.0
CR000700,CL00629,2025-01-01,Crédito consumo digital,1350000,12,0.0216,129000,App,880,0.0382,Automática,Finalizado,0,0,0,1.0,0,37,M,1,Bachiller,Empleado,3380000.0,662.0,Campaña digital,False,2,iOS,0,0,11,824,3,1,3,1,2,1,0,0.6363636363636364,0.2727272727272727,182.0,3.0
CR000701,CL00630,2025-08-02,Microcrédito,1650000,3,0.0413,596000,App,842,0.1868,Automática,Finalizado,0,0,0,1.0,0,47,F,3,Técnico/Tecnólogo,Comerciante,3190000.0,572.0,App orgánico,False,2,Web,0,0,13,693,6,2,0,0,2,0,1,0.8461538461538461,0.07692307692307693,136.07692307692307,0.0
CR000702,CL00630,2025-06-14,Avance de nómina,700000,6,0.0317,130000,Web,890,0.0408,Automática,Finalizado,0,0,0,1.0,0,47,F,3,Técnico/Tecnólogo,Comerciante,3190000.0,572.0,App orgánico,False,2,Web,0,0,13,693,6,2,0,0,2,0,1,0.8461538461538461,0.07692307692307693,136.07692307692307,0.0
CR000704,CL00634,2024-10-19,Crédito consumo digital,1450000,6,0.028,266000,Web,827,0.0836,Automática,Mora moderada,0,1,56,0.6666666666666666,2,32,F,4,Bachiller,Independiente,3180000.0,565.0,Referido,True,0,Android,0,0,13,656,5,0,3,1,1,0,2,0.6923076923076923,0.07692307692307693,138.46153846153845,0.0
CR000705,CL00635,2024-02-29,Crédito libre inversión,1500000,6,0.0195,267000,Web,797,0.1236,Automática,Finalizado,0,0,0,1.0,0,26,F,1,Técnico/Tecnólogo,Empleado,2160000.0,511.0,Referido,False,4,Android,0,0,13,752,4,1,2,1,2,1,0,0.6153846153846154,0.3076923076923077,152.53846153846155,2.0
CR000706,CL00635,2025-04-11,Desconocido,2350000,9,0.0221,291000,Aliado,883,0.1027,Automática,Finalizado,0,0,0,1.0,0,26,F,1,Técnico/Tecnólogo,Empleado,2160000.0,511.0,Referido,False,4,Android,0,0,13,752,4,1,2,1,2,1,0,0.6153846153846154,0.3076923076923077,152.53846153846155,2.0
CR000707,CL00636,2025-02-21,Crédito libre inversión,4300000,3,0.0285,1516000,App,717,0.6451,Excepción,Mora moderada,0,1,47,0.3333333333333333,2,19,M,2,Técnico/Tecnólogo,Independiente,2350000.0,520.0,Referido,False,2,Android,0,0,11,677,2,1,4,0,1,0,1,0.8181818181818182,0.09090909090909091,229.45454545454547,4.0
CR000708,CL00637,2025-10-04,Crédito libre inversión,3600000,18,0.0291,260000,App,846,0.1083,Automática,Activo,0,0,0,1.0,0,44,F,4,Universitario,Pensionado,2400000.0,601.0,Aliado comercial,False,4,Android,0,0,11,386,4,3,1,1,1,1,0,0.7272727272727273,0.18181818181818182,128.54545454545453,0.3333333333333333
CR000709,CL00637,2025-10-10,Crédito consumo digital,1450000,6,0.0222,261000,Aliado,842,0.1087,Automática,Finalizado,0,0,0,1.0,0,44,F,4,Universitario,Pensionado,2400000.0,601.0,Aliado comercial,False,4,Android,0,0,11,386,4,3,1,1,1,1,0,0.7272727272727273,0.18181818181818182,128.54545454545453,0.3333333333333333
CR000711,CL00640,2023-12-18,Crédito consumo digital,1800000,3,0.033,640000,Web,879,0.2184,Automática,Finalizado,0,0,0,1.0,0,23,M,4,Bachiller,Microempresario,2930000.0,541.0,Referido,False,2,Web,0,0,11,1041,3,1,3,0,2,1,1,0.8181818181818182,0.09090909090909091,139.1818181818182,3.0
CR000713,CL00642,2025-08-13,Crédito libre inversión,2850000,6,0.0192,507000,App,900,0.1331,Automática,Finalizado,0,0,3,0.8333333333333334,1,53,M,3,Universitario,Empleado,3810000.0,633.0,App orgánico,True,3,iOS,0,0,8,782,2,1,1,0,2,1,0,0.75,0.25,155.75,1.0
CR000714,CL00643,2025-08-21,Crédito libre inversión,5150000,9,0.0316,666000,App,792,0.333,Automática,Activo,0,0,15,0.8333333333333334,1,33,M,2,Bachiller,Empleado,2000000.0,555.0,Referido,False,1,Android,0,0,7,317,2,0,1,0,0,0,2,0.7142857142857143,0.0,184.0,0.0
CR000715,CL00645,2025-12-09,Crédito consumo digital,700000,6,0.0379,133000,Web,825,0.0686,Automática,Activo,0,0,0,0.8,0,34,M,2,Técnico/Tecnólogo,Empleado,1940000.0,574.0,Campaña digital,False,0,Android,0,0,10,105,1,1,2,1,1,1,3,0.6,0.0,186.0,2.0
CR000716,CL00646,2026-01-05,Crédito consumo digital,250000,12,0.0336,26000,App,642,0.0813,Automática,Activo,0,0,23,0.5,1,33,F,1,Bachiller,Desempleado,320000.0,415.0,Campaña digital,False,0,iOS,0,0,10,444,3,0,2,1,1,1,1,0.6,0.2,90.1,0.0
CR000718,CL00648,2025-10-08,Microcrédito,2900000,6,0.0254,527000,Aliado,875,0.2474,Automática,Mora severa,0,1,60,0.8333333333333334,1,35,F,4,Técnico/Tecnólogo,Independiente,2130000.0,605.0,Campaña digital,False,1,Android,0,0,7,258,1,1,0,0,1,2,2,0.42857142857142855,0.2857142857142857,234.85714285714286,0.0
CR000719,CL00649,2025-10-02,Crédito libre inversión,1650000,9,0.0195,202000,App,844,0.1202,Automática,Activo,0,0,0,1.0,0,34,F,2,Técnico/Tecnólogo,Comerciante,1680000.0,577.0,Referido,False,1,iOS,0,0,8,114,2,2,0,0,2,0,1,0.875,0.0,114.375,0.0
CR000720,CL00652,2025-05-14,Crédito consumo digital,2000000,12,0.0265,197000,App,704,0.0437,Automática,Activo,0,0,0,1.0,0,47,M,4,Bachiller,Empleado,4510000.0,588.0,Call center,True,1,iOS,1,0,5,522,3,1,0,0,1,0,0,0.8,0.2,161.0,0.0
CR000721,CL00653,2023-12-11,Crédito libre inversión,1550000,9,0.0333,202000,App,900,0.108,Automática,Mora moderada,0,0,3,0.8333333333333334,1,33,F,2,Técnico/Tecnólogo,Independiente,1870000.0,578.0,Referido,True,0,iOS,0,0,15,779,4,1,4,0,2,0,2,0.8,0.06666666666666667,124.26666666666667,4.0
CR000722,CL00653,2026-01-25,Crédito libre inversión,1900000,12,0.0259,186000,App,798,0.0995,Automática,Activo,0,0,0,1.0,0,33,F,2,Técnico/Tecnólogo,Independiente,1870000.0,578.0,Referido,True,0,iOS,0,0,15,779,4,1,4,0,2,0,2,0.8,0.06666666666666667,124.26666666666667,4.0
CR000723,CL00654,2025-10-18,Crédito consumo digital,3650000,12,0.0356,379000,Web,888,0.0806,Automática,Activo,0,0,0,1.0,0,25,F,5,Técnico/Tecnólogo,Empleado,4700000.0,645.0,Referido,False,3,iOS,0,0,7,546,2,1,1,0,2,1,0,0.7142857142857143,0.2857142857142857,124.85714285714286,1.0
CR000724,CL00656,2024-07-26,Crédito consumo digital,1750000,6,0.0318,325000,Aliado,900,0.0874,Automática,Mora moderada,0,1,32,0.8333333333333334,1,37,M,2,Técnico/Tecnólogo,Microempresario,3720000.0,634.0,App orgánico,False,1,Android,0,0,19,703,8,3,1,0,5,0,2,0.7368421052631579,0.15789473684210525,134.21052631578948,0.3333333333333333
CR000725,CL00656,2025-06-11,Crédito consumo digital,3200000,3,0.0268,1124000,Aliado,900,0.3022,Automática,Finalizado,0,0,0,1.0,0,37,M,2,Técnico/Tecnólogo,Microempresario,3720000.0,634.0,App orgánico,False,1,Android,0,0,19,703,8,3,1,0,5,0,2,0.7368421052631579,0.15789473684210525,134.21052631578948,0.3333333333333333
CR000726,CL00656,2025-12-31,Crédito consumo digital,2050000,12,0.0205,194000,App,891,0.0522,Automática,Activo,0,0,0,1.0,0,37,M,2,Técnico/Tecnólogo,Microempresario,3720000.0,634.0,App orgánico,False,1,Android,0,0,19,703,8,3,1,0,5,0,2,0.7368421052631579,0.15789473684210525,134.21052631578948,0.3333333333333333
CR000727,CL00657,2024-04-14,Crédito libre inversión,2900000,18,0.0175,189000,Web,841,0.1033,Automática,Mora moderada,0,0,26,0.8333333333333334,1,36,F,4,Bachiller,Conductor/Repartidor,1830000.0,547.0,Aliado comercial,False,0,Android,0,0,11,785,2,2,1,0,5,0,1,0.8181818181818182,0.09090909090909091,139.36363636363637,0.5
CR000728,CL00658,2023-09-30,Crédito consumo digital,1150000,6,0.0333,215000,Web,860,0.0907,Automática,Finalizado,0,0,19,0.8333333333333334,1,36,F,1,Técnico/Tecnólogo,Empleado,2370000.0,569.0,App orgánico,True,2,Web,0,0,14,769,3,2,3,1,1,0,2,0.5714285714285714,0.21428571428571427,147.85714285714286,1.5
CR000729,CL00658,2024-11-28,Crédito libre inversión,2350000,24,0.0201,124000,App,822,0.0523,Automática,Activo,0,0,0,1.0,0,36,F,1,Técnico/Tecnólogo,Empleado,2370000.0,569.0,App orgánico,True,2,Web,0,0,14,769,3,2,3,1,1,0,2,0.5714285714285714,0.21428571428571427,147.85714285714286,1.5
CR000730,CL00659,2025-05-20,Avance de nómina,250000,6,0.0228,45000,Web,714,0.0517,Automática,Mora moderada,0,1,46,0.8333333333333334,1,38,F,2,Bachiller,Desempleado,870000.0,448.0,App orgánico,False,2,iOS,0,0,10,232,2,3,3,0,2,0,0,0.8,0.2,195.0,1.0
CR000731,CL00659,2025-07-07,Crédito consumo digital,300000,6,0.0236,54000,App,704,0.0621,Automática,Mora severa,0,1,65,0.6666666666666666,2,38,F,2,Bachiller,Desempleado,870000.0,448.0,App orgánico,False,2,iOS,0,0,10,232,2,3,3,0,2,0,0,0.8,0.2,195.0,1.0
CR000732,CL00660,2026-01-27,Crédito consumo digital,400000,18,0.034,30000,App,827,0.0194,Automática,Activo,0,0,13,0.3333333333333333,2,35,F,3,Universitario,Conductor/Repartidor,1550000.0,572.0,Referido,False,1,Android,0,0,8,265,2,0,3,0,0,0,1,0.75,0.125,173.875,0.0
CR000733,CL00661,2025-08-29,Crédito libre inversión,15050000,6,0.0281,2761000,Aliado,849,0.6218,Excepción,Finalizado,0,0,22,0.8333333333333334,1,30,F,4,Técnico/Tecnólogo,Comerciante,4440000.0,616.0,Aliado comercial,False,1,iOS,0,0,6,186,4,0,2,0,0,0,0,0.8333333333333334,0.16666666666666666,137.16666666666666,0.0
CR000734,CL00663,2025-08-24,Crédito libre inversión,3600000,9,0.0196,440000,App,793,0.129,Automática,Mora severa,0,1,96,0.6666666666666666,2,36,M,2,Bachiller,Comerciante,3410000.0,556.0,Campaña digital,False,2,Android,0,0,7,343,3,0,0,0,3,0,0,1.0,0.0,226.14285714285714,0.0
CR000735,CL00666,2023-09-14,Crédito consumo digital,2850000,6,0.0312,528000,Aliado,900,0.0805,Automática,Finalizado,0,0,0,1.0,0,37,M,2,Técnico/Tecnólogo,Empleado,6560000.0,647.0,Referido,True,3,Android,0,0,23,858,5,4,2,0,7,1,1,0.8260869565217391,0.13043478260869565,160.6086956521739,0.5
CR000736,CL00666,2025-01-26,Crédito consumo digital,3350000,12,0.0305,338000,App,900,0.0515,Automática,Finalizado,0,0,0,1.0,0,37,M,2,Técnico/Tecnólogo,Empleado,6560000.0,647.0,Referido,True,3,Android,0,0,23,858,5,4,2,0,7,1,1,0.8260869565217391,0.13043478260869565,160.6086956521739,0.5
CR000737,CL00666,2025-11-08,Avance de nómina,3950000,9,0.0282,503000,App,900,0.0767,Automática,Activo,0,0,0,0.8333333333333334,0,37,M,2,Técnico/Tecnólogo,Empleado,6560000.0,647.0,Referido,True,3,Android,0,0,23,858,5,4,2,0,7,1,1,0.8260869565217391,0.13043478260869565,160.6086956521739,0.5
CR000738,CL00667,2025-11-10,Crédito libre inversión,2800000,9,0.0201,343000,App,829,0.1309,Automática,Activo,0,0,0,0.8333333333333334,0,33,No informa,4,Universitario,Empleado,2620000.0,645.0,Campaña digital,True,1,Android,0,0,19,695,7,0,3,1,5,1,2,0.5789473684210527,0.2631578947368421,132.0,0.0
CR000739,CL00667,2024-04-10,Crédito libre inversión,5500000,12,0.0212,524000,Web,891,0.2,Automática,Mora severa,0,1,120,0.8333333333333334,1,33,No informa,4,Universitario,Empleado,2620000.0,645.0,Campaña digital,True,1,Android,0,0,19,695,7,0,3,1,5,1,2,0.5789473684210527,0.2631578947368421,132.0,0.0
CR000740,CL00668,2025-03-15,Crédito libre inversión,1850000,12,0.0233,178000,Aliado,767,0.0957,Automática,Mora moderada,0,1,41,0.3333333333333333,4,51,M,2,Universitario,Empleado,1860000.0,492.0,Call center,False,0,Android,0,0,23,823,2,2,4,1,4,7,2,0.782608695652174,0.08695652173913043,194.7826086956522,2.0
CR000741,CL00668,2024-03-25,Crédito consumo digital,800000,6,0.0253,145000,Web,742,0.078,Automática,Finalizado,0,0,6,0.8333333333333334,1,51,M,2,Universitario,Empleado,1860000.0,492.0,Call center,False,0,Android,0,0,23,823,2,2,4,1,4,7,2,0.782608695652174,0.08695652173913043,194.7826086956522,2.0
CR000742,CL00670,2025-05-19,Crédito consumo digital,1200000,9,0.0363,159000,App,900,0.0292,Automática,Finalizado,0,0,0,1.0,0,47,F,4,Universitario,Comerciante,5440000.0,684.0,Aliado comercial,False,1,iOS,0,0,11,431,2,0,0,3,6,0,0,0.7272727272727273,0.0,170.36363636363637,0.0
CR000743,CL00671,2025-12-17,Microcrédito,2650000,12,0.0268,261000,App,900,0.0967,Automática,Activo,0,0,6,0.75,1,48,M,3,Universitario,Empleado,2700000.0,641.0,Call center,True,3,Android,0,0,5,409,1,0,1,1,1,0,1,0.6,0.0,97.4,0.0
CR000744,CL00672,2026-02-11,Avance de nómina,2250000,6,0.0199,402000,App,900,0.0719,Automática,Activo,0,0,0,0.6666666666666666,0,19,M,3,Bachiller,Empleado,5590000.0,687.0,Aliado comercial,False,1,Android,0,0,9,132,1,2,1,1,2,0,1,0.6666666666666666,0.1111111111111111,122.55555555555556,0.5
CR000745,CL00673,2023-05-15,Crédito consumo digital,2350000,12,0.0266,231000,Web,900,0.0353,Automática,Finalizado,0,0,0,1.0,0,33,M,4,Universitario,Empleado,6550000.0,774.0,Campaña digital,False,3,iOS,0,0,5,932,1,2,0,0,2,0,0,0.8,0.2,263.8,0.0
CR000746,CL00674,2025-10-02,Crédito consumo digital,1450000,9,0.0294,186000,App,807,0.0916,Automática,Activo,0,0,0,1.0,0,32,M,1,Bachiller,Empleado,2030000.0,495.0,Campaña digital,True,1,Android,0,0,19,946,2,2,3,0,8,0,2,0.8421052631578947,0.05263157894736842,191.89473684210526,1.5
CR000747,CL00674,2024-11-09,Microcrédito,1000000,3,0.0439,363000,Web,737,0.1788,Automática,Finalizado,0,0,0,1.0,0,32,M,1,Bachiller,Empleado,2030000.0,495.0,Campaña digital,True,1,Android,0,0,19,946,2,2,3,0,8,0,2,0.8421052631578947,0.05263157894736842,191.89473684210526,1.5
CR000749,CL00677,2025-09-08,Crédito consumo digital,1550000,9,0.036,205000,App,900,0.0582,Automática,Activo,0,0,9,0.6666666666666666,2,25,M,5,Técnico/Tecnólogo,Empleado,3520000.0,604.0,Aliado comercial,False,0,Android,0,0,17,451,6,4,1,0,5,0,0,0.8235294117647058,0.17647058823529413,150.41176470588235,0.25
CR000750,CL00678,2024-08-16,Crédito consumo digital,850000,6,0.0211,152000,App,900,0.071,Automática,Finalizado,0,0,0,1.0,0,54,M,2,Bachiller,Empleado,2140000.0,658.0,Campaña digital,True,0,Android,0,0,9,813,3,1,1,1,2,1,0,0.6666666666666666,0.2222222222222222,164.66666666666666,1.0
CR000751,CL00679,2025-06-04,Crédito consumo digital,650000,12,0.0348,67000,Web,780,0.0698,Automática,Mora severa,0,1,95,0.6666666666666666,2,45,M,2,Sin información,Independiente,960000.0,441.0,Campaña digital,False,0,Android,0,0,8,511,2,4,1,0,0,1,0,0.875,0.125,144.375,0.25
CR000752,CL00680,2025-09-09,Avance de nómina,1550000,9,0.0251,195000,App,873,0.0714,Automática,Mora moderada,0,1,43,0.5,3,49,M,4,Bachiller,Conductor/Repartidor,2730000.0,594.0,App orgánico,False,1,Android,0,0,22,266,4,4,3,0,4,2,4,0.7727272727272727,0.045454545454545456,170.77272727272728,0.75
CR000753,CL00680,2025-09-20,Crédito libre inversión,3200000,9,0.0238,399000,App,791,0.1462,Automática,Mora moderada,0,1,34,0.5,3,49,M,4,Bachiller,Conductor/Repartidor,2730000.0,594.0,App orgánico,False,1,Android,0,0,22,266,4,4,3,0,4,2,4,0.7727272727272727,0.045454545454545456,170.77272727272728,0.75
CR000754,CL00682,2026-01-05,Crédito libre inversión,7200000,12,0.0198,680000,Web,794,0.1809,Automática,Activo,0,0,0,0.75,0,25,F,3,Bachiller,Empleado,3760000.0,669.0,Aliado comercial,True,0,Android,0,0,4,174,2,0,0,0,1,1,0,0.5,0.5,176.0,0.0
CR000755,CL00683,2025-06-02,Microcrédito,1450000,3,0.0364,519000,App,819,0.2437,Automática,Finalizado,0,0,0,1.0,0,31,F,1,Sin información,Empleado,2130000.0,552.0,Referido,True,2,Android,0,0,14,402,4,5,1,0,1,0,1,0.7857142857142857,0.14285714285714285,182.64285714285714,0.2
CR000756,CL00685,2024-11-19,Avance de nómina,1050000,6,0.0205,188000,Web,789,0.1182,Automática,Mora severa,0,1,60,0.5,3,24,M,1,Técnico/Tecnólogo,Comerciante,1590000.0,465.0,App orgánico,False,0,Android,0,0,3,53,1,1,0,0,0,1,0,0.0,1.0,90.66666666666667,0.0
CR000757,CL00687,2025-09-12,Crédito libre inversión,4950000,3,0.0301,1750000,Web,900,0.5087,Manual,Mora severa,0,1,86,0.6666666666666666,1,34,M,3,Bachiller,Independiente,3440000.0,695.0,Referido,False,0,Web,0,0,11,452,3,1,1,1,4,0,1,0.6363636363636364,0.18181818181818182,120.36363636363636,1.0
CR000758,CL00688,2026-02-11,Microcrédito,4450000,9,0.0265,562000,Web,900,0.0914,Automática,Activo,0,0,0,0.6666666666666666,0,32,M,4,Posgrado,Empleado,6150000.0,706.0,Referido,True,3,Android,0,0,10,441,2,2,1,0,3,0,2,0.7,0.1,169.5,0.5
CR000759,CL00689,2026-01-06,Crédito consumo digital,1800000,6,0.0367,340000,App,900,0.0688,Automática,Activo,0,0,24,0.5,1,43,F,2,Bachiller,Comerciante,4940000.0,608.0,App orgánico,True,0,Android,0,0,9,352,2,0,1,0,4,0,1,0.6666666666666666,0.2222222222222222,150.22222222222223,0.0
CR000760,CL00690,2025-02-01,Crédito libre inversión,4200000,12,0.0175,391000,App,748,0.1975,Automática,Finalizado,0,0,13,0.8333333333333334,1,40,M,2,Universitario,Microempresario,1980000.0,539.0,Campaña digital,False,3,iOS,0,0,8,407,2,1,0,0,3,1,1,0.625,0.25,213.75,0.0
CR000762,CL00691,2025-09-18,Avance de nómina,400000,3,0.0234,140000,Web,850,0.0443,Automática,Finalizado,0,0,0,1.0,0,32,M,2,Técnico/Tecnólogo,Empleado,3160000.0,644.0,Campaña digital,True,2,Web,0,0,20,148,4,6,4,0,4,1,0,0.8,0.2,154.15,0.6666666666666666
CR000763,CL00691,2025-12-19,Crédito consumo digital,1950000,6,0.0255,355000,Aliado,807,0.1123,Automática,Activo,0,0,26,0.75,1,32,M,2,Técnico/Tecnólogo,Empleado,3160000.0,644.0,Campaña digital,True,2,Web,0,0,20,148,4,6,4,0,4,1,0,0.8,0.2,154.15,0.6666666666666666
CR000764,CL00692,2025-08-16,Crédito consumo digital,4300000,12,0.0369,450000,App,819,0.1475,Automática,Activo,0,0,0,1.0,0,48,M,2,Universitario,Empleado,3050000.0,587.0,Call center,True,2,Android,0,0,8,296,2,3,0,1,2,0,0,0.875,0.0,139.625,0.0
CR000766,CL00693,2025-05-21,Crédito consumo digital,3850000,9,0.0226,477000,App,745,0.1463,Automática,Finalizado,0,0,7,0.8333333333333334,1,25,F,3,Técnico/Tecnólogo,Independiente,3260000.0,550.0,Campaña digital,False,0,iOS,0,0,12,194,2,4,1,0,4,1,0,1.0,0.0,117.08333333333333,0.25
CR000767,CL00694,2024-01-19,Crédito consumo digital,900000,9,0.038,120000,Aliado,786,0.0656,Automática,Finalizado,0,0,19,0.8333333333333334,1,42,M,2,Sin información,Pensionado,1830000.0,526.0,Campaña digital,True,1,iOS,0,0,8,978,3,0,1,0,3,1,0,0.75,0.25,112.0,0.0
CR000768,CL00695,2024-12-06,Microcrédito,1100000,18,0.0294,80000,Call center,763,0.0497,Automática,Mora moderada,0,0,27,0.3333333333333333,4,42,No informa,3,Bachiller,Empleado,1610000.0,485.0,Aliado comercial,False,0,Web,0,0,14,678,6,3,2,0,2,0,1,0.7142857142857143,0.21428571428571427,146.85714285714286,0.6666666666666666
CR000769,CL00696,2025-02-13,Crédito libre inversión,4800000,12,0.0226,461000,Web,900,0.1368,Automática,Finalizado,0,0,0,1.0,0,33,M,5,Técnico/Tecnólogo,Independiente,3370000.0,654.0,Aliado comercial,False,3,Android,0,0,11,481,3,4,1,0,2,0,1,0.8181818181818182,0.09090909090909091,131.63636363636363,0.25
CR000770,CL00696,2024-10-01,Crédito libre inversión,4700000,12,0.029,469000,Aliado,876,0.1392,Automática,Mora moderada,0,1,40,0.8333333333333334,1,33,M,5,Técnico/Tecnólogo,Independiente,3370000.0,654.0,Aliado comercial,False,3,Android,0,0,11,481,3,4,1,0,2,0,1,0.8181818181818182,0.09090909090909091,131.63636363636363,0.25
CR000771,CL00697,2025-01-27,Microcrédito,7850000,12,0.032,798000,App,900,0.1213,Automática,Mora moderada,0,0,0,1.0,0,39,M,6,Universitario,Comerciante,6580000.0,809.0,Referido,False,1,Android,0,0,11,636,1,3,3,0,1,1,1,0.8181818181818182,0.09090909090909091,146.0,1.0
CR000772,CL00698,2025-10-13,Crédito consumo digital,650000,12,0.03,65000,Aliado,880,0.0253,Automática,Activo,0,0,0,1.0,0,23,M,2,Bachiller,Microempresario,3240000.0,639.0,Referido,True,3,Web,0,0,6,98,2,1,1,1,0,0,0,0.8333333333333334,0.0,100.5,1.0
CR000773,CL00699,2025-09-23,Microcrédito,5550000,6,0.0423,1067000,Aliado,771,0.4917,Manual,Mora moderada,0,1,51,0.5,3,45,F,2,Universitario,Comerciante,2170000.0,583.0,App orgánico,False,1,Android,0,0,16,700,4,4,3,0,1,1,2,0.875,0.0,191.25,0.75
CR000774,CL00700,2024-12-16,Avance de nómina,1650000,18,0.0277,118000,Aliado,877,0.0387,Automática,Activo,0,0,0,1.0,0,34,M,5,Bachiller,Empleado,3050000.0,744.0,App orgánico,False,3,iOS,0,0,8,629,2,2,1,1,1,0,1,0.625,0.125,139.25,0.5
CR000775,CL00701,2025-04-25,Crédito consumo digital,2300000,9,0.0276,292000,App,776,0.1136,Automática,Finalizado,0,0,0,1.0,0,31,M,6,Técnico/Tecnólogo,Estudiante,-1.0,559.0,App orgánico,True,2,Android,0,0,7,955,2,0,0,0,2,1,0,0.8571428571428571,0.14285714285714285,184.57142857142858,0.0
CR000776,CL00702,2024-10-04,Crédito consumo digital,1150000,6,0.0288,211000,Call center,900,0.0776,Automática,Finalizado,0,0,0,1.0,0,46,M,2,Técnico/Tecnólogo,Independiente,2720000.0,694.0,Referido,False,1,iOS,0,0,13,706,2,3,2,1,4,0,1,0.7692307692307693,0.07692307692307693,136.0,0.6666666666666666
CR000777,CL00703,2026-01-18,Microcrédito,950000,24,0.0405,63000,App,755,0.0229,Automática,Activo,0,0,12,0.3333333333333333,2,29,F,1,Bachiller,Empleado,2750000.0,534.0,App orgánico,False,0,Android,0,0,12,146,3,0,1,2,2,0,1,0.6666666666666666,0.08333333333333333,141.0,0.0
CR000778,CL00704,2025-06-25,Crédito consumo digital,950000,6,0.0276,174000,App,609,0.0677,Manual,Finalizado,0,0,3,0.8333333333333334,1,22,F,3,Universitario,Empleado,2950000.0,588.0,Referido,True,0,Android,1,0,10,367,3,0,0,1,4,1,0,0.8,0.1,126.9,0.0
CR000779,CL00705,2025-01-10,Microcrédito,1800000,6,0.0356,338000,Web,792,0.0983,Automática,Mora moderada,0,1,57,0.6666666666666666,2,20,M,3,Posgrado,Independiente,3440000.0,544.0,Referido,False,1,Android,0,0,4,624,3,0,0,0,1,0,0,1.0,0.0,173.0,0.0
CR000780,CL00706,2025-05-14,Crédito libre inversión,1500000,3,0.033,533000,Aliado,850,0.3439,Automática,Finalizado,0,0,0,1.0,0,42,M,2,Bachiller,Independiente,1550000.0,552.0,App orgánico,False,3,Android,0,0,6,223,3,0,0,1,0,2,0,0.8333333333333334,0.0,159.16666666666666,0.0
CR000781,CL00707,2025-11-10,Avance de nómina,1450000,6,0.0254,264000,App,786,0.132,Automática,Activo,0,0,23,0.16666666666666666,4,23,M,2,Posgrado,Conductor/Repartidor,2000000.0,510.0,Campaña digital,False,0,Android,0,0,9,700,3,2,0,0,2,1,0,0.7777777777777778,0.2222222222222222,210.88888888888889,0.0
CR000782,CL00708,2025-12-17,Crédito consumo digital,2500000,24,0.0379,160000,Aliado,900,0.0339,Automática,Activo,0,0,0,1.0,0,54,F,3,Universitario,Microempresario,4720000.0,685.0,App orgánico,False,0,Android,0,0,9,127,4,4,0,0,0,0,1,0.8888888888888888,0.0,101.22222222222223,0.0
CR000783,CL00709,2025-05-03,Crédito consumo digital,1500000,18,0.0228,102000,Aliado,785,0.0298,Automática,Mora moderada,0,1,34,0.5,3,19,F,4,Técnico/Tecnólogo,Comerciante,3420000.0,501.0,Campaña digital,True,4,Android,0,0,13,475,3,2,0,0,3,2,3,0.6153846153846154,0.15384615384615385,159.3846153846154,0.0
CR000784,CL00710,2025-09-28,Crédito consumo digital,450000,6,0.0269,82000,Web,722,0.0554,Automática,Finalizado,0,0,12,0.8333333333333334,1,53,F,3,Bachiller,Estudiante,1480000.0,525.0,Campaña digital,False,2,Android,0,0,8,131,3,1,1,0,2,1,0,1.0,0.0,215.25,1.0
CR000786,CL00711,2025-04-11,Avance de nómina,500000,3,0.0199,173000,Aliado,890,0.0558,Automática,Finalizado,0,0,0,1.0,0,38,M,6,Técnico/Tecnólogo,Independiente,3100000.0,686.0,Aliado comercial,False,1,Android,0,0,17,802,11,2,1,0,2,0,0,0.8235294117647058,0.17647058823529413,144.23529411764707,0.5
CR000787,CL00711,2024-09-28,Microcrédito,3250000,12,0.0432,353000,Aliado,844,0.1139,Automática,Finalizado,0,0,0,1.0,0,38,M,6,Técnico/Tecnólogo,Independiente,3100000.0,686.0,Aliado comercial,False,1,Android,0,0,17,802,11,2,1,0,2,0,0,0.8235294117647058,0.17647058823529413,144.23529411764707,0.5
CR000788,CL00711,2025-02-24,Crédito libre inversión,1550000,6,0.0199,277000,App,893,0.0894,Automática,Finalizado,0,0,0,1.0,0,38,M,6,Técnico/Tecnólogo,Independiente,3100000.0,686.0,Aliado comercial,False,1,Android,0,0,17,802,11,2,1,0,2,0,0,0.8235294117647058,0.17647058823529413,144.23529411764707,0.5
CR000790,CL00713,2024-03-26,Microcrédito,7200000,3,0.0305,2548000,Web,893,0.4486,Manual,Finalizado,0,0,0,1.0,0,31,F,5,Universitario,Empleado,5680000.0,716.0,App orgánico,False,1,Android,0,0,5,679,3,1,1,0,0,0,0,1.0,0.0,136.2,1.0
CR000791,CL00714,2024-06-13,Crédito consumo digital,4550000,12,0.0319,462000,Aliado,900,0.073,Automática,Finalizado,0,0,0,1.0,0,40,M,3,Universitario,Empleado,6330000.0,797.0,Aliado comercial,True,2,iOS,0,0,10,784,5,1,1,0,3,0,0,1.0,0.0,136.2,1.0
CR000792,CL00715,2025-10-04,Crédito libre inversión,800000,24,0.0323,48000,App,843,0.0495,Automática,Activo,0,0,24,0.8333333333333334,1,36,F,4,Técnico/Tecnólogo,Estudiante,970000.0,614.0,Campaña digital,False,3,Android,0,0,15,259,5,2,2,0,5,1,0,0.8,0.2,152.06666666666666,1.0
CR000794,CL00716,2025-07-19,Microcrédito,14850000,12,0.0339,1527000,Web,616,0.2665,Manual,Activo,0,0,0,1.0,0,47,F,5,Técnico/Tecnólogo,Microempresario,5730000.0,588.0,Aliado comercial,False,2,Android,1,0,12,690,5,0,1,0,4,1,0,1.0,0.0,152.5,0.0
CR000795,CL00718,2025-02-05,Crédito libre inversión,5100000,18,0.0185,336000,Web,900,0.1263,Automática,Activo,0,0,0,1.0,0,38,F,4,Universitario,Empleado,2660000.0,637.0,Referido,False,0,Android,0,0,9,1070,1,3,2,0,1,0,2,0.4444444444444444,0.3333333333333333,166.66666666666666,0.6666666666666666
CR000796,CL00719,2025-12-05,Crédito libre inversión,3000000,6,0.028,550000,App,900,1.8,Automática,Mora moderada,0,1,44,0.0,4,32,M,3,Universitario,Microempresario,2840000.0,697.0,App orgánico,True,0,Android,0,0,2,50,1,0,0,0,1,0,0,1.0,0.0,181.5,0.0
CR000798,CL00722,2024-08-13,Microcrédito,2650000,9,0.0418,359000,Call center,703,1.2,Automática,Mora severa,0,1,46,0.16666666666666666,5,19,M,3,Bachiller,Pensionado,2890000.0,567.0,Aliado comercial,True,0,iOS,0,0,22,724,5,5,4,1,3,0,4,0.7272727272727273,0.045454545454545456,222.3181818181818,0.8
CR000799,CL00722,2024-12-08,Microcrédito,3150000,9,0.0381,420000,Call center,900,0.1453,Automática,Mora moderada,0,0,24,0.16666666666666666,5,19,M,3,Bachiller,Pensionado,2890000.0,567.0,Aliado comercial,True,0,iOS,0,0,22,724,5,5,4,1,3,0,4,0.7272727272727273,0.045454545454545456,222.3181818181818,0.8
CR000800,CL00723,2024-05-10,Microcrédito,2500000,6,0.0317,464000,App,882,0.0989,Automática,Mora severa,0,1,83,0.6666666666666666,2,23,M,3,Técnico/Tecnólogo,Microempresario,4690000.0,569.0,App orgánico,True,2,Android,0,0,8,550,2,3,0,0,2,0,1,0.75,0.125,125.25,0.0
CR000801,CL00724,2025-12-06,Crédito libre inversión,11050000,18,0.0195,734000,Aliado,900,0.1606,Automática,Activo,0,0,0,0.8,0,43,F,2,Bachiller,Empleado,4570000.0,656.0,Campaña digital,True,2,Web,0,0,10,430,1,2,1,1,5,0,0,0.6,0.3,149.9,0.5
CR000802,CL00724,2025-10-20,Crédito consumo digital,3350000,9,0.0312,433000,App,900,0.0947,Automática,Activo,0,0,2,0.8333333333333334,1,43,F,2,Bachiller,Empleado,4570000.0,656.0,Campaña digital,True,2,Web,0,0,10,430,1,2,1,1,5,0,0,0.6,0.3,149.9,0.5
CR000803,CL00727,2024-07-16,Crédito consumo digital,350000,9,0.0258,44000,App,739,0.0733,Automática,Finalizado,0,0,0,1.0,0,36,F,2,Bachiller,Desempleado,600000.0,483.0,App orgánico,False,2,Android,0,0,7,730,2,1,1,0,2,0,1,0.7142857142857143,0.14285714285714285,186.14285714285714,1.0
CR000804,CL00728,2025-12-01,Crédito consumo digital,1800000,6,0.0205,322000,App,704,0.2118,Automática,Mora moderada,0,1,34,0.2,4,39,M,3,Universitario,Pensionado,1520000.0,472.0,Referido,False,4,Android,0,0,10,163,4,2,0,0,4,0,0,0.9,0.1,176.2,0.0
CR000805,CL00729,2025-10-31,Microcrédito,2350000,9,0.0252,295000,App,819,0.118,Automática,Activo,0,0,0,1.0,0,31,M,3,Técnico/Tecnólogo,Empleado,2500000.0,651.0,Campaña digital,False,0,Web,0,0,15,177,7,2,0,1,2,0,2,0.6666666666666666,0.13333333333333333,150.0,0.0
CR000806,CL00730,2025-04-23,Crédito consumo digital,2600000,12,0.0203,246000,App,545,0.0969,Manual,Finalizado,0,0,12,0.6666666666666666,2,28,F,1,Bachiller,Comerciante,2540000.0,588.0,Referido,False,3,Android,1,0,8,754,5,0,1,0,0,0,1,0.625,0.25,241.0,0.0
CR000807,CL00731,2025-12-24,Crédito consumo digital,1350000,3,0.0224,470000,App,837,0.3013,Automática,Finalizado,0,0,0,1.0,0,38,M,3,Bachiller,Conductor/Repartidor,1560000.0,598.0,Referido,True,0,Web,0,0,12,198,4,0,1,0,1,3,3,0.75,0.0,189.33333333333334,0.0
CR000809,CL00733,2026-01-09,Crédito libre inversión,3450000,3,0.0288,1217000,App,711,0.5385,Manual,Activo,0,0,21,0.0,3,40,F,1,Sin información,Empleado,2260000.0,485.0,Referido,False,3,iOS,0,0,16,428,3,3,4,2,3,1,0,0.6875,0.1875,177.0,1.3333333333333333
CR000810,CL00733,2025-11-19,Crédito libre inversión,3650000,9,0.0178,442000,Aliado,807,0.1956,Automática,Mora moderada,0,0,30,0.6,2,40,F,1,Sin información,Empleado,2260000.0,485.0,Referido,False,3,iOS,0,0,16,428,3,3,4,2,3,1,0,0.6875,0.1875,177.0,1.3333333333333333
CR000811,CL00734,2023-09-21,Crédito consumo digital,3100000,6,0.034,580000,Web,900,0.1169,Automática,Finalizado,0,0,1,0.8333333333333334,1,19,F,4,Técnico/Tecnólogo,Empleado,4960000.0,689.0,App orgánico,False,2,Android,0,0,11,903,1,0,1,2,4,1,1,0.7272727272727273,0.0,178.36363636363637,0.0
CR000812,CL00735,2023-08-10,Avance de nómina,450000,9,0.0225,56000,App,847,0.0311,Automática,Finalizado,0,0,4,0.8333333333333334,1,46,F,2,Universitario,Independiente,1800000.0,551.0,Referido,False,4,iOS,0,0,13,1010,2,2,4,0,2,2,0,0.9230769230769231,0.07692307692307693,171.53846153846155,2.0
CR000813,CL00736,2025-06-12,Crédito libre inversión,3950000,12,0.0306,398000,App,900,0.0911,Automática,Activo,0,0,0,1.0,0,41,F,5,Técnico/Tecnólogo,Empleado,4370000.0,804.0,Campaña digital,False,1,Android,0,0,19,544,6,4,1,0,5,0,2,0.8947368421052632,0.0,176.3684210526316,0.25
CR000814,CL00737,2024-02-25,Microcrédito,1100000,12,0.0319,112000,App,738,0.0762,Automática,Mora severa,0,0,0,1.0,0,39,M,3,Posgrado,Estudiante,1470000.0,526.0,Aliado comercial,False,2,Android,0,0,9,855,2,4,0,1,2,0,0,0.5555555555555556,0.3333333333333333,152.55555555555554,0.0
CR000815,CL00737,2025-11-30,Crédito libre inversión,3050000,9,0.0265,385000,Web,687,0.2619,Automática,Activo,0,0,18,0.8,1,39,M,3,Posgrado,Estudiante,1470000.0,526.0,Aliado comercial,False,2,Android,0,0,9,855,2,4,0,1,2,0,0,0.5555555555555556,0.3333333333333333,152.55555555555554,0.0
CR000816,CL00738,2023-12-07,Crédito libre inversión,1650000,9,0.0195,202000,App,778,0.1303,Automática,Finalizado,0,0,0,1.0,0,46,F,3,Bachiller,Independiente,1550000.0,627.0,Campaña digital,False,0,Android,0,0,11,899,3,1,1,0,3,1,1,0.8181818181818182,0.09090909090909091,163.8181818181818,1.0
CR000817,CL00739,2025-07-27,Crédito libre inversión,10700000,12,0.0196,1009000,Web,864,0.2352,Automática,Activo,0,0,5,0.8333333333333334,1,53,M,5,Técnico/Tecnólogo,Empleado,4290000.0,671.0,Campaña digital,False,2,Android,0,0,8,91,3,1,2,0,2,0,0,0.875,0.125,162.375,2.0
CR000819,CL00742,2025-07-04,Crédito consumo digital,4000000,6,0.0345,749000,App,900,0.1265,Automática,Finalizado,0,0,0,1.0,0,23,F,3,Bachiller,Microempresario,5920000.0,705.0,Campaña digital,False,4,Web,0,0,4,62,1,0,0,0,1,0,2,0.5,0.0,197.25,0.0
CR000820,CL00743,2025-06-12,Crédito consumo digital,1150000,9,0.0351,151000,App,845,0.0634,Automática,Finalizado,0,0,12,0.8333333333333334,1,30,F,2,Universitario,Microempresario,2380000.0,526.0,Referido,True,0,iOS,0,0,4,208,1,0,1,0,1,0,1,0.75,0.0,166.25,0.0
CR000821,CL00746,2025-04-30,Crédito libre inversión,5100000,12,0.0205,484000,Web,868,0.1779,Automática,Finalizado,0,0,0,1.0,0,29,F,4,Técnico/Tecnólogo,Microempresario,2720000.0,692.0,App orgánico,True,1,Android,0,0,9,664,2,0,2,2,3,0,0,0.6666666666666666,0.1111111111111111,151.44444444444446,0.0
CR000823,CL00748,2025-12-27,Crédito consumo digital,650000,6,0.0338,122000,App,818,0.0475,Automática,Mora moderada,0,1,58,0.5,2,28,F,1,Técnico/Tecnólogo,Comerciante,0.0,483.0,App orgánico,False,2,iOS,0,0,22,739,5,2,1,1,8,0,3,0.5,0.3181818181818182,154.72727272727272,0.5
CR000824,CL00748,2024-10-17,Microcrédito,2300000,9,0.0337,301000,App,818,0.1171,Automática,Mora moderada,0,1,58,0.5,3,28,F,1,Técnico/Tecnólogo,Comerciante,0.0,483.0,App orgánico,False,2,iOS,0,0,22,739,5,2,1,1,8,0,3,0.5,0.3181818181818182,154.72727272727272,0.5
CR000825,CL00748,2025-11-03,Microcrédito,1350000,12,0.0324,138000,App,885,0.0537,Automática,Activo,0,0,0,0.8333333333333334,0,28,F,1,Técnico/Tecnólogo,Comerciante,0.0,483.0,App orgánico,False,2,iOS,0,0,22,739,5,2,1,1,8,0,3,0.5,0.3181818181818182,154.72727272727272,0.5
CR000826,CL00749,2025-11-26,Crédito libre inversión,2050000,6,0.0301,379000,Call center,752,0.184,Automática,Activo,0,0,10,0.8,1,30,F,3,Universitario,Estudiante,2060000.0,604.0,Referido,False,0,iOS,0,0,8,313,5,2,0,0,1,0,0,0.75,0.25,274.5,0.0
CR000827,CL00750,2023-11-20,Avance de nómina,1800000,9,0.0189,219000,App,844,0.0852,Automática,Finalizado,0,0,0,1.0,0,22,M,6,Bachiller,Empleado,2950000.0,674.0,Campaña digital,True,1,Android,0,0,3,283,0,1,1,0,1,0,0,1.0,0.0,119.0,1.0
CR000828,CL00751,2025-01-27,Microcrédito,3150000,6,0.0428,606000,App,872,0.1599,Automática,Finalizado,0,0,0,1.0,0,27,M,3,Universitario,Microempresario,3790000.0,588.0,App orgánico,True,1,Android,0,0,10,614,4,3,1,0,2,0,0,0.8,0.2,131.9,0.3333333333333333
CR000829,CL00753,2025-08-09,Crédito libre inversión,2250000,24,0.0277,130000,Web,727,0.0774,Automática,Mora moderada,0,1,34,0.6666666666666666,2,26,M,3,Universitario,Empleado,1680000.0,550.0,Campaña digital,False,1,Android,0,0,14,142,6,2,1,0,3,1,0,1.0,0.0,176.0,0.5
CR000830,CL00754,2025-10-25,Crédito consumo digital,450000,9,0.0376,60000,Aliado,900,0.0233,Automática,Activo,0,0,0,1.0,0,47,F,3,Sin información,Independiente,2370000.0,629.0,Campaña digital,True,0,Android,0,0,15,675,2,2,3,1,3,1,2,0.6,0.2,114.2,1.5
CR000831,CL00754,2025-11-26,Crédito consumo digital,2050000,12,0.0217,196000,App,867,0.0763,Automática,Activo,0,0,21,0.8,1,47,F,3,Sin información,Independiente,2370000.0,629.0,Campaña digital,True,0,Android,0,0,15,675,2,2,3,1,3,1,2,0.6,0.2,114.2,1.5
CR000832,CL00755,2024-07-03,Crédito consumo digital,1200000,12,0.0204,114000,App,808,0.0481,Automática,Finalizado,0,0,0,1.0,0,27,F,3,Universitario,Comerciante,2370000.0,656.0,App orgánico,True,0,Android,0,0,8,1117,2,1,1,0,2,0,2,0.625,0.125,165.875,1.0
CR000833,CL00757,2025-02-27,Avance de nómina,1450000,3,0.0309,514000,App,886,0.1736,Automática,Finalizado,0,0,14,0.6666666666666666,1,41,F,2,Bachiller,Empleado,2960000.0,663.0,Referido,True,0,iOS,0,0,7,482,2,1,1,0,1,1,1,0.5714285714285714,0.2857142857142857,99.71428571428571,1.0
CR000834,CL00758,2025-05-01,Microcrédito,3900000,3,0.04,1405000,Web,836,0.4145,Manual,Finalizado,0,0,0,1.0,0,38,M,2,Sin información,Empleado,3390000.0,633.0,App orgánico,False,0,Android,0,0,7,563,2,1,1,1,1,1,0,0.8571428571428571,0.0,141.0,1.0
CR000835,CL00759,2024-09-10,Crédito libre inversión,5650000,12,0.0283,562000,Aliado,888,0.188,Automática,Finalizado,0,0,0,1.0,0,27,M,3,Bachiller,Empleado,2990000.0,575.0,Aliado comercial,True,0,Android,0,0,5,137,3,0,0,0,1,0,0,0.8,0.2,194.6,0.0
CR000836,CL00761,2025-12-31,Desconocido,4850000,9,0.0235,604000,App,900,0.1581,Automática,Activo,0,0,0,1.0,0,30,F,2,Universitario,Empleado,3820000.0,562.0,Campaña digital,True,3,Android,0,0,9,426,2,2,1,0,4,0,0,0.7777777777777778,0.2222222222222222,137.33333333333334,0.5
CR000837,CL00762,2025-11-26,Crédito consumo digital,2050000,9,0.0258,258000,App,807,0.0711,Automática,Activo,0,0,0,1.0,0,37,M,2,Bachiller,Comerciante,3630000.0,532.0,App orgánico,True,2,iOS,0,0,18,290,3,5,3,0,6,1,0,0.7777777777777778,0.2222222222222222,147.72222222222223,0.6
CR000838,CL00762,2025-08-03,Microcrédito,3050000,12,0.0395,324000,App,840,0.0893,Automática,Mora severa,0,1,117,0.6666666666666666,2,37,M,2,Bachiller,Comerciante,3630000.0,532.0,App orgánico,True,2,iOS,0,0,18,290,3,5,3,0,6,1,0,0.7777777777777778,0.2222222222222222,147.72222222222223,0.6
CR000840,CL00764,2025-12-05,Crédito consumo digital,2350000,3,0.0346,838000,App,841,0.2951,Automática,Mora moderada,0,1,31,0.6666666666666666,1,35,F,2,Bachiller,Independiente,2840000.0,587.0,Campaña digital,False,1,Android,0,0,25,313,11,4,2,0,4,0,1,0.72,0.24,150.4,0.5
CR000841,CL00764,2025-10-26,Crédito consumo digital,1000000,6,0.0381,190000,Web,813,0.0669,Automática,Finalizado,0,0,5,0.8333333333333334,1,35,F,2,Bachiller,Independiente,2840000.0,587.0,Campaña digital,False,1,Android,0,0,25,313,11,4,2,0,4,0,1,0.72,0.24,150.4,0.5
CR000842,CL00765,2025-08-27,Avance de nómina,450000,6,0.0184,80000,App,783,0.0449,Automática,Mora moderada,0,1,34,0.6666666666666666,2,47,M,2,Universitario,Conductor/Repartidor,1780000.0,525.0,Campaña digital,False,2,Android,0,0,9,628,3,2,1,0,0,0,3,0.6666666666666666,0.0,126.22222222222223,0.5
CR000843,CL00766,2024-02-20,Crédito consumo digital,750000,3,0.0247,262000,App,894,0.1489,Automática,Finalizado,0,0,0,1.0,0,29,F,2,Bachiller,Empleado,1760000.0,644.0,Call center,True,0,Android,0,0,8,595,2,2,0,0,2,0,2,0.625,0.125,123.375,0.0
CR000844,CL00767,2025-07-11,Crédito libre inversión,1550000,6,0.0211,278000,App,831,0.123,Automática,Mora moderada,0,1,49,0.6666666666666666,2,36,F,4,Sin información,Comerciante,2260000.0,566.0,Aliado comercial,False,2,iOS,0,0,13,455,2,3,1,2,0,3,1,0.7692307692307693,0.0,132.07692307692307,0.3333333333333333
CR000845,CL00767,2025-02-22,Crédito libre inversión,5050000,6,0.0277,925000,Aliado,743,0.4093,Manual,Mora severa,0,1,76,0.5,3,36,F,4,Sin información,Comerciante,2260000.0,566.0,Aliado comercial,False,2,iOS,0,0,13,455,2,3,1,2,0,3,1,0.7692307692307693,0.0,132.07692307692307,0.3333333333333333
CR000846,CL00768,2024-01-30,Crédito consumo digital,2100000,9,0.0213,259000,App,900,0.0649,Automática,Finalizado,0,0,0,1.0,0,54,F,2,Técnico/Tecnólogo,Empleado,3990000.0,721.0,App orgánico,True,2,Web,0,0,13,828,5,1,2,0,3,2,0,1.0,0.0,195.84615384615384,2.0
CR000847,CL00768,2025-03-09,Crédito consumo digital,2650000,3,0.0283,934000,Web,900,0.2341,Automática,Finalizado,0,0,0,1.0,0,54,F,2,Técnico/Tecnólogo,Empleado,3990000.0,721.0,App orgánico,True,2,Web,0,0,13,828,5,1,2,0,3,2,0,1.0,0.0,195.84615384615384,2.0
CR000848,CL00769,2025-04-19,Crédito consumo digital,600000,6,0.0382,114000,Aliado,726,0.0974,Automática,Mora severa,0,1,80,0.3333333333333333,4,30,M,2,Bachiller,Conductor/Repartidor,1170000.0,401.0,Aliado comercial,False,0,Android,0,0,3,515,0,1,0,0,1,0,0,1.0,0.0,159.33333333333334,0.0
CR000849,CL00770,2024-07-22,Crédito consumo digital,1250000,12,0.0356,130000,Aliado,788,0.061,Automática,Mora severa,0,1,61,0.6666666666666666,2,54,F,3,Bachiller,Conductor/Repartidor,2130000.0,525.0,Aliado comercial,False,1,Android,0,0,11,733,2,2,2,0,2,0,1,0.9090909090909091,0.0,210.8181818181818,1.0
CR000850,CL00773,2025-11-25,Crédito consumo digital,650000,3,0.0316,231000,Web,868,0.106,Automática,Finalizado,0,0,0,1.0,0,42,F,4,Bachiller,Independiente,2180000.0,625.0,Aliado comercial,False,1,Android,0,0,14,197,5,4,1,0,3,0,1,0.8571428571428571,0.07142857142857142,180.14285714285714,0.25
CR000851,CL00774,2026-01-11,Crédito consumo digital,1350000,18,0.029,97000,App,726,0.0634,Automática,Activo,0,0,0,0.75,0,46,M,4,Universitario,Desempleado,1530000.0,519.0,Aliado comercial,False,0,Web,0,0,10,120,2,1,2,0,4,0,0,0.9,0.1,255.3,2.0
CR000852,CL00775,2025-08-29,Crédito consumo digital,800000,6,0.0208,143000,App,701,0.1723,Automática,Mora severa,0,1,86,0.6666666666666666,2,42,M,3,Universitario,Estudiante,830000.0,450.0,Call center,True,0,Android,0,0,18,176,7,1,2,0,5,0,2,0.6111111111111112,0.2777777777777778,125.27777777777777,2.0
CR000853,CL00775,2026-01-13,Crédito consumo digital,500000,9,0.0274,63000,App,655,0.0759,Automática,Activo,0,0,2,0.5,1,42,M,3,Universitario,Estudiante,830000.0,450.0,Call center,True,0,Android,0,0,18,176,7,1,2,0,5,0,2,0.6111111111111112,0.2777777777777778,125.27777777777777,2.0
CR000854,CL00776,2025-01-17,Crédito consumo digital,1450000,6,0.0385,275000,App,834,0.118,Automática,Finalizado,0,0,14,0.8333333333333334,1,20,F,3,Técnico/Tecnólogo,Microempresario,2330000.0,566.0,Referido,False,1,Android,0,0,9,693,4,0,1,0,3,0,1,0.8888888888888888,0.0,192.44444444444446,0.0
CR000855,CL00777,2024-08-24,Crédito consumo digital,2150000,9,0.031,277000,Web,851,0.0737,Automática,Finalizado,0,0,16,0.8333333333333334,1,29,M,1,Posgrado,Empleado,3760000.0,694.0,Campaña digital,False,4,Android,0,0,11,590,2,0,2,0,2,2,3,0.7272727272727273,0.0,126.9090909090909,0.0
CR000856,CL00777,2025-01-03,Microcrédito,2200000,24,0.0449,152000,Web,827,0.0404,Automática,Activo,0,0,0,1.0,0,29,M,1,Posgrado,Empleado,3760000.0,694.0,Campaña digital,False,4,Android,0,0,11,590,2,0,2,0,2,2,3,0.7272727272727273,0.0,126.9090909090909,0.0
CR000858,CL00780,2025-12-04,Crédito consumo digital,800000,6,0.025,145000,App,816,0.0924,Automática,Activo,0,0,12,0.6,1,42,M,1,Bachiller,Comerciante,1570000.0,580.0,Aliado comercial,True,1,iOS,0,0,7,106,3,0,1,1,2,0,0,0.8571428571428571,0.0,195.42857142857142,0.0
CR000859,CL00781,2025-08-20,Microcrédito,2550000,9,0.0363,337000,App,839,0.1311,Automática,Mora moderada,0,1,57,0.6666666666666666,2,38,F,1,Sin información,Independiente,-1.0,507.0,App orgánico,True,2,Android,0,0,21,475,5,4,2,0,3,3,2,0.8095238095238095,0.09523809523809523,122.85714285714286,0.5
CR000860,CL00781,2025-09-22,Crédito libre inversión,2700000,3,0.0178,932000,App,747,0.3626,Manual,Mora moderada,0,1,44,0.3333333333333333,2,38,F,1,Sin información,Independiente,-1.0,507.0,App orgánico,True,2,Android,0,0,21,475,5,4,2,0,3,3,2,0.8095238095238095,0.09523809523809523,122.85714285714286,0.5
CR000861,CL00781,2026-01-07,Crédito consumo digital,750000,6,0.0357,141000,Aliado,771,0.0549,Automática,Mora moderada,0,1,50,0.25,2,38,F,1,Sin información,Independiente,-1.0,507.0,App orgánico,True,2,Android,0,0,21,475,5,4,2,0,3,3,2,0.8095238095238095,0.09523809523809523,122.85714285714286,0.5
CR000862,CL00782,2025-01-06,Microcrédito,1650000,6,0.0364,311000,Aliado,834,0.121,Automática,Mora moderada,0,1,42,0.5,3,23,M,3,Universitario,Independiente,2370000.0,568.0,Referido,False,2,Android,0,0,6,699,2,0,0,2,1,0,0,0.5,0.16666666666666666,155.33333333333334,0.0
CR000864,CL00786,2025-11-15,Crédito consumo digital,3550000,6,0.0206,635000,Web,852,0.1835,Automática,Activo,0,0,0,0.8333333333333334,0,47,F,4,Bachiller,Comerciante,3460000.0,674.0,App orgánico,True,0,Android,0,0,8,579,2,0,1,0,2,1,1,0.875,0.0,120.25,0.0
CR000865,CL00788,2023-06-29,Crédito libre inversión,5750000,12,0.0211,548000,Web,829,0.1734,Automática,Finalizado,0,0,0,1.0,0,41,M,3,Técnico/Tecnólogo,Empleado,3160000.0,649.0,Referido,True,1,iOS,0,0,29,1059,9,7,1,1,6,1,4,0.7931034482758621,0.034482758620689655,142.20689655172413,0.14285714285714285
CR000866,CL00788,2024-01-24,Microcrédito,2750000,6,0.0344,515000,Web,900,0.163,Automática,Finalizado,0,0,11,0.8333333333333334,1,41,M,3,Técnico/Tecnólogo,Empleado,3160000.0,649.0,Referido,True,1,iOS,0,0,29,1059,9,7,1,1,6,1,4,0.7931034482758621,0.034482758620689655,142.20689655172413,0.14285714285714285
CR000867,CL00788,2024-11-10,Avance de nómina,650000,9,0.0265,82000,Web,859,0.0259,Automática,Finalizado,0,0,0,1.0,0,41,M,3,Técnico/Tecnólogo,Empleado,3160000.0,649.0,Referido,True,1,iOS,0,0,29,1059,9,7,1,1,6,1,4,0.7931034482758621,0.034482758620689655,142.20689655172413,0.14285714285714285
CR000868,CL00789,2025-07-07,Crédito consumo digital,3000000,6,0.0304,555000,App,892,0.2238,Automática,Finalizado,0,0,26,0.6666666666666666,2,35,M,2,Técnico/Tecnólogo,Microempresario,2480000.0,627.0,Campaña digital,False,1,iOS,0,0,22,714,2,5,2,0,5,1,2,0.8181818181818182,0.09090909090909091,165.04545454545453,0.4
CR000869,CL00789,2026-01-27,Crédito consumo digital,1200000,12,0.0383,127000,App,889,0.0512,Automática,Activo,0,0,0,1.0,0,35,M,2,Técnico/Tecnólogo,Microempresario,2480000.0,627.0,Campaña digital,False,1,iOS,0,0,22,714,2,5,2,0,5,1,2,0.8181818181818182,0.09090909090909091,165.04545454545453,0.4
CR000870,CL00789,2025-12-30,Crédito libre inversión,3600000,3,0.0321,1278000,Web,829,0.5153,Manual,Finalizado,0,0,23,0.6666666666666666,1,35,M,2,Técnico/Tecnólogo,Microempresario,2480000.0,627.0,Campaña digital,False,1,iOS,0,0,22,714,2,5,2,0,5,1,2,0.8181818181818182,0.09090909090909091,165.04545454545453,0.4
CR000871,CL00790,2024-06-04,Crédito consumo digital,3100000,18,0.0298,225000,Web,819,0.0563,Automática,Mora severa,0,1,117,0.8333333333333334,1,19,F,4,Posgrado,Independiente,4000000.0,564.0,Aliado comercial,True,2,Android,0,0,7,726,2,1,0,0,0,1,1,0.8571428571428571,0.0,150.0,0.0
CR000872,CL00791,2025-12-16,Crédito consumo digital,400000,6,0.0208,72000,Aliado,780,0.0439,Automática,Activo,0,0,0,1.0,0,40,M,2,Universitario,Conductor/Repartidor,1640000.0,450.0,App orgánico,False,0,Web,0,0,8,219,0,2,5,0,0,1,0,0.875,0.125,146.0,2.5
CR000873,CL00792,2025-04-19,Crédito consumo digital,1250000,24,0.0328,76000,App,900,0.0226,Automática,Activo,0,0,0,1.0,0,38,M,2,Posgrado,Empleado,3360000.0,574.0,App orgánico,False,3,Android,0,0,8,444,1,1,1,0,2,1,1,0.75,0.125,98.875,1.0
CR000874,CL00793,2025-11-05,Crédito consumo digital,2900000,6,0.0352,545000,Aliado,900,0.1359,Automática,Activo,0,0,0,0.8333333333333334,0,39,M,3,Universitario,Empleado,4010000.0,794.0,Call center,True,2,iOS,0,0,13,568,6,1,2,0,3,0,1,0.8461538461538461,0.07692307692307693,173.15384615384616,2.0
CR000875,CL00794,2025-06-11,Crédito consumo digital,3900000,9,0.0335,509000,Aliado,898,0.1018,Automática,Mora severa,0,1,116,0.6666666666666666,2,23,M,2,Técnico/Tecnólogo,Empleado,5000000.0,670.0,Campaña digital,True,0,iOS,0,0,6,555,1,0,0,0,3,0,2,0.6666666666666666,0.0,152.66666666666666,0.0
CR000876,CL00795,2026-02-05,Crédito consumo digital,2150000,24,0.0228,117000,App,843,0.043,Automática,Activo,0,0,0,0.6666666666666666,0,25,M,4,Técnico/Tecnólogo,Empleado,2720000.0,521.0,Campaña digital,True,1,Android,0,0,11,589,5,0,2,0,3,0,1,0.9090909090909091,0.0,161.0909090909091,0.0
CR000877,CL00796,2025-07-07,Crédito consumo digital,1100000,6,0.0321,205000,App,756,0.0798,Automática,Finalizado,0,0,0,1.0,0,47,M,1,Bachiller,Empleado,2950000.0,507.0,Campaña digital,False,0,iOS,0,0,8,256,2,1,0,0,1,0,2,0.5,0.25,157.25,0.0
CR000878,CL00798,2025-02-23,Crédito consumo digital,1300000,18,0.0213,88000,App,900,0.0553,Automática,Activo,0,0,28,0.8333333333333334,1,43,M,2,Posgrado,Independiente,1590000.0,548.0,Call center,False,0,Android,0,0,8,490,1,1,2,0,2,2,0,0.625,0.375,170.375,2.0
CR000879,CL00799,2025-04-17,Crédito consumo digital,750000,6,0.0373,142000,App,876,0.0714,Automática,Finalizado,0,0,0,1.0,0,36,M,4,Bachiller,Pensionado,1990000.0,577.0,Referido,False,0,iOS,0,0,15,686,5,4,1,1,4,0,0,0.7333333333333333,0.2,141.2,0.25
CR000880,CL00799,2025-08-18,Crédito consumo digital,1300000,9,0.0216,161000,App,776,0.0809,Automática,Activo,0,0,0,1.0,0,36,M,4,Bachiller,Pensionado,1990000.0,577.0,Referido,False,0,iOS,0,0,15,686,5,4,1,1,4,0,0,0.7333333333333333,0.2,141.2,0.25
CR000881,CL00801,2025-03-10,Crédito consumo digital,250000,9,0.0388,33000,App,767,0.0413,Automática,Finalizado,0,0,0,1.0,0,45,M,1,Universitario,Pensionado,800000.0,489.0,Campaña digital,True,0,iOS,0,0,15,1016,3,1,4,0,4,0,3,0.8,0.0,194.4,4.0
CR000882,CL00801,2025-10-11,Crédito consumo digital,900000,3,0.0383,323000,App,732,0.4037,Manual,Finalizado,0,0,5,0.3333333333333333,2,45,M,1,Universitario,Pensionado,800000.0,489.0,Campaña digital,True,0,iOS,0,0,15,1016,3,1,4,0,4,0,3,0.8,0.0,194.4,4.0
CR000883,CL00801,2023-09-10,Crédito libre inversión,1650000,6,0.0295,304000,Aliado,744,0.38,Manual,Mora moderada,0,1,35,0.5,3,45,M,1,Universitario,Pensionado,800000.0,489.0,Campaña digital,True,0,iOS,0,0,15,1016,3,1,4,0,4,0,3,0.8,0.0,194.4,4.0
CR000884,CL00802,2025-07-13,Microcrédito,2100000,9,0.0274,266000,Call center,821,0.1209,Automática,Mora severa,0,1,86,0.8333333333333334,1,31,M,2,Bachiller,Empleado,2200000.0,578.0,Campaña digital,False,0,Android,0,0,16,756,4,3,3,1,2,1,2,0.6875,0.125,156.375,1.0
CR000885,CL00802,2023-12-15,Microcrédito,1450000,3,0.0441,527000,Web,748,0.2395,Automática,Finalizado,0,0,27,0.6666666666666666,1,31,M,2,Bachiller,Empleado,2200000.0,578.0,Campaña digital,False,0,Android,0,0,16,756,4,3,3,1,2,1,2,0.6875,0.125,156.375,1.0
CR000886,CL00803,2025-06-20,Crédito libre inversión,850000,3,0.0316,301000,Web,684,0.2467,Automática,Finalizado,0,0,23,0.6666666666666666,1,17,F,3,Bachiller,Pensionado,1220000.0,452.0,Campaña digital,False,2,Android,0,1,9,254,2,1,1,0,2,1,1,0.6666666666666666,0.2222222222222222,132.0,1.0
CR000888,CL00806,2025-03-21,Crédito consumo digital,1250000,9,0.0226,155000,Aliado,900,0.0518,Automática,Finalizado,0,0,27,0.8333333333333334,1,33,F,5,Técnico/Tecnólogo,Independiente,2990000.0,687.0,App orgánico,False,0,Android,0,0,9,673,3,0,3,1,1,0,0,0.8888888888888888,0.0,155.66666666666666,0.0
CR000889,CL00806,2025-10-20,Avance de nómina,1400000,24,0.0258,79000,Call center,900,0.0264,Automática,Activo,0,0,0,1.0,0,33,F,5,Técnico/Tecnólogo,Independiente,2990000.0,687.0,App orgánico,False,0,Android,0,0,9,673,3,0,3,1,1,0,0,0.8888888888888888,0.0,155.66666666666666,0.0
CR000890,CL00807,2024-12-30,Avance de nómina,2250000,18,0.0237,155000,Web,900,0.0341,Automática,Activo,0,0,0,1.0,0,38,M,4,Bachiller,Empleado,4540000.0,588.0,App orgánico,False,0,Android,0,0,14,595,2,2,1,1,4,2,1,0.7857142857142857,0.07142857142857142,154.64285714285714,0.5
CR000892,CL00808,2023-10-28,Microcrédito,3000000,6,0.0334,560000,App,822,0.1497,Automática,Finalizado,0,0,17,0.6666666666666666,2,31,F,3,Técnico/Tecnólogo,Empleado,3740000.0,567.0,Campaña digital,False,0,Android,0,0,13,772,6,2,1,2,1,0,1,0.6153846153846154,0.15384615384615385,133.15384615384616,0.5
CR000893,CL00808,2023-08-24,Crédito consumo digital,3750000,3,0.0256,1315000,App,858,0.3516,Manual,Mora severa,0,1,85,0.3333333333333333,2,31,F,3,Técnico/Tecnólogo,Empleado,3740000.0,567.0,Campaña digital,False,0,Android,0,0,13,772,6,2,1,2,1,0,1,0.6153846153846154,0.15384615384615385,133.15384615384616,0.5
CR000894,CL00809,2023-12-22,Avance de nómina,2200000,6,0.0206,394000,Aliado,900,0.0966,Automática,Finalizado,0,0,0,1.0,0,49,M,3,Bachiller,Empleado,4080000.0,605.0,Referido,False,3,Android,0,0,16,858,6,1,2,0,3,0,1,0.8125,0.125,208.0625,2.0
CR000895,CL00809,2023-12-26,Crédito consumo digital,1650000,6,0.0223,297000,Web,854,0.0728,Automática,Finalizado,0,0,0,1.0,0,49,M,3,Bachiller,Empleado,4080000.0,605.0,Referido,False,3,Android,0,0,16,858,6,1,2,0,3,0,1,0.8125,0.125,208.0625,2.0
CR000896,CL00811,2025-07-09,Crédito libre inversión,10600000,12,0.0214,1011000,Web,862,0.2824,Automática,Mora moderada,0,0,0,1.0,0,34,F,4,Bachiller,Independiente,3580000.0,616.0,Campaña digital,True,2,Android,0,0,10,360,4,1,2,1,1,0,0,0.9,0.0,113.9,2.0
CR000897,CL00812,2025-08-03,Crédito libre inversión,600000,24,0.0337,37000,App,795,0.0285,Automática,Mora moderada,0,1,37,0.6666666666666666,2,82,M,2,Universitario,Independiente,1300000.0,555.0,App orgánico,False,1,Android,0,1,12,359,4,1,0,0,2,1,2,0.8333333333333334,0.0,226.08333333333334,0.0
CR000898,CL00813,2025-10-13,Crédito consumo digital,2250000,6,0.0223,405000,App,900,0.1015,Automática,Mora moderada,0,1,58,0.8333333333333334,1,50,M,3,Universitario,Independiente,3990000.0,698.0,App orgánico,False,1,iOS,0,0,6,156,3,0,0,0,2,1,0,0.8333333333333334,0.16666666666666666,117.33333333333333,0.0
CR000899,CL00814,2025-05-31,Crédito consumo digital,1550000,9,0.0292,198000,App,820,0.1048,Automática,Mora moderada,0,1,32,0.6666666666666666,2,38,M,3,Técnico/Tecnólogo,Comerciante,1890000.0,476.0,App orgánico,True,4,Android,0,0,6,292,2,0,0,1,2,0,0,0.3333333333333333,0.5,199.5,0.0
CR000900,CL00815,2024-11-06,Crédito consumo digital,2150000,6,0.0236,389000,App,897,0.1063,Automática,Finalizado,0,0,0,1.0,0,46,F,3,Posgrado,Independiente,3660000.0,685.0,App orgánico,True,0,Android,0,0,5,888,1,1,0,0,1,1,0,1.0,0.0,111.2,0.0
CR000901,CL00816,2026-02-12,Crédito consumo digital,700000,6,0.0279,128000,App,877,0.0601,Automática,Activo,0,0,0,0.6666666666666666,0,21,M,3,Bachiller,Conductor/Repartidor,2130000.0,616.0,Aliado comercial,False,3,iOS,0,0,10,520,4,0,1,1,2,1,1,0.6,0.2,102.5,0.0
CR000902,CL00817,2025-09-11,Crédito consumo digital,1100000,18,0.0258,77000,App,852,0.0399,Automática,Activo,0,0,15,0.8333333333333334,1,17,F,3,Técnico/Tecnólogo,Empleado,1930000.0,559.0,Referido,False,1,iOS,0,1,15,960,6,2,4,0,1,1,1,0.8666666666666667,0.06666666666666667,165.2,2.0
CR000903,CL00818,2023-10-03,Crédito libre inversión,2050000,12,0.0226,197000,App,803,0.0929,Automática,Mora moderada,0,0,19,0.8333333333333334,1,45,F,3,Posgrado,Independiente,2120000.0,522.0,Referido,False,3,Android,0,0,13,958,4,1,1,1,4,2,0,0.6923076923076923,0.23076923076923078,141.15384615384616,1.0
CR000904,CL00819,2025-10-25,Microcrédito,2200000,9,0.0334,287000,Aliado,807,0.1134,Automática,Activo,0,0,0,1.0,0,37,M,3,Bachiller,Empleado,2530000.0,609.0,Campaña digital,True,0,iOS,0,0,10,495,2,1,3,1,1,1,1,0.8,0.0,161.2,3.0
CR000905,CL00822,2025-07-27,Crédito libre inversión,2200000,6,0.0264,401000,App,900,0.156,Automática,Finalizado,0,0,0,1.0,0,50,M,3,Bachiller,Independiente,2370000.0,625.0,Campaña digital,True,0,Android,0,0,18,888,7,5,2,2,1,0,1,0.7222222222222222,0.1111111111111111,129.66666666666666,0.4
CR000906,CL00822,2025-01-29,Crédito consumo digital,1400000,3,0.0234,489000,App,839,0.1903,Automática,Finalizado,0,0,0,1.0,0,50,M,3,Bachiller,Independiente,2370000.0,625.0,Campaña digital,True,0,Android,0,0,18,888,7,5,2,2,1,0,1,0.7222222222222222,0.1111111111111111,129.66666666666666,0.4
CR000909,CL00825,2025-09-01,Crédito libre inversión,1600000,6,0.0183,284000,Web,816,0.115,Automática,Mora moderada,0,0,30,0.6666666666666666,2,32,F,3,Posgrado,Empleado,2470000.0,514.0,App orgánico,False,0,Android,0,0,7,456,4,1,0,0,0,1,1,0.7142857142857143,0.14285714285714285,208.57142857142858,0.0
CR000911,CL00827,2026-02-08,Crédito consumo digital,4100000,12,0.0332,420000,App,900,0.1029,Automática,Activo,0,0,0,0.6666666666666666,0,52,F,2,Bachiller,Empleado,4080000.0,777.0,Call center,False,2,Android,0,0,18,516,4,2,3,1,4,1,2,0.8333333333333334,0.0,182.16666666666666,1.5
CR000912,CL00828,2024-11-13,Crédito consumo digital,1500000,6,0.12,284000,App,896,0.1048,Automática,Mora severa,1,1,100,0.8333333333333334,1,31,F,4,Universitario,Independiente,2710000.0,494.0,Aliado comercial,False,2,Web,0,0,13,807,6,0,0,0,1,2,4,0.46153846153846156,0.23076923076923078,144.69230769230768,0.0
CR000913,CL00829,2025-09-19,Avance de nómina,250000,9,0.0256,31000,App,780,0.0193,Automática,Activo,0,0,0,1.0,0,32,F,2,Bachiller,Pensionado,1610000.0,451.0,App orgánico,False,2,Android,0,0,24,820,7,3,3,1,6,2,2,0.75,0.125,129.58333333333334,1.0
CR000914,CL00829,2024-06-06,Crédito libre inversión,3000000,6,0.018,532000,Web,619,0.3304,Manual,Mora moderada,0,1,46,0.5,3,32,F,2,Bachiller,Pensionado,1610000.0,451.0,App orgánico,False,2,Android,0,0,24,820,7,3,3,1,6,2,2,0.75,0.125,129.58333333333334,1.0
CR000915,CL00829,2025-02-17,Crédito consumo digital,1200000,3,0.0328,427000,App,740,0.2652,Automática,Finalizado,0,0,4,0.6666666666666666,1,32,F,2,Bachiller,Pensionado,1610000.0,451.0,App orgánico,False,2,Android,0,0,24,820,7,3,3,1,6,2,2,0.75,0.125,129.58333333333334,1.0
CR000916,CL00830,2026-02-01,Crédito consumo digital,750000,9,0.03,96000,Web,780,0.05,Automática,Activo,0,0,0,0.6666666666666666,0,33,M,2,Posgrado,Empleado,1920000.0,376.0,Campaña digital,True,0,iOS,0,0,9,668,2,2,2,0,0,1,1,0.7777777777777778,0.1111111111111111,221.77777777777777,1.0
CR000917,CL00831,2025-07-02,Crédito libre inversión,6000000,9,0.0273,761000,Aliado,898,0.187,Automática,Finalizado,0,0,18,0.8333333333333334,1,23,F,1,Bachiller,Empleado,4070000.0,586.0,App orgánico,False,0,iOS,0,0,12,988,4,4,0,1,1,0,0,0.5833333333333334,0.3333333333333333,213.91666666666666,0.0
CR000918,CL00832,2024-10-19,Crédito consumo digital,3500000,6,0.0211,627000,Web,810,0.2076,Automática,Finalizado,0,0,3,0.8333333333333334,1,27,F,3,Técnico/Tecnólogo,Microempresario,3020000.0,605.0,App orgánico,False,3,Android,0,0,8,816,2,3,0,0,2,0,1,0.625,0.25,145.75,0.0
CR000920,CL00834,2026-02-08,Crédito consumo digital,1650000,12,0.028,164000,Aliado,835,1.8,Automática,Activo,0,0,29,0.0,2,28,M,2,Técnico/Tecnólogo,Independiente,2500000.0,559.0,Referido,False,0,Android,0,0,17,105,4,4,3,2,4,0,0,0.8235294117647058,0.058823529411764705,151.05882352941177,0.75
CR000921,CL00835,2025-07-20,Crédito libre inversión,2150000,18,0.0263,151000,Aliado,890,0.0637,Automática,Mora moderada,0,1,40,0.8333333333333334,1,36,M,3,Sin información,Independiente,2370000.0,576.0,Aliado comercial,False,2,Android,0,0,16,589,6,2,4,0,2,0,2,0.625,0.25,167.375,2.0
CR000922,CL00835,2025-07-08,Microcrédito,1900000,9,0.0282,242000,Aliado,885,0.1021,Automática,Finalizado,0,0,6,0.8333333333333334,1,36,M,3,Sin información,Independiente,2370000.0,576.0,Aliado comercial,False,2,Android,0,0,16,589,6,2,4,0,2,0,2,0.625,0.25,167.375,2.0
CR000923,CL00837,2025-03-07,Microcrédito,2400000,6,0.0427,462000,Web,889,0.211,Automática,Mora moderada,0,1,52,0.8333333333333334,1,52,F,2,Bachiller,Independiente,2190000.0,589.0,App orgánico,False,2,iOS,0,0,12,400,3,3,0,0,4,1,1,0.9166666666666666,0.0,148.66666666666666,0.0
CR000924,CL00838,2024-07-15,Crédito consumo digital,1400000,6,0.0205,250000,Call center,780,0.098,Automática,Mora moderada,0,1,33,0.6666666666666666,2,26,F,2,Bachiller,Conductor/Repartidor,2550000.0,517.0,App orgánico,False,2,Android,0,0,8,744,3,0,0,0,2,2,0,0.875,0.125,157.125,0.0
CR000925,CL00839,2025-01-28,Crédito libre inversión,3450000,6,0.0231,622000,Web,765,0.2603,Automática,Finalizado,0,0,6,0.8333333333333334,1,46,M,4,Sin información,Empleado,2390000.0,610.0,Aliado comercial,True,0,Android,0,0,10,735,2,1,1,0,4,0,2,0.7,0.1,198.3,1.0
CR000926,CL00840,2025-10-08,Avance de nómina,700000,18,0.0257,49000,App,900,0.0196,Automática,Activo,0,0,6,0.8333333333333334,1,34,M,2,Bachiller,Empleado,2500000.0,517.0,Aliado comercial,True,0,Android,0,0,9,265,2,2,0,1,3,0,1,0.7777777777777778,0.0,219.77777777777777,0.0
CR000927,CL00841,2025-10-06,Crédito consumo digital,2550000,6,0.0385,484000,App,900,0.072,Automática,Finalizado,0,0,0,1.0,0,36,F,6,Bachiller,Empleado,6720000.0,841.0,App orgánico,True,0,Android,0,0,7,110,2,0,1,0,1,0,1,0.5714285714285714,0.2857142857142857,173.71428571428572,0.0
CR000928,CL00842,2025-05-13,Crédito consumo digital,800000,12,0.0223,77000,App,881,0.03,Automática,Activo,0,0,0,1.0,0,43,M,4,Técnico/Tecnólogo,Independiente,2370000.0,565.0,App orgánico,False,1,Android,0,0,18,599,7,1,2,0,3,1,3,0.8333333333333334,0.0,205.0,2.0
CR000929,CL00842,2025-08-09,Crédito consumo digital,1400000,9,0.0311,181000,Call center,833,0.0704,Automática,Activo,0,0,0,1.0,0,43,M,4,Técnico/Tecnólogo,Independiente,2370000.0,565.0,App orgánico,False,1,Android,0,0,18,599,7,1,2,0,3,1,3,0.8333333333333334,0.0,205.0,2.0
CR000930,CL00843,2025-10-20,Crédito consumo digital,1150000,3,0.0365,412000,Aliado,715,0.1981,Automática,Finalizado,0,0,0,1.0,0,25,F,2,Sin información,Empleado,2080000.0,528.0,App orgánico,True,0,iOS,0,0,12,354,4,4,0,0,3,0,0,0.8333333333333334,0.16666666666666666,190.08333333333334,0.0
CR000932,CL00846,2026-02-03,Crédito consumo digital,800000,3,0.0366,286000,App,854,0.1799,Automática,Activo,0,0,0,0.6666666666666666,0,41,F,2,Bachiller,Empleado,1590000.0,588.0,Call center,False,1,Android,0,0,5,250,0,1,0,0,1,2,0,1.0,0.0,229.2,0.0
CR000933,CL00847,2025-08-11,Crédito libre inversión,3050000,24,0.032,184000,App,791,0.0716,Automática,Mora severa,0,1,64,0.8333333333333334,1,39,F,2,Técnico/Tecnólogo,Comerciante,2640000.0,553.0,App orgánico,False,4,Android,0,0,11,400,6,1,1,1,1,1,0,0.9090909090909091,0.0,159.36363636363637,1.0
CR000934,CL00848,2025-06-18,Microcrédito,2150000,12,0.029,215000,Call center,874,0.0837,Automática,Mora moderada,0,0,0,1.0,0,61,F,4,Universitario,Empleado,2950000.0,681.0,Referido,False,0,Android,0,0,12,892,4,2,1,0,2,1,2,0.6666666666666666,0.16666666666666666,172.75,0.5
CR000935,CL00848,2025-06-30,Avance de nómina,450000,3,0.0296,159000,App,851,0.0619,Automática,Finalizado,0,0,0,1.0,0,61,F,4,Universitario,Empleado,2950000.0,681.0,Referido,False,0,Android,0,0,12,892,4,2,1,0,2,1,2,0.6666666666666666,0.16666666666666666,172.75,0.5
CR000936,CL00849,2026-01-29,Crédito libre inversión,1200000,3,0.0333,427000,Aliado,835,0.1959,Automática,Finalizado,0,0,6,0.6666666666666666,1,30,M,3,Técnico/Tecnólogo,Independiente,2180000.0,537.0,Referido,False,0,Android,0,0,11,205,1,0,0,0,5,2,3,0.6363636363636364,0.09090909090909091,152.72727272727272,0.0
CR000937,CL00850,2025-05-12,Crédito consumo digital,3450000,6,0.0207,617000,Aliado,804,0.2036,Automática,Finalizado,0,0,25,0.6666666666666666,2,31,F,3,Universitario,Empleado,3030000.0,590.0,Aliado comercial,False,0,Android,0,0,10,146,3,0,3,0,2,0,1,0.6,0.3,207.6,0.0
CR000938,CL00851,2025-06-02,Microcrédito,1550000,6,0.0338,290000,App,826,0.1062,Automática,Mora moderada,0,1,38,0.8333333333333334,1,30,F,2,Sin información,Empleado,2730000.0,513.0,Campaña digital,True,0,Android,0,0,12,973,4,1,1,0,3,0,2,0.75,0.08333333333333333,237.0,1.0
CR000939,CL00852,2025-12-15,Crédito libre inversión,14550000,3,0.0182,5028000,App,900,0.6573,Excepción,Finalizado,0,0,0,1.0,0,30,F,5,Bachiller,Empleado,7650000.0,821.0,Referido,True,0,Android,0,0,12,309,6,3,1,0,1,0,0,0.9166666666666666,0.08333333333333333,243.33333333333334,0.3333333333333333
CR000940,CL00853,2025-07-12,Crédito consumo digital,750000,6,0.0207,134000,App,824,0.0709,Automática,Finalizado,0,0,23,0.6666666666666666,2,30,M,2,Bachiller,Independiente,1890000.0,567.0,App orgánico,True,1,iOS,0,0,12,257,3,2,1,0,2,2,1,0.9166666666666666,0.0,169.08333333333334,0.5
CR000941,CL00854,2025-10-26,Crédito consumo digital,400000,12,0.0208,38000,Call center,834,0.0215,Automática,Activo,0,0,0,1.0,0,48,F,3,Sin información,Pensionado,1770000.0,561.0,Campaña digital,True,2,Android,0,0,8,510,2,0,1,1,2,1,1,0.5,0.25,150.5,0.0
CR000942,CL00855,2025-12-01,Desconocido,1050000,9,0.0274,133000,Web,900,0.0518,Automática,Activo,0,0,0,1.0,0,50,M,6,Bachiller,Empleado,2950000.0,715.0,Aliado comercial,False,0,Web,0,0,9,245,3,2,0,0,4,0,0,0.7777777777777778,0.2222222222222222,152.66666666666666,0.0
CR000943,CL00857,2025-12-18,Microcrédito,1500000,6,0.03,277000,App,716,0.172,Automática,Mora moderada,0,1,35,0.0,4,28,M,3,Sin información,Independiente,1610000.0,496.0,Campaña digital,False,0,Android,0,0,15,124,4,1,1,2,2,1,3,0.6,0.06666666666666667,188.4,1.0
CR000944,CL00859,2025-02-06,Avance de nómina,3750000,6,0.0303,693000,Aliado,900,0.1006,Automática,Finalizado,0,0,0,1.0,0,30,F,4,Bachiller,Empleado,6890000.0,778.0,App orgánico,True,1,Android,0,0,11,470,2,0,3,0,3,0,2,0.7272727272727273,0.09090909090909091,125.54545454545455,0.0
CR000945,CL00861,2024-02-16,Crédito consumo digital,1250000,24,0.0217,67000,Web,578,0.0295,Manual,Mora moderada,0,0,16,0.8333333333333334,1,38,M,3,Bachiller,Pensionado,2270000.0,588.0,App orgánico,False,0,Web,1,0,14,717,9,2,0,0,1,0,2,0.7857142857142857,0.07142857142857142,177.92857142857142,0.0
CR000946,CL00862,2025-12-02,Microcrédito,1700000,6,0.0385,323000,Web,900,0.0907,Automática,Activo,0,0,15,0.8,1,21,M,2,Bachiller,Comerciante,3560000.0,705.0,Referido,False,1,Android,0,0,9,577,2,3,2,0,1,0,0,0.6666666666666666,0.3333333333333333,206.33333333333334,0.6666666666666666
CR000947,CL00863,2024-06-27,Crédito consumo digital,1750000,12,0.0308,177000,App,861,0.0734,Automática,Finalizado,0,0,0,1.0,0,51,F,3,Bachiller,Empleado,2410000.0,674.0,Referido,False,1,iOS,0,0,9,733,1,4,0,1,2,0,1,0.7777777777777778,0.0,227.66666666666666,0.0
CR000950,CL00866,2025-05-01,Crédito consumo digital,1400000,9,0.024,175000,App,873,0.0681,Automática,Finalizado,0,0,2,0.8333333333333334,1,32,M,3,Bachiller,Empleado,2950000.0,594.0,Aliado comercial,False,0,Android,0,0,9,524,4,0,1,0,3,1,0,0.6666666666666666,0.3333333333333333,180.22222222222223,0.0
CR000952,CL00869,2025-08-10,Crédito consumo digital,2400000,18,0.0388,188000,App,805,0.1279,Automática,Mora moderada,0,1,54,0.8333333333333334,1,43,F,2,Bachiller,Independiente,1470000.0,473.0,App orgánico,True,1,Android,0,0,13,263,3,2,1,0,2,3,2,0.7692307692307693,0.07692307692307693,153.30769230769232,0.5
CR000953,CL00870,2025-01-12,Microcrédito,2600000,9,0.0418,353000,App,847,0.1374,Automática,Mora moderada,0,0,12,0.6666666666666666,2,56,M,3,Técnico/Tecnólogo,Conductor/Repartidor,2570000.0,547.0,App orgánico,True,2,Android,0,0,14,995,3,3,1,0,3,2,2,0.7857142857142857,0.07142857142857142,162.85714285714286,0.3333333333333333
CR000954,CL00870,2024-04-24,Microcrédito,1700000,6,0.045,330000,App,788,0.1284,Automática,Finalizado,0,0,0,1.0,0,56,M,3,Técnico/Tecnólogo,Conductor/Repartidor,2570000.0,547.0,App orgánico,True,2,Android,0,0,14,995,3,3,1,0,3,2,2,0.7857142857142857,0.07142857142857142,162.85714285714286,0.3333333333333333
CR000955,CL00871,2023-09-19,Crédito libre inversión,3600000,18,0.0325,267000,App,822,0.1658,Automática,Finalizado,0,0,0,1.0,0,34,M,3,Bachiller,Empleado,1610000.0,611.0,Campaña digital,False,1,Android,0,0,15,651,7,2,0,1,2,0,1,0.7333333333333333,0.13333333333333333,179.26666666666668,0.0
CR000956,CL00873,2025-12-14,Crédito consumo digital,2600000,6,0.0313,482000,App,845,0.1535,Automática,Mora severa,0,1,70,0.6,1,22,M,3,Bachiller,Empleado,3140000.0,551.0,Referido,True,0,iOS,0,0,4,266,2,0,1,0,1,0,0,1.0,0.0,138.75,0.0
CR000957,CL00874,2025-05-22,Crédito consumo digital,3700000,6,0.0268,676000,Web,900,0.1653,Automática,Finalizado,0,0,0,1.0,0,29,F,5,Sin información,Microempresario,4090000.0,716.0,Campaña digital,False,1,Android,0,0,7,387,5,1,0,0,1,0,0,0.7142857142857143,0.2857142857142857,176.57142857142858,0.0
CR000958,CL00876,2025-09-04,Avance de nómina,1000000,12,0.0282,99000,App,887,0.0304,Automática,Activo,0,0,0,1.0,0,54,M,3,Universitario,Conductor/Repartidor,3260000.0,605.0,Campaña digital,False,3,Web,0,0,11,335,2,0,3,0,2,1,2,0.8181818181818182,0.0,181.9090909090909,0.0
CR000959,CL00876,2025-10-28,Microcrédito,3950000,18,0.0349,299000,App,876,0.0917,Automática,Activo,0,0,23,0.3333333333333333,4,54,M,3,Universitario,Conductor/Repartidor,3260000.0,605.0,Campaña digital,False,3,Web,0,0,11,335,2,0,3,0,2,1,2,0.8181818181818182,0.0,181.9090909090909,0.0
CR000960,CL00877,2025-11-13,Crédito consumo digital,950000,6,0.0234,172000,App,748,0.1623,Automática,Mora moderada,0,1,55,0.3333333333333333,3,31,F,1,Bachiller,Pensionado,1060000.0,498.0,Campaña digital,False,4,Android,0,0,12,91,5,1,2,0,1,2,0,0.6666666666666666,0.3333333333333333,138.58333333333334,2.0
CR000961,CL00877,2025-07-10,Crédito consumo digital,650000,12,0.0331,67000,App,811,0.0632,Automática,Activo,0,0,0,1.0,0,31,F,1,Bachiller,Pensionado,1060000.0,498.0,Campaña digital,False,4,Android,0,0,12,91,5,1,2,0,1,2,0,0.6666666666666666,0.3333333333333333,138.58333333333334,2.0
CR000962,CL00878,2025-05-07,Crédito consumo digital,400000,6,0.0285,73000,App,819,0.0408,Automática,Finalizado,0,0,1,0.8333333333333334,1,38,F,3,Bachiller,Estudiante,1790000.0,594.0,Campaña digital,True,3,Web,0,0,10,930,3,1,1,1,1,3,0,0.8,0.1,212.9,1.0
CR000963,CL00879,2025-03-20,Microcrédito,2350000,6,0.035,441000,App,893,0.1267,Automática,Finalizado,0,0,0,1.0,0,36,M,4,Posgrado,Empleado,3480000.0,704.0,App orgánico,True,1,Android,0,0,10,706,5,1,2,0,1,1,0,1.0,0.0,141.7,2.0
CR000964,CL00879,2025-04-19,Crédito consumo digital,1800000,18,0.0385,140000,App,900,0.0402,Automática,Activo,0,0,23,0.8333333333333334,1,36,M,4,Posgrado,Empleado,3480000.0,704.0,App orgánico,True,1,Android,0,0,10,706,5,1,2,0,1,1,0,1.0,0.0,141.7,2.0
CR000965,CL00881,2025-10-16,Microcrédito,950000,9,0.0431,130000,App,810,0.0605,Automática,Activo,0,0,10,0.8333333333333334,1,61,F,4,Posgrado,Independiente,2150000.0,676.0,Referido,False,1,Android,0,0,5,72,2,0,1,0,1,0,0,1.0,0.0,208.2,0.0
CR000966,CL00882,2024-12-23,Crédito consumo digital,2500000,6,0.0329,466000,App,900,0.1043,Automática,Finalizado,0,0,6,0.6666666666666666,2,31,M,2,Universitario,Empleado,4470000.0,633.0,Campaña digital,False,1,Android,0,0,5,586,1,1,2,0,0,1,0,0.8,0.2,203.2,2.0
CR000967,CL00883,2025-03-30,Crédito consumo digital,400000,24,0.0267,23000,App,722,0.0365,Automática,Mora severa,0,1,74,0.5,3,31,F,3,Bachiller,Desempleado,630000.0,408.0,Campaña digital,False,2,Android,0,0,4,513,2,0,1,0,0,1,0,1.0,0.0,114.0,0.0
CR000968,CL00884,2025-08-20,Microcrédito,10450000,12,0.0259,1025000,Aliado,867,0.1795,Automática,Activo,0,0,0,1.0,0,46,M,2,Posgrado,Empleado,5710000.0,685.0,Campaña digital,False,1,Android,0,0,8,763,3,2,0,0,2,0,0,0.375,0.625,220.75,0.0
CR000969,CL00886,2025-12-17,Crédito consumo digital,1100000,6,0.0297,203000,App,794,0.1586,Automática,Activo,0,0,0,1.0,0,54,F,4,Técnico/Tecnólogo,Estudiante,1280000.0,642.0,Referido,True,0,Web,0,0,7,174,3,1,1,0,0,2,0,0.8571428571428571,0.14285714285714285,214.42857142857142,1.0
CR000970,CL00887,2026-01-27,Crédito consumo digital,950000,12,0.0375,100000,App,817,0.0439,Automática,Activo,0,0,0,1.0,0,42,F,2,Bachiller,Empleado,2280000.0,520.0,Referido,True,1,Web,0,0,12,110,4,4,0,0,2,2,0,0.8333333333333334,0.16666666666666666,221.5,0.0
CR000971,CL00889,2025-01-02,Crédito consumo digital,3150000,12,0.0231,304000,App,785,0.1126,Automática,Mora severa,0,1,63,0.6666666666666666,2,42,M,3,Bachiller,Conductor/Repartidor,2700000.0,620.0,Campaña digital,False,0,Android,0,0,11,830,5,2,1,0,1,0,2,0.6363636363636364,0.18181818181818182,205.8181818181818,0.5
CR000972,CL00890,2025-02-10,Crédito consumo digital,1450000,12,0.0302,146000,Web,548,0.0664,Manual,Finalizado,0,0,0,1.0,0,47,F,3,Universitario,Microempresario,2200000.0,588.0,Campaña digital,False,3,Android,1,0,16,611,4,2,4,0,1,2,3,0.5625,0.25,124.8125,2.0
CR000973,CL00890,2025-12-16,Crédito consumo digital,1250000,9,0.0246,157000,App,528,0.0714,Excepción,Activo,0,0,0,1.0,0,47,F,3,Universitario,Microempresario,2200000.0,588.0,Campaña digital,False,3,Android,1,0,16,611,4,2,4,0,1,2,3,0.5625,0.25,124.8125,2.0
CR000974,CL00891,2024-08-22,Avance de nómina,1000000,6,0.0233,181000,Call center,831,0.0675,Automática,Mora moderada,0,1,38,0.8333333333333334,1,44,M,2,Bachiller,Comerciante,2680000.0,637.0,App orgánico,False,2,Android,0,0,9,738,2,3,2,0,1,0,1,0.6666666666666666,0.2222222222222222,144.11111111111111,0.6666666666666666
CR000975,CL00891,2024-12-24,Crédito consumo digital,800000,12,0.0322,81000,App,830,0.0302,Automática,Finalizado,0,0,10,0.8333333333333334,1,44,M,2,Bachiller,Comerciante,2680000.0,637.0,App orgánico,False,2,Android,0,0,9,738,2,3,2,0,1,0,1,0.6666666666666666,0.2222222222222222,144.11111111111111,0.6666666666666666
CR000977,CL00892,2025-08-31,Crédito libre inversión,5150000,6,0.0202,920000,App,767,0.358,Manual,Mora moderada,0,1,42,0.6666666666666666,2,41,M,3,Sin información,Empleado,2950000.0,601.0,App orgánico,False,1,Android,0,0,15,374,7,2,0,1,3,1,1,0.5333333333333333,0.3333333333333333,207.6,0.0
CR000978,CL00893,2025-10-05,Crédito consumo digital,2600000,6,0.035,488000,Aliado,622,0.2346,Automática,Finalizado,0,0,4,0.6666666666666666,2,47,F,1,Sin información,Empleado,2080000.0,588.0,Aliado comercial,True,3,iOS,1,0,15,289,1,1,2,3,4,3,1,0.6666666666666666,0.06666666666666667,116.2,2.0
CR000980,CL00895,2025-07-28,Crédito libre inversión,3850000,9,0.0242,481000,App,900,0.0962,Automática,Finalizado,0,0,0,1.0,0,50,M,1,Técnico/Tecnólogo,Empleado,5000000.0,673.0,Referido,True,0,iOS,0,0,9,84,3,1,1,1,1,1,1,0.7777777777777778,0.0,133.77777777777777,1.0
CR000981,CL00896,2025-06-29,Crédito consumo digital,900000,12,0.0354,93000,Web,860,0.0363,Automática,Mora moderada,0,0,30,0.8333333333333334,1,42,M,1,Universitario,Empleado,2560000.0,591.0,App orgánico,False,4,Android,0,0,7,235,0,3,1,0,1,0,1,0.7142857142857143,0.14285714285714285,197.42857142857142,0.3333333333333333
CR000982,CL00897,2025-09-13,Microcrédito,1800000,12,0.0392,191000,App,744,0.1308,Automática,Mora severa,0,1,114,0.8333333333333334,1,34,F,1,Bachiller,Conductor/Repartidor,1460000.0,495.0,Campaña digital,True,1,Android,0,0,10,742,4,1,3,0,1,1,0,0.9,0.1,166.5,3.0
CR000983,CL00898,2025-09-04,Crédito consumo digital,1800000,12,0.027,178000,App,831,0.1369,Automática,Activo,0,0,28,0.5,3,37,M,1,Bachiller,Conductor/Repartidor,1300000.0,446.0,App orgánico,False,1,iOS,0,0,9,193,3,2,1,1,0,0,0,0.6666666666666666,0.2222222222222222,161.11111111111111,0.5
CR000984,CL00900,2025-04-26,Microcrédito,5800000,6,0.0307,1073000,Call center,529,0.3989,Excepción,Finalizado,0,0,29,0.3333333333333333,4,28,F,2,Universitario,Empleado,2690000.0,588.0,Referido,False,1,Android,1,0,22,627,4,5,1,2,6,1,2,0.8181818181818182,0.0,182.5909090909091,0.2
CR000985,CL00900,2024-06-23,Microcrédito,2800000,12,0.0251,273000,App,617,0.1015,Manual,Finalizado,0,0,0,1.0,0,28,F,2,Universitario,Empleado,2690000.0,588.0,Referido,False,1,Android,1,0,22,627,4,5,1,2,6,1,2,0.8181818181818182,0.0,182.5909090909091,0.2
CR000986,CL00900,2025-04-09,Crédito consumo digital,700000,9,0.0226,87000,App,634,0.0323,Automática,Finalizado,0,0,0,1.0,0,28,F,2,Universitario,Empleado,2690000.0,588.0,Referido,False,1,Android,1,0,22,627,4,5,1,2,6,1,2,0.8181818181818182,0.0,182.5909090909091,0.2
CR000987,CL00904,2025-06-21,Microcrédito,650000,6,0.0311,120000,Aliado,801,0.0774,Automática,Mora moderada,0,1,56,0.8333333333333334,1,49,M,1,Posgrado,Independiente,1550000.0,621.0,Campaña digital,False,1,Android,0,0,9,924,3,0,2,1,2,1,0,0.6666666666666666,0.2222222222222222,224.88888888888889,0.0
CR000988,CL00905,2025-07-17,Crédito consumo digital,650000,18,0.0305,47000,Web,815,0.0214,Automática,Mora severa,0,1,116,0.6666666666666666,2,38,M,2,Sin información,Empleado,2200000.0,571.0,Aliado comercial,True,1,iOS,0,0,5,199,0,0,0,1,2,0,1,0.4,0.2,155.6,0.0
CR000989,CL00906,2024-11-08,Crédito consumo digital,3150000,12,0.0208,299000,Web,889,0.0845,Automática,Mora moderada,0,1,35,0.8333333333333334,1,36,M,6,Bachiller,Conductor/Repartidor,3540000.0,712.0,App orgánico,False,0,Android,0,0,10,552,3,1,1,2,2,0,0,0.8,0.0,163.1,1.0
CR000990,CL00907,2025-05-22,Microcrédito,2800000,6,0.0448,543000,App,793,0.1655,Automática,Mora moderada,0,1,56,0.6666666666666666,2,22,F,2,Sin información,Empleado,3280000.0,603.0,Campaña digital,False,0,Android,0,0,10,589,1,0,0,1,5,1,2,0.6,0.1,165.9,0.0
CR000991,CL00908,2025-09-09,Crédito consumo digital,1250000,9,0.0243,156000,Aliado,856,0.0681,Automática,Activo,0,0,16,0.8333333333333334,1,43,M,4,Posgrado,Independiente,2290000.0,534.0,Referido,False,3,Android,0,0,12,391,5,1,1,1,2,1,1,0.5833333333333334,0.25,81.08333333333333,1.0
CR000992,CL00908,2026-01-26,Crédito consumo digital,1200000,6,0.0292,221000,App,845,0.0965,Automática,Activo,0,0,0,1.0,0,43,M,4,Posgrado,Independiente,2290000.0,534.0,Referido,False,3,Android,0,0,12,391,5,1,1,1,2,1,1,0.5833333333333334,0.25,81.08333333333333,1.0
CR000993,CL00909,2023-11-28,Crédito consumo digital,1250000,12,0.0214,119000,Web,753,0.0721,Automática,Finalizado,0,0,18,0.8333333333333334,1,42,M,1,Bachiller,Microempresario,1650000.0,603.0,Campaña digital,False,0,Android,0,0,13,829,1,3,1,1,3,1,1,0.6153846153846154,0.23076923076923078,140.3846153846154,0.3333333333333333
CR000994,CL00909,2026-01-26,Microcrédito,1850000,6,0.0323,344000,App,799,0.2085,Automática,Activo,0,0,0,1.0,0,42,M,1,Bachiller,Microempresario,1650000.0,603.0,Campaña digital,False,0,Android,0,0,13,829,1,3,1,1,3,1,1,0.6153846153846154,0.23076923076923078,140.3846153846154,0.3333333333333333
CR000995,CL00911,2025-05-21,Crédito consumo digital,1800000,12,0.0382,190000,Aliado,850,0.0696,Automática,Activo,0,0,0,1.0,0,33,F,3,Sin información,Conductor/Repartidor,2730000.0,605.0,Aliado comercial,False,1,Android,0,0,14,381,4,2,1,1,5,1,0,0.9285714285714286,0.0,219.07142857142858,0.5
CR000996,CL00912,2025-07-09,Microcrédito,1750000,6,0.0266,319000,App,779,0.106,Automática,Finalizado,0,0,0,1.0,0,38,F,2,Universitario,Empleado,3010000.0,586.0,App orgánico,True,0,iOS,0,0,10,249,5,1,0,0,2,1,1,0.9,0.0,213.8,0.0
CR000997,CL00912,2025-09-10,Microcrédito,2900000,3,0.0362,1037000,App,813,0.3445,Automática,Finalizado,0,0,15,0.6666666666666666,1,38,F,2,Universitario,Empleado,3010000.0,586.0,App orgánico,True,0,iOS,0,0,10,249,5,1,0,0,2,1,1,0.9,0.0,213.8,0.0
CR000998,CL00913,2025-09-22,Crédito consumo digital,550000,9,0.0335,72000,Aliado,785,0.059,Automática,Mora moderada,0,1,50,0.8333333333333334,1,38,M,1,Técnico/Tecnólogo,Independiente,1220000.0,572.0,App orgánico,False,2,Web,0,0,6,177,1,1,0,0,3,0,0,1.0,0.0,181.0,0.0
CR001000,CL00915,2025-08-03,Microcrédito,1400000,6,0.0285,257000,App,768,0.1272,Automática,Finalizado,0,0,17,0.6666666666666666,2,35,F,2,Técnico/Tecnólogo,Comerciante,2020000.0,470.0,App orgánico,False,0,Android,0,0,4,362,1,0,3,0,0,0,0,1.0,0.0,155.25,0.0
CR001001,CL00916,2025-02-19,Crédito consumo digital,1500000,24,0.0202,80000,Web,882,0.0233,Automática,Activo,0,0,0,1.0,0,39,F,5,Técnico/Tecnólogo,Empleado,3440000.0,742.0,Campaña digital,True,2,Android,0,0,13,993,4,1,0,0,5,0,2,0.6153846153846154,0.23076923076923078,159.30769230769232,0.0
CR001002,CL00917,2026-01-03,Crédito consumo digital,1100000,24,0.0385,71000,Aliado,900,0.0216,Automática,Activo,0,0,0,0.75,0,42,M,5,Bachiller,Pensionado,3280000.0,768.0,App orgánico,False,1,Android,0,0,14,194,4,1,3,0,1,2,3,0.5714285714285714,0.21428571428571427,163.0,3.0
CR001003,CL00917,2025-08-23,Crédito consumo digital,1500000,6,0.0278,275000,Aliado,900,0.0838,Automática,Mora moderada,0,1,45,0.8333333333333334,1,42,M,5,Bachiller,Pensionado,3280000.0,768.0,App orgánico,False,1,Android,0,0,14,194,4,1,3,0,1,2,3,0.5714285714285714,0.21428571428571427,163.0,3.0
CR001004,CL00918,2024-10-15,Avance de nómina,1150000,3,0.03,407000,Web,900,0.0604,Automática,Finalizado,0,0,0,1.0,0,38,M,3,Técnico/Tecnólogo,Empleado,6740000.0,642.0,Campaña digital,False,0,Android,0,0,7,623,2,1,0,2,0,0,2,0.42857142857142855,0.0,248.57142857142858,0.0
CR001005,CL00919,2024-12-12,Microcrédito,1150000,6,0.0365,217000,App,799,0.0844,Automática,Finalizado,0,0,0,1.0,0,32,F,3,Técnico/Tecnólogo,Comerciante,2640000.0,573.0,Referido,False,1,Android,0,0,10,481,5,0,1,0,2,0,1,0.8,0.1,175.4,0.0
CR001006,CL00919,2025-10-07,Avance de nómina,950000,18,0.0296,69000,App,816,0.0268,Automática,Mora severa,0,1,113,0.8333333333333334,1,32,F,3,Técnico/Tecnólogo,Comerciante,2640000.0,573.0,Referido,False,1,Android,0,0,10,481,5,0,1,0,2,0,1,0.8,0.1,175.4,0.0
CR001007,CL00920,2024-08-24,Crédito consumo digital,1500000,9,0.0365,199000,Web,900,0.057,Automática,Finalizado,0,0,0,1.0,0,38,M,4,Universitario,Empleado,3490000.0,712.0,App orgánico,True,1,iOS,0,0,6,562,2,2,0,0,1,0,1,0.6666666666666666,0.16666666666666666,174.33333333333334,0.0
CR001008,CL00921,2026-02-02,Crédito consumo digital,1300000,9,0.0302,167000,App,768,0.0746,Automática,Activo,0,0,0,1.0,0,47,M,2,Técnico/Tecnólogo,Comerciante,2240000.0,526.0,Campaña digital,False,1,iOS,0,0,14,910,5,2,1,2,3,0,1,0.7857142857142857,0.0,115.21428571428571,0.5
CR001009,CL00921,2025-04-12,Crédito consumo digital,1650000,9,0.033,215000,Call center,885,0.096,Automática,Finalizado,0,0,17,0.8333333333333334,1,47,M,2,Técnico/Tecnólogo,Comerciante,2240000.0,526.0,Campaña digital,False,1,iOS,0,0,14,910,5,2,1,2,3,0,1,0.7857142857142857,0.0,115.21428571428571,0.5
CR001010,CL00923,2024-02-03,Crédito libre inversión,4250000,6,0.0307,786000,Aliado,772,0.2265,Automática,Finalizado,0,0,13,0.6666666666666666,2,37,F,4,Sin información,Empleado,3470000.0,557.0,Referido,False,0,iOS,0,0,9,985,2,2,0,0,1,1,2,0.6666666666666666,0.1111111111111111,134.0,0.0
CR001011,CL00925,2025-11-20,Crédito consumo digital,800000,9,0.025,100000,App,900,0.0356,Automática,Activo,0,0,0,1.0,0,48,M,2,Bachiller,Empleado,2810000.0,713.0,Referido,True,1,Android,0,0,5,306,3,0,0,0,2,0,0,1.0,0.0,122.8,0.0
CR001013,CL00928,2024-02-10,Crédito consumo digital,600000,12,0.0322,61000,App,712,0.0526,Automática,Mora moderada,0,1,48,0.5,3,40,M,2,Bachiller,Independiente,1160000.0,459.0,Aliado comercial,False,0,iOS,0,0,9,780,2,1,0,1,2,0,3,0.4444444444444444,0.1111111111111111,195.0,0.0
CR001014,CL00929,2026-01-27,Crédito libre inversión,1500000,9,0.0289,192000,Web,723,0.1433,Automática,Activo,0,0,0,1.0,0,52,M,3,Bachiller,Empleado,1340000.0,531.0,App orgánico,False,1,Android,0,0,11,193,3,1,1,0,5,0,1,0.8181818181818182,0.09090909090909091,137.72727272727272,1.0
CR001015,CL00930,2025-10-20,Crédito consumo digital,1600000,12,0.035,166000,Aliado,801,0.1129,Automática,Activo,0,0,0,1.0,0,35,F,1,Bachiller,Empleado,1470000.0,532.0,Referido,True,2,Android,0,0,1,1,0,0,0,0,0,1,0,1.0,0.0,120.0,0.0
CR001016,CL00931,2025-10-09,Microcrédito,1400000,6,0.0346,262000,App,771,0.1489,Automática,Mora moderada,0,1,38,0.5,3,30,M,1,Técnico/Tecnólogo,Independiente,1760000.0,505.0,Aliado comercial,True,2,Android,0,0,9,296,1,3,1,1,1,2,0,0.6666666666666666,0.2222222222222222,140.33333333333334,0.3333333333333333
CR001018,CL00933,2025-02-01,Crédito libre inversión,1650000,12,0.0265,162000,Aliado,781,0.0827,Automática,Finalizado,0,0,0,1.0,0,22,F,1,Bachiller,Empleado,1960000.0,575.0,Call center,False,2,iOS,0,0,8,479,4,3,0,0,1,0,0,0.875,0.125,113.5,0.0
CR001019,CL00934,2025-04-09,Crédito libre inversión,5050000,6,0.0258,919000,App,777,0.2908,Automática,Mora severa,0,1,83,0.3333333333333333,4,19,M,3,Técnico/Tecnólogo,Independiente,3160000.0,482.0,Campaña digital,False,3,iOS,0,0,11,1013,4,1,4,0,1,0,0,0.8181818181818182,0.18181818181818182,159.63636363636363,4.0
CR001021,CL00938,2025-12-10,Crédito consumo digital,850000,6,0.0374,161000,Web,791,1.8,Automática,Mora severa,0,1,75,0.0,4,43,M,4,Técnico/Tecnólogo,Empleado,2450000.0,608.0,App orgánico,True,0,Android,0,0,18,241,9,2,1,1,2,0,2,0.7777777777777778,0.05555555555555555,154.0,0.5
CR001022,CL00938,2026-01-15,Microcrédito,1850000,9,0.0301,238000,Aliado,808,0.0971,Automática,Activo,0,0,3,0.5,1,43,M,4,Técnico/Tecnólogo,Empleado,2450000.0,608.0,App orgánico,True,0,Android,0,0,18,241,9,2,1,1,2,0,2,0.7777777777777778,0.05555555555555555,154.0,0.5
CR001023,CL00939,2023-12-16,Crédito consumo digital,1800000,6,0.0273,329000,Call center,834,0.0991,Automática,Finalizado,0,0,0,1.0,0,38,M,1,Universitario,Empleado,3320000.0,587.0,App orgánico,False,0,iOS,0,0,10,1074,2,4,2,0,0,0,0,0.8,0.2,128.2,0.5
CR001024,CL00940,2024-02-17,Avance de nómina,1350000,6,0.0282,248000,Call center,900,0.0482,Automática,Finalizado,0,0,26,0.8333333333333334,1,30,F,4,Sin información,Empleado,5150000.0,620.0,Referido,False,2,Android,0,0,16,724,1,3,4,2,2,0,3,0.625,0.0625,136.5625,1.3333333333333333
CR001025,CL00940,2024-11-28,Crédito consumo digital,2350000,6,0.0345,440000,App,900,0.0854,Automática,Finalizado,0,0,0,1.0,0,30,F,4,Sin información,Empleado,5150000.0,620.0,Referido,False,2,Android,0,0,16,724,1,3,4,2,2,0,3,0.625,0.0625,136.5625,1.3333333333333333
CR001026,CL00941,2024-03-27,Crédito consumo digital,2600000,6,0.0205,465000,App,892,0.1987,Automática,Finalizado,0,0,0,1.0,0,23,F,3,Universitario,Independiente,2340000.0,615.0,App orgánico,True,2,Android,0,0,11,678,4,1,0,1,4,0,0,0.8181818181818182,0.09090909090909091,139.63636363636363,0.0
CR001027,CL00941,2025-06-27,Crédito consumo digital,1150000,6,0.0277,211000,App,828,0.0902,Automática,Finalizado,0,0,0,1.0,0,23,F,3,Universitario,Independiente,2340000.0,615.0,App orgánico,True,2,Android,0,0,11,678,4,1,0,1,4,0,0,0.8181818181818182,0.09090909090909091,139.63636363636363,0.0
CR001028,CL00942,2026-01-08,Microcrédito,4100000,3,0.0302,1450000,App,856,0.4096,Manual,Activo,0,0,22,0.6666666666666666,1,45,M,3,Técnico/Tecnólogo,Empleado,3540000.0,673.0,Campaña digital,True,2,Android,0,0,13,314,5,2,2,1,2,1,0,0.6153846153846154,0.3076923076923077,126.15384615384616,1.0
CR001029,CL00942,2025-04-27,Crédito libre inversión,5900000,12,0.0226,567000,Aliado,868,0.1602,Automática,Finalizado,0,0,0,1.0,0,45,M,3,Técnico/Tecnólogo,Empleado,3540000.0,673.0,Campaña digital,True,2,Android,0,0,13,314,5,2,2,1,2,1,0,0.6153846153846154,0.3076923076923077,126.15384615384616,1.0
CR001030,CL00943,2024-10-28,Crédito consumo digital,800000,6,0.0226,144000,App,856,0.0842,Automática,Finalizado,0,0,6,0.8333333333333334,1,43,M,2,Bachiller,Empleado,1710000.0,584.0,Campaña digital,True,3,Web,0,0,9,580,4,0,0,0,2,0,1,0.6666666666666666,0.2222222222222222,166.11111111111111,0.0
CR001031,CL00944,2024-08-29,Crédito consumo digital,600000,3,0.0356,214000,App,637,0.1399,Automática,Finalizado,0,0,20,0.3333333333333333,2,35,F,2,Bachiller,Conductor/Repartidor,1530000.0,449.0,Referido,False,1,Android,0,0,13,1037,4,3,3,0,2,0,0,0.7692307692307693,0.23076923076923078,156.3846153846154,1.0
CR001032,CL00944,2023-09-18,Crédito libre inversión,2750000,6,0.0293,506000,App,735,0.3307,Automática,Mora moderada,0,1,41,0.3333333333333333,4,35,F,2,Bachiller,Conductor/Repartidor,1530000.0,449.0,Referido,False,1,Android,0,0,13,1037,4,3,3,0,2,0,0,0.7692307692307693,0.23076923076923078,156.3846153846154,1.0
CR001033,CL00944,2025-07-21,Crédito consumo digital,1200000,3,0.0213,417000,App,844,0.2725,Automática,Mora severa,0,1,64,0.0,3,35,F,2,Bachiller,Conductor/Repartidor,1530000.0,449.0,Referido,False,1,Android,0,0,13,1037,4,3,3,0,2,0,0,0.7692307692307693,0.23076923076923078,156.3846153846154,1.0
CR001034,CL00945,2025-10-21,Microcrédito,2400000,24,0.0295,141000,App,856,0.0472,Automática,Activo,0,0,4,0.8333333333333334,1,54,F,3,Universitario,Empleado,2990000.0,588.0,Referido,False,1,Android,0,0,12,98,2,4,2,1,2,0,1,0.6666666666666666,0.16666666666666666,141.83333333333334,0.5
CR001035,CL00946,2025-10-20,Crédito consumo digital,1550000,12,0.0222,149000,Call center,833,0.0536,Automática,Activo,0,0,0,1.0,0,25,F,4,Técnico/Tecnólogo,Microempresario,2780000.0,586.0,Campaña digital,False,0,Android,0,0,9,442,2,3,0,2,1,0,1,0.4444444444444444,0.2222222222222222,182.33333333333334,0.0
CR001036,CL00947,2023-12-24,Crédito consumo digital,4800000,12,0.0285,478000,Aliado,900,0.1037,Automática,Finalizado,0,0,0,1.0,0,21,F,4,Bachiller,Empleado,4610000.0,675.0,Referido,True,1,Android,0,0,14,930,5,1,4,0,2,1,1,0.7142857142857143,0.21428571428571427,150.92857142857142,4.0
CR001037,CL00947,2023-09-18,Crédito consumo digital,2950000,6,0.0341,552000,App,900,0.1197,Automática,Finalizado,0,0,3,0.8333333333333334,1,21,F,4,Bachiller,Empleado,4610000.0,675.0,Referido,True,1,Android,0,0,14,930,5,1,4,0,2,1,1,0.7142857142857143,0.21428571428571427,150.92857142857142,4.0
CR001038,CL00949,2025-08-08,Crédito consumo digital,1400000,9,0.0366,185000,App,875,0.1076,Automática,Activo,0,0,0,1.0,0,36,M,4,Sin información,Pensionado,1720000.0,619.0,App orgánico,False,3,Web,0,0,8,96,5,2,0,0,0,1,0,1.0,0.0,86.125,0.0
CR001039,CL00950,2025-07-12,Avance de nómina,500000,6,0.0208,90000,App,876,0.0584,Automática,Mora severa,0,1,102,0.3333333333333333,4,38,F,3,Técnico/Tecnólogo,Independiente,1540000.0,452.0,Campaña digital,False,1,Android,0,0,12,964,2,0,3,1,3,2,1,0.6666666666666666,0.16666666666666666,198.83333333333334,0.0
CR001040,CL00950,2024-06-17,Avance de nómina,1150000,9,0.0276,146000,Web,766,0.0948,Automática,Mora severa,0,1,91,0.3333333333333333,4,38,F,3,Técnico/Tecnólogo,Independiente,1540000.0,452.0,Campaña digital,False,1,Android,0,0,12,964,2,0,3,1,3,2,1,0.6666666666666666,0.16666666666666666,198.83333333333334,0.0
CR001041,CL00951,2026-02-08,Crédito consumo digital,1050000,3,0.025,368000,Web,757,0.1786,Automática,Activo,0,0,0,0.6666666666666666,0,34,F,4,Universitario,Empleado,2060000.0,531.0,Referido,False,2,Android,0,0,12,394,2,3,0,1,2,1,0,0.9166666666666666,0.0,153.41666666666666,0.0
CR001042,CL00952,2024-01-12,Microcrédito,3900000,6,0.0296,719000,Web,789,0.2643,Automática,Mora moderada,0,1,44,0.5,3,40,F,1,Universitario,Empleado,2720000.0,542.0,Referido,False,0,Android,0,0,6,514,4,0,0,0,1,0,1,0.8333333333333334,0.0,159.33333333333334,0.0
CR001043,CL00953,2025-07-23,Crédito libre inversión,1700000,6,0.018,301000,App,807,0.101,Automática,Mora moderada,0,1,34,0.8333333333333334,1,23,M,2,Bachiller,Comerciante,2980000.0,593.0,Campaña digital,False,1,Android,0,0,12,689,3,1,2,1,4,0,1,0.75,0.08333333333333333,188.75,2.0
CR001044,CL00953,2025-12-23,Crédito consumo digital,1450000,9,0.0273,184000,Aliado,782,0.0617,Automática,Activo,0,0,0,1.0,0,23,M,2,Bachiller,Comerciante,2980000.0,593.0,Campaña digital,False,1,Android,0,0,12,689,3,1,2,1,4,0,1,0.75,0.08333333333333333,188.75,2.0
CR001045,CL00954,2024-11-05,Crédito libre inversión,3000000,12,0.0325,306000,App,900,0.1391,Automática,Finalizado,0,0,0,1.0,0,50,F,3,Posgrado,Empleado,2200000.0,619.0,App orgánico,False,0,Android,0,0,12,904,4,2,2,0,2,1,1,0.6666666666666666,0.25,166.16666666666666,1.0
CR001046,CL00956,2025-08-09,Crédito consumo digital,2150000,18,0.0246,149000,Aliado,900,0.0309,Automática,Activo,0,0,0,1.0,0,47,F,6,Bachiller,Microempresario,4820000.0,799.0,Aliado comercial,True,2,Android,0,0,2,549,0,0,1,0,0,1,0,0.5,0.5,202.5,0.0
CR001048,CL00958,2025-05-07,Crédito libre inversión,5450000,12,0.0219,521000,App,565,0.1731,Manual,Activo,0,0,0,1.0,0,41,F,1,Sin información,Empleado,3010000.0,588.0,Aliado comercial,True,2,Android,1,0,22,490,3,3,2,0,8,2,3,0.7272727272727273,0.13636363636363635,161.5909090909091,0.6666666666666666
CR001049,CL00958,2025-12-26,Crédito libre inversión,4850000,3,0.0282,1709000,Aliado,441,0.5678,Excepción,Finalizado,0,0,0,1.0,0,41,F,1,Sin información,Empleado,3010000.0,588.0,Aliado comercial,True,2,Android,1,0,22,490,3,3,2,0,8,2,3,0.7272727272727273,0.13636363636363635,161.5909090909091,0.6666666666666666
CR001050,CL00958,2025-06-09,Crédito libre inversión,2300000,12,0.0223,221000,App,591,0.0734,Manual,Activo,0,0,0,1.0,0,41,F,1,Sin información,Empleado,3010000.0,588.0,Aliado comercial,True,2,Android,1,0,22,490,3,3,2,0,8,2,3,0.7272727272727273,0.13636363636363635,161.5909090909091,0.6666666666666666
CR001051,CL00960,2024-03-21,Crédito consumo digital,2200000,6,0.035,413000,App,844,0.1229,Automática,Finalizado,0,0,0,1.0,0,40,F,3,Sin información,Conductor/Repartidor,3360000.0,552.0,Referido,False,0,Android,0,0,11,847,4,2,2,2,0,0,0,0.8181818181818182,0.0,136.0909090909091,1.0
CR001052,CL00961,2025-06-30,Crédito libre inversión,3050000,12,0.022,292000,App,828,0.1106,Automática,Activo,0,0,0,1.0,0,42,F,1,Técnico/Tecnólogo,Comerciante,2640000.0,575.0,Campaña digital,True,1,Android,0,0,10,132,2,2,2,1,1,1,1,0.8,0.0,177.7,1.0
CR001054,CL00962,2025-08-16,Crédito consumo digital,1950000,12,0.0256,191000,App,900,0.0593,Automática,Activo,0,0,0,1.0,0,49,F,2,Bachiller,Empleado,3220000.0,708.0,Aliado comercial,False,0,Android,0,0,14,127,5,2,3,0,1,1,2,0.8571428571428571,0.0,173.64285714285714,1.5
CR001055,CL00963,2024-05-29,Crédito libre inversión,3700000,12,0.0189,348000,Aliado,785,0.1822,Automática,Mora moderada,0,0,11,0.8333333333333334,1,38,F,1,Técnico/Tecnólogo,Independiente,1910000.0,571.0,Aliado comercial,True,1,Android,0,0,12,867,5,3,1,0,2,0,1,0.8333333333333334,0.08333333333333333,144.75,0.3333333333333333
CR001056,CL00964,2026-01-03,Crédito consumo digital,1050000,6,0.0314,195000,Web,893,0.101,Automática,Activo,0,0,3,0.5,1,43,F,2,Universitario,Independiente,1930000.0,625.0,App orgánico,False,2,iOS,0,0,5,81,1,0,1,0,1,1,1,0.8,0.0,156.0,0.0
CR001057,CL00965,2024-04-17,Microcrédito,2600000,18,0.0406,206000,App,801,0.0802,Automática,Mora severa,0,1,108,0.6666666666666666,2,35,F,5,Bachiller,Comerciante,2640000.0,557.0,Aliado comercial,True,3,Android,0,0,12,767,2,2,1,0,5,0,2,0.5,0.3333333333333333,150.75,0.5
CR001059,CL00968,2025-05-25,Crédito consumo digital,2300000,9,0.0365,304000,Call center,846,0.1328,Automática,Finalizado,0,0,0,1.0,0,54,M,2,Bachiller,Independiente,2290000.0,672.0,Aliado comercial,True,3,Android,0,0,9,217,1,1,0,0,4,1,2,0.4444444444444444,0.3333333333333333,216.88888888888889,0.0
CR001060,CL00969,2024-02-13,Avance de nómina,400000,6,0.0316,74000,App,862,0.0288,Automática,Finalizado,0,0,0,1.0,0,36,M,2,Bachiller,Empleado,2950000.0,686.0,App orgánico,False,0,Android,0,0,11,843,5,0,3,1,1,0,1,0.6363636363636364,0.18181818181818182,160.72727272727272,0.0
CR001061,CL00970,2026-02-10,Avance de nómina,750000,3,0.095,263000,Aliado,813,0.1185,Automática,Activo,0,0,0,0.6666666666666666,0,22,F,2,Bachiller,Conductor/Repartidor,2220000.0,508.0,Campaña digital,False,1,Android,0,0,9,283,2,1,0,1,2,0,3,0.5555555555555556,0.0,169.66666666666666,0.0
CR001063,CL00972,2026-01-22,Crédito consumo digital,350000,12,0.0332,36000,App,641,0.0474,Automática,Mora moderada,0,0,30,0.0,3,29,F,3,Bachiller,Desempleado,760000.0,405.0,Aliado comercial,False,2,Android,0,0,12,489,5,2,1,0,2,0,1,0.8333333333333334,0.08333333333333333,139.58333333333334,0.5
CR001064,CL00972,2025-05-15,Crédito consumo digital,450000,6,0.0267,82000,Aliado,792,0.1079,Automática,Mora severa,0,1,60,0.16666666666666666,5,29,F,3,Bachiller,Desempleado,760000.0,405.0,Aliado comercial,False,2,Android,0,0,12,489,5,2,1,0,2,0,1,0.8333333333333334,0.08333333333333333,139.58333333333334,0.5
CR001065,CL00973,2025-07-16,Avance de nómina,500000,18,0.0259,35000,Call center,893,0.0075,Automática,Activo,0,0,0,1.0,0,44,M,5,Técnico/Tecnólogo,Conductor/Repartidor,4660000.0,587.0,App orgánico,False,1,Android,0,0,15,385,6,0,1,1,2,1,3,0.4,0.3333333333333333,136.66666666666666,0.0
CR001066,CL00973,2025-11-05,Crédito consumo digital,2150000,18,0.0268,152000,Aliado,900,0.0326,Automática,Activo,0,0,2,0.6666666666666666,1,44,M,5,Técnico/Tecnólogo,Conductor/Repartidor,4660000.0,587.0,App orgánico,False,1,Android,0,0,15,385,6,0,1,1,2,1,3,0.4,0.3333333333333333,136.66666666666666,0.0
CR001067,CL00975,2024-12-10,Crédito consumo digital,1600000,18,0.0348,121000,Call center,752,0.0699,Automática,Mora moderada,0,0,30,0.8333333333333334,1,32,F,3,Bachiller,Empleado,1730000.0,485.0,Aliado comercial,False,2,Android,0,0,3,900,1,0,1,0,1,0,0,1.0,0.0,163.66666666666666,0.0
CR001068,CL00978,2025-12-07,Crédito consumo digital,1350000,12,0.0317,137000,Call center,780,0.0533,Automática,Activo,0,0,0,0.8,0,19,M,2,Sin información,Empleado,2950000.0,576.0,App orgánico,False,1,Android,0,0,13,537,6,1,0,1,4,0,0,0.8461538461538461,0.07692307692307693,151.53846153846155,0.0
CR001069,CL00978,2025-10-16,Crédito libre inversión,2200000,12,0.0255,215000,Aliado,820,0.0837,Automática,Mora severa,0,1,73,0.6666666666666666,2,19,M,2,Sin información,Empleado,2950000.0,576.0,App orgánico,False,1,Android,0,0,13,537,6,1,0,1,4,0,0,0.8461538461538461,0.07692307692307693,151.53846153846155,0.0
CR001070,CL00979,2023-11-08,Microcrédito,1700000,18,0.0405,135000,Web,757,0.1071,Automática,Mora severa,0,1,49,0.3333333333333333,4,20,M,2,Técnico/Tecnólogo,Comerciante,1260000.0,494.0,App orgánico,False,2,Android,0,0,12,804,2,1,3,0,3,2,1,0.75,0.16666666666666666,141.58333333333334,3.0
CR001071,CL00979,2023-09-06,Crédito libre inversión,2300000,6,0.025,418000,App,773,0.3317,Automática,Mora moderada,0,1,34,0.3333333333333333,4,20,M,2,Técnico/Tecnólogo,Comerciante,1260000.0,494.0,App orgánico,False,2,Android,0,0,12,804,2,1,3,0,3,2,1,0.75,0.16666666666666666,141.58333333333334,3.0
CR001072,CL00980,2025-06-28,Crédito consumo digital,1900000,9,0.0248,238000,Web,900,0.0829,Automática,Finalizado,0,0,0,1.0,0,44,M,5,Universitario,Empleado,2870000.0,673.0,Campaña digital,True,3,Android,0,0,7,388,2,1,2,0,1,0,1,0.8571428571428571,0.0,150.14285714285714,2.0
CR001073,CL00981,2025-11-03,Crédito consumo digital,3000000,9,0.0224,372000,Aliado,852,0.0869,Automática,Mora moderada,0,1,52,0.6666666666666666,1,44,M,3,Técnico/Tecnólogo,Comerciante,4280000.0,694.0,App orgánico,False,0,Android,0,0,9,507,4,3,1,0,0,0,0,0.7777777777777778,0.2222222222222222,190.33333333333334,0.3333333333333333
CR001074,CL00982,2025-10-31,Crédito libre inversión,2400000,3,0.0199,832000,App,786,0.4597,Manual,Finalizado,0,0,1,0.6666666666666666,1,40,M,1,Universitario,Empleado,1810000.0,554.0,App orgánico,False,0,iOS,0,0,11,637,1,0,3,0,2,0,3,0.7272727272727273,0.0,223.1818181818182,0.0
CR001075,CL00983,2025-06-29,Microcrédito,3850000,3,0.031,1364000,App,840,0.4624,Manual,Finalizado,0,0,4,0.6666666666666666,1,26,M,4,Universitario,Independiente,2950000.0,569.0,Campaña digital,False,1,iOS,0,0,9,477,5,0,1,0,1,0,2,0.7777777777777778,0.0,151.33333333333334,0.0
CR001076,CL00984,2024-03-12,Crédito libre inversión,2500000,3,0.0311,886000,App,795,0.4497,Manual,Finalizado,0,0,0,1.0,0,36,F,2,Técnico/Tecnólogo,Estudiante,1970000.0,539.0,App orgánico,False,1,iOS,0,0,10,612,1,3,2,1,1,1,1,0.7,0.1,78.7,0.6666666666666666
CR001078,CL00986,2025-08-11,Crédito consumo digital,1200000,12,0.0356,125000,App,587,0.0638,Manual,Activo,0,0,0,1.0,0,24,M,2,Universitario,Independiente,1960000.0,588.0,App orgánico,True,0,Android,1,0,17,639,8,5,1,0,1,1,1,0.7058823529411765,0.23529411764705882,116.58823529411765,0.2
CR001079,CL00986,2024-11-21,Crédito consumo digital,700000,24,0.0311,42000,Aliado,616,0.0214,Manual,Mora severa,0,1,87,0.6666666666666666,2,24,M,2,Universitario,Independiente,1960000.0,588.0,App orgánico,True,0,Android,1,0,17,639,8,5,1,0,1,1,1,0.7058823529411765,0.23529411764705882,116.58823529411765,0.2
CR001080,CL00987,2025-12-03,Crédito consumo digital,400000,3,0.0361,143000,App,900,0.0633,Automática,Mora severa,0,1,85,0.6666666666666666,1,51,F,2,Técnico/Tecnólogo,Empleado,2260000.0,661.0,Referido,False,2,Android,0,0,14,250,4,3,3,0,1,1,1,0.7857142857142857,0.14285714285714285,106.28571428571429,1.0
CR001081,CL00988,2025-11-14,Microcrédito,5900000,12,0.0297,592000,App,824,0.1741,Automática,Activo,0,0,29,0.3333333333333333,3,45,M,2,Universitario,Pensionado,3400000.0,555.0,Referido,False,3,Android,0,0,20,482,7,3,4,0,3,1,2,0.85,0.05,179.3,1.3333333333333333
CR001082,CL00988,2025-12-01,Avance de nómina,1350000,6,0.0294,249000,App,786,0.0732,Automática,Activo,0,0,4,0.8,1,45,M,2,Universitario,Pensionado,3400000.0,555.0,Referido,False,3,Android,0,0,20,482,7,3,4,0,3,1,2,0.85,0.05,179.3,1.3333333333333333
CR001083,CL00989,2025-08-04,Microcrédito,1100000,12,0.0277,109000,App,800,0.044,Automática,Activo,0,0,0,1.0,0,34,M,2,Bachiller,Comerciante,2480000.0,582.0,App orgánico,False,0,Android,0,0,9,505,3,0,1,0,3,0,2,0.7777777777777778,0.0,177.66666666666666,0.0
CR001084,CL00990,2025-09-26,Crédito libre inversión,1500000,12,0.0327,153000,App,582,0.0677,Manual,Activo,0,0,6,0.8333333333333334,1,36,M,3,Técnico/Tecnólogo,Empleado,2260000.0,588.0,App orgánico,True,1,Android,1,0,9,132,3,2,2,0,1,0,0,1.0,0.0,101.88888888888889,1.0
CR001085,CL00991,2024-09-01,Crédito consumo digital,3100000,6,0.0359,584000,Aliado,900,0.1497,Automática,Finalizado,0,0,0,1.0,0,38,M,5,Bachiller,Empleado,3900000.0,629.0,Aliado comercial,True,3,Android,0,0,9,905,2,0,1,0,5,0,1,0.7777777777777778,0.1111111111111111,195.77777777777777,0.0
CR001086,CL00992,2025-07-06,Crédito consumo digital,1050000,12,0.0336,108000,App,885,0.0403,Automática,Mora severa,0,1,99,0.6666666666666666,2,19,F,3,Universitario,Conductor/Repartidor,2680000.0,510.0,Campaña digital,True,1,Android,0,0,12,616,6,1,2,0,2,0,1,0.75,0.16666666666666666,177.5,2.0
CR001087,CL00992,2025-10-27,Crédito libre inversión,7550000,24,0.0186,393000,App,876,0.1466,Automática,Activo,0,0,3,0.6666666666666666,2,19,F,3,Universitario,Conductor/Repartidor,2680000.0,510.0,Campaña digital,True,1,Android,0,0,12,616,6,1,2,0,2,0,1,0.75,0.16666666666666666,177.5,2.0
CR001088,CL00992,2025-08-23,Microcrédito,2100000,9,0.0285,268000,Aliado,768,0.1,Automática,Mora severa,0,1,66,0.5,3,19,F,3,Universitario,Conductor/Repartidor,2680000.0,510.0,Campaña digital,True,1,Android,0,0,12,616,6,1,2,0,2,0,1,0.75,0.16666666666666666,177.5,2.0
CR001089,CL00994,2025-07-20,Crédito consumo digital,1750000,9,0.0264,221000,App,900,0.0619,Automática,Finalizado,0,0,0,1.0,0,29,M,3,Universitario,Microempresario,3570000.0,590.0,Call center,True,4,Android,0,0,14,340,1,1,2,0,7,1,0,0.8571428571428571,0.14285714285714285,123.71428571428571,2.0
CR001090,CL00995,2025-06-25,Crédito consumo digital,1000000,12,0.0376,105000,App,705,0.0398,Automática,Activo,0,0,7,0.8333333333333334,1,26,F,1,Bachiller,Empleado,2640000.0,449.0,Campaña digital,False,1,Android,0,0,15,425,6,3,2,0,4,0,0,0.8666666666666667,0.13333333333333333,179.66666666666666,0.6666666666666666
CR001091,CL00995,2025-05-23,Crédito consumo digital,2450000,12,0.0231,236000,App,781,0.0894,Automática,Activo,0,0,7,0.8333333333333334,1,26,F,1,Bachiller,Empleado,2640000.0,449.0,Campaña digital,False,1,Android,0,0,15,425,6,3,2,0,4,0,0,0.8666666666666667,0.13333333333333333,179.66666666666666,0.6666666666666666
CR001092,CL00996,2025-06-04,Crédito consumo digital,850000,12,0.0388,90000,Aliado,826,0.0312,Automática,Activo,0,0,0,1.0,0,33,M,3,Universitario,Empleado,2880000.0,642.0,App orgánico,False,0,Android,0,0,3,172,0,1,1,0,1,0,0,1.0,0.0,373.0,1.0
CR001093,CL00999,2025-10-05,Crédito consumo digital,1200000,18,0.0227,82000,App,877,0.035,Automática,Activo,0,0,0,1.0,0,30,M,3,Técnico/Tecnólogo,Empleado,2340000.0,650.0,Campaña digital,False,3,Android,0,0,5,74,1,2,2,0,0,0,0,1.0,0.0,107.8,1.0
CR001094,CL01000,2025-09-19,Crédito libre inversión,5000000,24,0.0332,306000,App,853,0.0818,Automática,Activo,0,0,0,1.0,0,42,M,3,Bachiller,Empleado,3740000.0,676.0,App orgánico,False,0,Android,0,0,25,308,7,3,3,1,4,1,6,0.68,0.04,144.36,1.0
CR001095,CL01000,2025-12-29,Crédito libre inversión,5950000,9,0.0267,753000,App,900,0.2013,Automática,Activo,0,0,4,0.75,1,42,M,3,Bachiller,Empleado,3740000.0,676.0,App orgánico,False,0,Android,0,0,25,308,7,3,3,1,4,1,6,0.68,0.04,144.36,1.0
CR001096,CL01000,2025-10-14,Crédito libre inversión,8100000,18,0.026,569000,App,900,0.1521,Automática,Activo,0,0,0,1.0,0,42,M,3,Bachiller,Empleado,3740000.0,676.0,App orgánico,False,0,Android,0,0,25,308,7,3,3,1,4,1,6,0.68,0.04,144.36,1.0
CR001097,CL01001,2025-11-03,Crédito consumo digital,5050000,18,0.0203,338000,Web,900,0.0797,Automática,Activo,0,0,0,0.8333333333333334,0,50,F,4,Bachiller,Comerciante,4240000.0,688.0,Referido,False,1,Android,0,0,12,258,3,1,2,2,3,0,0,0.6666666666666666,0.16666666666666666,112.83333333333333,2.0
CR001099,CL01003,2025-10-19,Crédito consumo digital,6950000,3,0.0328,2470000,App,796,0.8125,Excepción,Finalizado,0,0,0,1.0,0,37,M,2,Sin información,Pensionado,3040000.0,573.0,Aliado comercial,False,0,Android,0,0,15,168,4,3,1,1,5,0,0,0.8,0.13333333333333333,154.73333333333332,0.3333333333333333
CR001100,CL01003,2025-11-02,Crédito consumo digital,2150000,24,0.0346,133000,App,850,0.0437,Automática,Activo,0,0,0,0.8333333333333334,0,37,M,2,Sin información,Pensionado,3040000.0,573.0,Aliado comercial,False,0,Android,0,0,15,168,4,3,1,1,5,0,0,0.8,0.13333333333333333,154.73333333333332,0.3333333333333333
CR001101,CL01004,2025-11-27,Microcrédito,3700000,12,0.0424,400000,App,900,0.0694,Automática,Activo,0,0,0,1.0,0,30,F,2,Bachiller,Microempresario,5760000.0,634.0,App orgánico,False,0,Android,0,0,7,154,2,0,0,0,5,0,0,0.5714285714285714,0.42857142857142855,138.28571428571428,0.0
CR001102,CL01005,2025-01-03,Crédito consumo digital,950000,6,0.0305,176000,App,900,0.083,Automática,Finalizado,0,0,0,1.0,0,43,F,2,Técnico/Tecnólogo,Independiente,2120000.0,564.0,Aliado comercial,False,0,Android,0,0,10,935,1,1,1,1,3,2,1,0.8,0.0,169.2,1.0
CR001103,CL01006,2025-11-12,Crédito consumo digital,3550000,3,0.025,1243000,App,827,0.3482,Automática,Finalizado,0,0,0,1.0,0,40,F,2,Universitario,Independiente,3570000.0,532.0,App orgánico,True,4,Android,0,0,13,674,3,0,5,2,2,0,1,0.7692307692307693,0.0,205.53846153846155,0.0
CR001104,CL01006,2024-04-20,Microcrédito,7450000,6,0.0359,1402000,Aliado,787,0.3927,Manual,Mora moderada,0,0,30,0.5,3,40,F,2,Universitario,Independiente,3570000.0,532.0,App orgánico,True,4,Android,0,0,13,674,3,0,5,2,2,0,1,0.7692307692307693,0.0,205.53846153846155,0.0
CR001105,CL01007,2024-10-05,Crédito consumo digital,800000,9,0.0231,99000,Web,794,0.0471,Automática,Finalizado,0,0,0,1.0,0,45,F,4,Universitario,Empleado,2100000.0,585.0,Campaña digital,True,0,Android,0,0,19,951,8,2,2,0,2,0,4,0.6842105263157895,0.10526315789473684,149.57894736842104,1.0
CR001106,CL01007,2025-08-01,Crédito consumo digital,1150000,12,0.0336,118000,Call center,851,0.0562,Automática,Mora moderada,0,1,48,0.8333333333333334,1,45,F,4,Universitario,Empleado,2100000.0,585.0,Campaña digital,True,0,Android,0,0,19,951,8,2,2,0,2,0,4,0.6842105263157895,0.10526315789473684,149.57894736842104,1.0
CR001107,CL01009,2025-05-18,Crédito libre inversión,2700000,9,0.0277,343000,App,786,0.1916,Automática,Finalizado,0,0,24,0.8333333333333334,1,46,F,4,Bachiller,Conductor/Repartidor,1790000.0,634.0,Campaña digital,True,2,Android,0,0,10,465,2,1,1,0,2,1,3,0.6,0.1,217.3,1.0
CR001108,CL01010,2025-10-19,Avance de nómina,500000,6,0.0272,91000,Aliado,784,0.0548,Automática,Mora severa,0,1,87,0.6666666666666666,2,31,M,1,Técnico/Tecnólogo,Empleado,1660000.0,488.0,Campaña digital,True,1,iOS,0,0,5,424,2,0,1,0,2,0,0,0.8,0.2,140.2,0.0
CR001110,CL01013,2026-01-18,Crédito libre inversión,6750000,12,0.0175,629000,App,863,0.2132,Automática,Activo,0,0,0,1.0,0,57,F,3,Universitario,Independiente,2950000.0,634.0,Campaña digital,False,2,Web,0,0,17,437,4,3,0,1,7,0,2,0.6470588235294118,0.17647058823529413,211.41176470588235,0.0
CR001112,CL01013,2025-09-18,Crédito libre inversión,6150000,6,0.0231,1110000,App,836,0.3763,Manual,Finalizado,0,0,0,1.0,0,57,F,3,Universitario,Independiente,2950000.0,634.0,Campaña digital,False,2,Web,0,0,17,437,4,3,0,1,7,0,2,0.6470588235294118,0.17647058823529413,211.41176470588235,0.0
CR001113,CL01014,2023-07-18,Crédito consumo digital,1050000,12,0.0365,110000,App,783,0.0775,Automática,Mora severa,0,1,66,0.8333333333333334,1,29,M,1,Bachiller,Independiente,1420000.0,500.0,Referido,False,0,iOS,0,0,7,779,1,0,3,0,2,0,1,0.8571428571428571,0.0,114.71428571428571,0.0
CR001114,CL01015,2025-07-27,Crédito libre inversión,2700000,6,0.0281,495000,Web,571,0.7984,Excepción,Mora moderada,0,1,56,0.16666666666666666,5,53,F,3,Universitario,Desempleado,620000.0,538.0,Campaña digital,False,0,Android,0,0,19,404,7,3,1,1,5,0,2,0.7368421052631579,0.10526315789473684,154.94736842105263,0.3333333333333333
CR001115,CL01015,2025-07-14,Crédito libre inversión,1950000,9,0.018,237000,App,585,0.3823,Manual,Mora severa,0,1,104,0.16666666666666666,5,53,F,3,Universitario,Desempleado,620000.0,538.0,Campaña digital,False,0,Android,0,0,19,404,7,3,1,1,5,0,2,0.7368421052631579,0.10526315789473684,154.94736842105263,0.3333333333333333
CR001116,CL01016,2025-09-06,Crédito libre inversión,3250000,12,0.0182,304000,Web,900,0.0498,Automática,Activo,0,0,0,1.0,0,38,F,4,Universitario,Empleado,6110000.0,711.0,Campaña digital,True,0,iOS,0,0,8,328,1,2,1,0,3,0,1,0.5,0.375,144.625,0.5
CR001117,CL01017,2024-09-16,Crédito libre inversión,2600000,6,0.0178,461000,App,742,0.2058,Automática,Mora moderada,0,1,50,0.5,3,29,M,1,Universitario,Conductor/Repartidor,2240000.0,436.0,Campaña digital,False,2,iOS,0,0,7,376,3,0,0,0,3,1,0,1.0,0.0,174.28571428571428,0.0
CR001118,CL01018,2024-08-11,Crédito consumo digital,750000,12,0.0255,73000,Aliado,868,0.0315,Automática,Finalizado,0,0,0,1.0,0,82,F,2,Bachiller,Empleado,2320000.0,719.0,App orgánico,False,0,Android,0,1,4,496,1,1,0,0,1,0,1,0.75,0.0,121.0,0.0
CR001119,CL01019,2024-08-22,Microcrédito,4500000,24,0.0274,258000,App,817,0.1004,Automática,Mora severa,0,0,8,0.8333333333333334,1,33,M,2,Bachiller,Empleado,2950000.0,547.0,App orgánico,True,2,Android,0,0,18,673,4,2,4,0,4,2,2,0.7777777777777778,0.1111111111111111,135.33333333333334,2.0
CR001120,CL01019,2025-11-09,Avance de nómina,500000,6,0.0279,92000,App,779,0.0358,Automática,Activo,0,0,21,0.6666666666666666,1,33,M,2,Bachiller,Empleado,2950000.0,547.0,App orgánico,True,2,Android,0,0,18,673,4,2,4,0,4,2,2,0.7777777777777778,0.1111111111111111,135.33333333333334,2.0
CR001121,CL01020,2026-01-04,Crédito consumo digital,1300000,12,0.0342,134000,Aliado,853,0.0381,Automática,Activo,0,0,0,1.0,0,40,M,4,Sin información,Empleado,3520000.0,592.0,App orgánico,False,2,Android,0,0,11,446,1,4,1,0,3,1,1,0.7272727272727273,0.18181818181818182,177.0,0.25
CR001122,CL01021,2025-12-02,Crédito libre inversión,6450000,18,0.026,453000,Aliado,840,0.2004,Automática,Activo,0,0,26,0.6,1,41,M,2,Bachiller,Independiente,2260000.0,504.0,Campaña digital,True,2,Android,0,0,9,181,3,0,1,0,3,0,1,0.8888888888888888,0.0,164.66666666666666,0.0
CR001123,CL01022,2025-01-29,Crédito consumo digital,2250000,6,0.0336,420000,App,900,0.0959,Automática,Finalizado,0,0,0,1.0,0,30,F,3,Sin información,Microempresario,4380000.0,747.0,Aliado comercial,False,3,Android,0,0,10,794,4,2,1,1,2,0,0,0.5,0.4,154.6,0.5
CR001124,CL01025,2025-12-01,Crédito libre inversión,5700000,6,0.0321,1059000,Call center,900,0.2179,Automática,Activo,0,0,5,0.8,1,53,M,5,Técnico/Tecnólogo,Microempresario,4860000.0,675.0,Campaña digital,True,1,Android,0,0,13,231,1,4,3,0,4,0,0,1.0,0.0,180.92307692307693,0.75
CR001125,CL01026,2024-09-18,Crédito consumo digital,4750000,6,0.03,877000,App,900,0.1491,Automática,Finalizado,0,0,0,1.0,0,40,M,4,Técnico/Tecnólogo,Independiente,5880000.0,766.0,Referido,False,1,Web,0,0,11,795,1,1,1,0,6,1,1,0.7272727272727273,0.18181818181818182,173.45454545454547,1.0
CR001126,CL01028,2025-01-27,Crédito libre inversión,1900000,9,0.0196,232000,App,799,0.1536,Automática,Finalizado,0,0,0,1.0,0,37,M,1,Universitario,Empleado,1510000.0,591.0,Campaña digital,True,3,Android,0,0,6,539,0,2,1,1,1,1,0,0.6666666666666666,0.16666666666666666,223.66666666666666,0.5
CR001127,CL01029,2025-06-08,Crédito libre inversión,7550000,6,0.0272,1381000,Web,725,0.4384,Manual,Finalizado,0,0,5,0.6666666666666666,2,42,M,3,Bachiller,Microempresario,3150000.0,577.0,Call center,False,0,Web,0,0,7,532,3,2,0,2,0,0,0,0.7142857142857143,0.0,102.42857142857143,0.0
CR001128,CL01030,2025-07-13,Crédito consumo digital,600000,6,0.0267,110000,Aliado,756,0.0759,Automática,Finalizado,0,0,11,0.8333333333333334,1,26,F,3,Técnico/Tecnólogo,Independiente,1450000.0,550.0,Campaña digital,True,2,Web,0,0,14,319,3,2,1,2,3,1,2,0.7142857142857143,0.0,149.71428571428572,0.5
CR001129,CL01031,2025-11-24,Crédito consumo digital,1750000,6,0.0258,319000,App,802,0.1208,Automática,Activo,0,0,26,0.8,1,33,F,3,Técnico/Tecnólogo,Comerciante,2640000.0,516.0,Call center,False,4,Android,0,0,8,415,3,1,1,0,2,0,1,0.875,0.0,169.125,1.0
CR001130,CL01032,2024-10-10,Crédito libre inversión,8000000,24,0.0252,448000,App,862,0.1082,Automática,Mora severa,0,0,7,0.6666666666666666,2,19,M,3,Bachiller,Conductor/Repartidor,4140000.0,557.0,Campaña digital,False,4,Android,0,0,13,634,3,2,4,1,2,1,0,0.8461538461538461,0.07692307692307693,172.23076923076923,2.0
CR001131,CL01032,2025-11-11,Microcrédito,2800000,12,0.0438,305000,Web,900,0.0737,Automática,Activo,0,0,17,0.5,2,19,M,3,Bachiller,Conductor/Repartidor,4140000.0,557.0,Campaña digital,False,4,Android,0,0,13,634,3,2,4,1,2,1,0,0.8461538461538461,0.07692307692307693,172.23076923076923,2.0
CR001132,CL01033,2024-11-18,Microcrédito,1450000,12,0.0258,142000,Aliado,692,0.1203,Automática,Mora severa,0,1,92,0.3333333333333333,4,40,F,1,Bachiller,Conductor/Repartidor,1180000.0,383.0,Call center,False,0,Android,0,0,12,722,6,0,3,0,2,0,1,0.8333333333333334,0.08333333333333333,171.58333333333334,0.0
CR001133,CL01033,2025-11-21,Avance de nómina,400000,6,0.0237,72000,Aliado,661,0.061,Automática,Activo,0,0,21,0.2,4,40,F,1,Bachiller,Conductor/Repartidor,1180000.0,383.0,Call center,False,0,Android,0,0,12,722,6,0,3,0,2,0,1,0.8333333333333334,0.08333333333333333,171.58333333333334,0.0
CR001134,CL01035,2025-07-22,Crédito consumo digital,600000,9,0.0259,76000,Web,785,0.0455,Automática,Finalizado,0,0,0,1.0,0,31,M,2,Bachiller,Pensionado,1670000.0,543.0,Aliado comercial,False,1,Android,0,0,9,529,1,2,1,0,1,1,2,0.5555555555555556,0.2222222222222222,102.33333333333333,0.5
CR001135,CL01036,2025-02-25,Crédito libre inversión,2150000,6,0.0321,400000,App,695,0.5714,Excepción,Mora moderada,0,1,43,0.16666666666666666,5,52,M,4,Universitario,Desempleado,700000.0,562.0,App orgánico,False,0,Android,0,0,9,722,3,1,0,0,3,0,2,0.7777777777777778,0.0,186.66666666666666,0.0
CR001136,CL01037,2026-01-10,Crédito libre inversión,1900000,9,0.0285,242000,App,788,0.1551,Automática,Activo,0,0,4,0.5,1,24,F,2,Posgrado,Comerciante,1560000.0,601.0,App orgánico,True,2,Android,0,0,6,752,1,1,0,0,2,1,0,0.8333333333333334,0.16666666666666666,145.83333333333334,0.0
CR001137,CL01038,2024-05-10,Crédito consumo digital,750000,6,0.0208,134000,Web,729,0.2,Automática,Mora severa,0,1,66,0.0,6,21,F,1,Universitario,Estudiante,670000.0,395.0,App orgánico,False,3,iOS,0,0,15,1014,6,3,1,0,3,1,1,0.8666666666666667,0.06666666666666667,146.66666666666666,0.3333333333333333
CR001138,CL01040,2026-02-01,Crédito libre inversión,4700000,6,0.021,842000,Call center,881,0.2934,Automática,Activo,0,0,0,0.6666666666666666,0,46,M,4,Técnico/Tecnólogo,Empleado,2870000.0,717.0,Referido,False,1,iOS,0,0,4,123,0,1,0,0,1,0,0,0.75,0.25,100.0,0.0
CR001139,CL01041,2025-04-16,Crédito libre inversión,4300000,12,0.0295,431000,App,849,0.189,Automática,Finalizado,0,0,0,1.0,0,53,F,1,Universitario,Empleado,2280000.0,616.0,Referido,False,1,Android,0,0,3,230,2,0,0,0,0,1,0,1.0,0.0,216.66666666666666,0.0
CR001140,CL01043,2024-10-30,Crédito libre inversión,1700000,24,0.0295,100000,App,886,0.0392,Automática,Mora moderada,0,0,4,0.6666666666666666,2,47,F,5,Bachiller,Conductor/Repartidor,2550000.0,526.0,Campaña digital,False,1,Android,0,0,16,755,7,0,3,0,2,2,1,0.875,0.0625,138.75,0.0
CR001141,CL01043,2025-01-24,Crédito consumo digital,2850000,6,0.0204,510000,Aliado,795,0.2,Automática,Mora severa,0,1,64,0.6666666666666666,2,47,F,5,Bachiller,Conductor/Repartidor,2550000.0,526.0,Campaña digital,False,1,Android,0,0,16,755,7,0,3,0,2,2,1,0.875,0.0625,138.75,0.0
CR001142,CL01043,2025-12-04,Avance de nómina,450000,9,0.0211,55000,Aliado,786,0.0216,Automática,Activo,0,0,6,0.6,1,47,F,5,Bachiller,Conductor/Repartidor,2550000.0,526.0,Campaña digital,False,1,Android,0,0,16,755,7,0,3,0,2,2,1,0.875,0.0625,138.75,0.0
CR001143,CL01044,2024-08-12,Crédito libre inversión,5200000,9,0.0275,660000,App,804,0.2568,Automática,Mora severa,0,1,92,0.6666666666666666,2,36,M,2,Bachiller,Empleado,2950000.0,537.0,Aliado comercial,False,1,iOS,0,0,9,579,1,2,1,1,4,0,0,0.7777777777777778,0.1111111111111111,171.66666666666666,0.5
CR001144,CL01045,2025-08-05,Crédito libre inversión,3250000,3,0.032,1153000,App,803,0.4486,Manual,Finalizado,0,0,19,0.3333333333333333,2,34,F,4,Universitario,Independiente,2370000.0,627.0,App orgánico,True,0,Android,0,0,12,862,2,1,1,1,4,0,2,0.5,0.25,136.66666666666666,1.0
CR001145,CL01046,2025-04-16,Crédito libre inversión,13050000,6,0.0292,2403000,Call center,900,0.4401,Manual,Finalizado,0,0,24,0.8333333333333334,1,45,M,5,Sin información,Independiente,5460000.0,777.0,Campaña digital,False,0,iOS,0,0,9,923,4,1,2,0,1,0,0,0.7777777777777778,0.2222222222222222,264.22222222222223,2.0
CR001146,CL01047,2025-02-10,Avance de nómina,1450000,6,0.0282,266000,App,805,0.1035,Automática,Finalizado,0,0,0,1.0,0,43,M,3,Técnico/Tecnólogo,Comerciante,2640000.0,612.0,Campaña digital,False,3,iOS,0,0,6,622,1,0,2,0,2,1,0,0.8333333333333334,0.16666666666666666,154.66666666666666,0.0
CR001147,CL01048,2025-05-11,Avance de nómina,900000,18,0.0252,63000,App,767,0.0364,Automática,Mora severa,0,0,0,1.0,0,20,F,2,Bachiller,Independiente,1730000.0,488.0,App orgánico,False,0,Android,0,0,12,148,4,1,3,0,4,0,0,0.9166666666666666,0.08333333333333333,126.08333333333333,3.0
CR001148,CL01051,2023-07-31,Microcrédito,1350000,24,0.0393,88000,Aliado,730,0.0807,Automática,Mora severa,0,0,30,0.6666666666666666,2,30,M,2,Bachiller,Independiente,1090000.0,448.0,Campaña digital,True,0,Android,0,0,11,961,4,1,1,1,2,0,2,0.5454545454545454,0.18181818181818182,187.45454545454547,1.0
CR001149,CL01053,2025-11-04,Crédito consumo digital,800000,12,0.026,78000,App,789,0.0375,Automática,Mora moderada,0,1,34,0.6666666666666666,1,41,M,3,Técnico/Tecnólogo,Empleado,2080000.0,558.0,App orgánico,False,1,Android,0,0,8,210,0,2,3,0,1,0,2,0.5,0.25,213.125,1.5
CR001150,CL01054,2025-10-04,Crédito libre inversión,2450000,9,0.0286,313000,App,891,0.119,Automática,Activo,0,0,1,0.8333333333333334,1,39,F,3,Sin información,Pensionado,2630000.0,622.0,Campaña digital,False,3,Web,0,0,10,166,4,2,0,1,3,0,0,0.7,0.2,189.1,0.0
CR001151,CL01055,2026-02-13,Microcrédito,2250000,6,0.0276,412000,Web,769,0.1839,Automática,Activo,0,0,6,0.3333333333333333,1,30,M,2,Universitario,Comerciante,2240000.0,486.0,App orgánico,False,2,Android,0,0,8,610,2,1,1,0,0,0,3,0.625,0.0,108.25,1.0
CR001152,CL01056,2023-09-29,Microcrédito,1450000,6,0.0399,277000,Aliado,715,0.1937,Automática,Mora severa,0,1,110,0.5,3,29,F,4,Técnico/Tecnólogo,Independiente,1430000.0,574.0,App orgánico,False,3,Android,0,0,12,792,2,2,1,0,2,1,3,0.6666666666666666,0.08333333333333333,147.33333333333334,0.5
CR001153,CL01058,2023-12-20,Crédito consumo digital,250000,9,0.0261,32000,Call center,777,0.0492,Automática,Mora moderada,0,1,52,0.5,3,48,M,3,Bachiller,Desempleado,650000.0,488.0,Campaña digital,False,1,Android,0,0,7,961,3,1,1,0,2,0,0,0.7142857142857143,0.2857142857142857,112.14285714285714,1.0
CR001154,CL01059,2024-12-05,Crédito consumo digital,1550000,9,0.0214,191000,Web,900,0.0408,Automática,Finalizado,0,0,0,1.0,0,41,M,3,Sin información,Empleado,4680000.0,667.0,Call center,False,1,Android,0,0,8,569,4,0,1,0,2,1,0,0.75,0.25,144.75,0.0
CR001155,CL01061,2025-10-01,Crédito consumo digital,850000,9,0.037,113000,App,845,0.0897,Automática,Activo,0,0,0,1.0,0,44,F,2,Bachiller,Independiente,1260000.0,570.0,Referido,True,4,Android,0,0,13,355,0,1,2,1,3,3,0,0.7692307692307693,0.15384615384615385,135.6153846153846,2.0
CR001156,CL01062,2025-07-07,Crédito consumo digital,1350000,18,0.0254,94000,App,867,0.0503,Automática,Mora moderada,0,1,36,0.8333333333333334,1,19,M,2,Técnico/Tecnólogo,Empleado,1870000.0,543.0,App orgánico,True,2,Android,0,0,7,273,0,2,1,0,3,0,0,0.7142857142857143,0.2857142857142857,170.42857142857142,0.5
CR001157,CL01063,2024-07-05,Crédito consumo digital,1350000,12,0.0309,136000,App,852,0.0422,Automática,Finalizado,0,0,0,1.0,0,47,M,4,Bachiller,Independiente,3220000.0,630.0,Aliado comercial,False,1,Web,0,0,11,397,3,2,1,0,3,0,1,0.2727272727272727,0.6363636363636364,126.27272727272727,0.5
CR001158,CL01064,2024-04-29,Crédito consumo digital,950000,6,0.0235,172000,App,830,0.0623,Automática,Finalizado,0,0,0,1.0,0,19,F,2,Universitario,Empleado,2760000.0,711.0,Referido,False,0,iOS,0,0,10,586,4,1,0,1,2,0,2,0.6,0.1,217.7,0.0
CR001159,CL01065,2024-10-10,Crédito consumo digital,1750000,18,0.0382,136000,App,869,0.0971,Automática,Mora moderada,0,0,0,1.0,0,32,F,3,Universitario,Conductor/Repartidor,1400000.0,596.0,Referido,False,2,Android,0,0,7,585,3,0,1,0,2,0,1,0.8571428571428571,0.0,161.14285714285714,0.0
CR001160,CL01066,2025-10-03,Avance de nómina,450000,12,0.0268,44000,App,859,0.0155,Automática,Activo,0,0,0,1.0,0,25,M,4,Bachiller,Pensionado,2840000.0,576.0,Aliado comercial,True,0,Android,0,0,8,322,3,0,0,0,3,0,2,0.625,0.125,228.875,0.0
CR001161,CL01067,2024-04-26,Microcrédito,2550000,6,0.0449,494000,Call center,793,0.2245,Automática,Finalizado,0,0,25,0.6666666666666666,2,23,F,3,Universitario,Empleado,2200000.0,575.0,Campaña digital,False,1,Android,0,0,10,819,4,1,2,0,1,1,0,0.8,0.2,203.8,2.0
CR001162,CL01070,2026-02-15,Crédito libre inversión,12450000,12,0.0233,1202000,App,900,0.3284,Automática,Activo,0,0,0,0.6666666666666666,0,39,F,3,Universitario,Microempresario,3660000.0,720.0,Aliado comercial,False,1,Android,0,0,19,723,6,2,1,1,3,2,3,0.7368421052631579,0.05263157894736842,188.0,0.5
CR001163,CL01070,2025-02-08,Crédito consumo digital,1900000,6,0.0254,345000,App,900,0.0943,Automática,Finalizado,0,0,0,1.0,0,39,F,3,Universitario,Microempresario,3660000.0,720.0,Aliado comercial,False,1,Android,0,0,19,723,6,2,1,1,3,2,3,0.7368421052631579,0.05263157894736842,188.0,0.5
CR001165,CL01071,2026-02-01,Avance de nómina,500000,12,0.0212,48000,Aliado,900,0.0164,Automática,Activo,0,0,0,1.0,0,36,F,6,Técnico/Tecnólogo,Independiente,2920000.0,696.0,Campaña digital,False,1,iOS,0,0,7,339,4,0,0,0,2,0,1,0.7142857142857143,0.14285714285714285,122.85714285714286,0.0
CR001166,CL01072,2025-11-22,Crédito libre inversión,9700000,18,0.0335,726000,Aliado,873,0.1729,Automática,Activo,0,0,27,0.6,2,41,M,5,Técnico/Tecnólogo,Empleado,4200000.0,626.0,Aliado comercial,False,1,Android,0,0,8,820,3,0,0,0,4,1,0,1.0,0.0,129.125,0.0
CR001167,CL01073,2026-01-04,Crédito libre inversión,2200000,9,0.0301,283000,App,841,0.2081,Automática,Activo,0,0,0,1.0,0,37,M,3,Técnico/Tecnólogo,Comerciante,1360000.0,601.0,Referido,False,1,Android,0,0,15,404,4,3,5,0,1,0,2,0.8,0.06666666666666667,185.6,1.6666666666666667
CR001168,CL01075,2024-11-05,Crédito consumo digital,3700000,3,0.0224,1289000,App,900,0.1876,Automática,Finalizado,0,0,0,1.0,0,46,M,4,Técnico/Tecnólogo,Empleado,6870000.0,799.0,Campaña digital,False,1,Android,0,0,10,874,1,0,4,0,5,0,0,1.0,0.0,130.7,0.0
CR001169,CL01078,2025-01-09,Crédito consumo digital,3150000,6,0.0251,572000,Web,893,0.1238,Automática,Finalizado,0,0,0,1.0,0,32,M,3,Universitario,Empleado,4620000.0,613.0,Campaña digital,False,2,Android,0,0,13,490,2,0,2,1,3,1,3,0.6923076923076923,0.0,142.69230769230768,0.0
CR001170,CL01080,2025-05-14,Microcrédito,1850000,9,0.0349,243000,App,876,0.0745,Automática,Mora severa,0,1,115,0.6666666666666666,2,45,F,2,Técnico/Tecnólogo,Independiente,3260000.0,637.0,App orgánico,True,1,iOS,0,0,8,178,2,1,1,0,3,1,0,0.75,0.25,130.375,1.0
CR001171,CL01082,2025-04-22,Crédito libre inversión,2050000,12,0.0276,203000,Web,831,0.0668,Automática,Mora severa,0,0,29,0.8333333333333334,1,33,M,2,Técnico/Tecnólogo,Comerciante,3040000.0,507.0,Campaña digital,False,2,Android,0,0,11,731,3,2,4,0,1,0,1,0.9090909090909091,0.0,132.72727272727272,2.0
CR001172,CL01083,2024-11-07,Avance de nómina,350000,9,0.0239,44000,Web,779,0.0333,Automática,Mora severa,0,0,14,0.6666666666666666,2,33,F,2,Técnico/Tecnólogo,Empleado,1320000.0,494.0,Aliado comercial,True,2,Android,0,0,12,664,4,1,1,2,1,1,2,0.6666666666666666,0.0,140.5,1.0
CR001173,CL01083,2024-08-28,Crédito libre inversión,1700000,24,0.0178,88000,App,849,0.0667,Automática,Mora moderada,0,0,13,0.8333333333333334,1,33,F,2,Técnico/Tecnólogo,Empleado,1320000.0,494.0,Aliado comercial,True,2,Android,0,0,12,664,4,1,1,2,1,1,2,0.6666666666666666,0.0,140.5,1.0
CR001175,CL01084,2025-10-10,Crédito consumo digital,450000,9,0.0276,57000,Web,829,0.0306,Automática,Activo,0,0,0,1.0,0,57,F,2,Sin información,Pensionado,1860000.0,553.0,Aliado comercial,False,0,iOS,0,0,16,711,4,2,1,0,5,0,4,0.625,0.125,177.5625,0.5
CR001176,CL01086,2023-10-05,Crédito consumo digital,800000,6,0.0343,150000,Call center,816,0.1027,Automática,Finalizado,0,0,7,0.8333333333333334,1,40,M,1,Universitario,Conductor/Repartidor,1460000.0,365.0,Aliado comercial,False,4,Android,0,0,13,985,6,1,3,0,1,1,1,0.7692307692307693,0.15384615384615385,136.53846153846155,3.0
CR001177,CL01087,2023-07-02,Microcrédito,3600000,24,0.041,238000,App,883,0.0645,Automática,Finalizado,0,0,0,1.0,0,46,M,5,Bachiller,Comerciante,3690000.0,703.0,Campaña digital,False,1,Android,0,0,17,1090,4,2,3,1,4,0,1,0.5294117647058824,0.35294117647058826,125.58823529411765,1.5
CR001178,CL01087,2023-05-15,Microcrédito,1500000,9,0.0382,200000,App,868,0.0542,Automática,Finalizado,0,0,0,1.0,0,46,M,5,Bachiller,Comerciante,3690000.0,703.0,Campaña digital,False,1,Android,0,0,17,1090,4,2,3,1,4,0,1,0.5294117647058824,0.35294117647058826,125.58823529411765,1.5
CR001179,CL01089,2024-06-07,Crédito consumo digital,850000,9,0.0383,113000,Call center,695,0.0876,Automática,Mora moderada,0,0,4,0.8333333333333334,1,33,M,1,Posgrado,Estudiante,1290000.0,504.0,App orgánico,True,0,Android,0,0,12,629,1,3,2,0,3,2,0,0.9166666666666666,0.08333333333333333,168.41666666666666,0.6666666666666666
CR001180,CL01089,2025-12-11,Crédito consumo digital,600000,9,0.036,79000,App,785,0.0612,Automática,Activo,0,0,0,0.8,0,33,M,1,Posgrado,Estudiante,1290000.0,504.0,App orgánico,True,0,Android,0,0,12,629,1,3,2,0,3,2,0,0.9166666666666666,0.08333333333333333,168.41666666666666,0.6666666666666666
CR001181,CL01093,2025-04-19,Crédito consumo digital,2850000,12,0.0358,296000,Call center,885,0.0753,Automática,Finalizado,0,0,0,1.0,0,43,M,4,Universitario,Empleado,3930000.0,589.0,Referido,True,2,Android,0,0,4,169,1,0,0,0,2,1,0,0.75,0.25,171.75,0.0
CR001182,CL01095,2023-08-03,Crédito consumo digital,1250000,12,0.0245,121000,App,829,0.0442,Automática,Finalizado,0,0,0,1.0,0,43,F,3,Técnico/Tecnólogo,Empleado,2740000.0,615.0,Call center,True,0,Android,0,0,16,1128,6,1,2,0,6,0,0,0.875,0.125,116.6875,2.0
CR001183,CL01095,2024-12-03,Microcrédito,6500000,6,0.043,1252000,Aliado,777,0.4569,Manual,Mora severa,0,1,116,0.0,6,43,F,3,Técnico/Tecnólogo,Empleado,2740000.0,615.0,Call center,True,0,Android,0,0,16,1128,6,1,2,0,6,0,0,0.875,0.125,116.6875,2.0
CR001184,CL01096,2025-01-18,Microcrédito,1000000,12,0.0308,101000,Call center,780,0.0687,Automática,Finalizado,0,0,0,1.0,0,35,F,2,Universitario,Comerciante,1470000.0,555.0,Aliado comercial,False,2,Android,0,0,13,854,4,1,1,0,4,1,1,0.6923076923076923,0.23076923076923078,191.53846153846155,1.0
CR001185,CL01096,2025-09-10,Crédito libre inversión,1100000,12,0.0295,110000,Aliado,802,0.0748,Automática,Activo,0,0,0,1.0,0,35,F,2,Universitario,Comerciante,1470000.0,555.0,Aliado comercial,False,2,Android,0,0,13,854,4,1,1,0,4,1,1,0.6923076923076923,0.23076923076923078,191.53846153846155,1.0
CR001186,CL01097,2025-11-24,Crédito libre inversión,1100000,12,0.03,111000,App,765,0.038,Automática,Activo,0,0,0,1.0,0,37,M,3,Bachiller,Comerciante,2920000.0,583.0,Campaña digital,False,0,iOS,0,0,10,441,3,3,0,2,1,0,0,0.6,0.2,93.9,0.0
CR001187,CL01098,2025-12-23,Crédito consumo digital,550000,6,0.0296,101000,App,840,0.0488,Automática,Activo,0,0,0,1.0,0,19,M,3,Técnico/Tecnólogo,Comerciante,2070000.0,561.0,App orgánico,False,2,iOS,0,0,6,70,1,2,1,0,1,1,0,0.8333333333333334,0.16666666666666666,161.66666666666666,0.5
CR001188,CL01099,2025-10-31,Avance de nómina,500000,3,0.0223,174000,App,868,0.1689,Automática,Finalizado,0,0,12,0.6666666666666666,1,45,M,1,Bachiller,Empleado,1030000.0,523.0,App orgánico,False,0,Android,0,0,15,164,5,4,2,0,2,1,1,0.6,0.3333333333333333,144.0,0.5
CR001189,CL01099,2025-07-11,Crédito libre inversión,800000,6,0.0184,142000,Aliado,777,0.1379,Automática,Mora severa,0,1,68,0.5,3,45,M,1,Bachiller,Empleado,1030000.0,523.0,App orgánico,False,0,Android,0,0,15,164,5,4,2,0,2,1,1,0.6,0.3333333333333333,144.0,0.5
CR001190,CL01100,2025-09-01,Avance de nómina,3950000,6,0.0202,706000,Aliado,900,0.0767,Automática,Finalizado,0,0,27,0.8333333333333334,1,39,F,4,Técnico/Tecnólogo,Empleado,9200000.0,812.0,Campaña digital,False,1,Android,0,0,16,326,5,2,1,0,5,1,1,0.9375,0.0,201.9375,0.5
CR001191,CL01100,2026-01-10,Crédito libre inversión,9600000,6,0.0237,1735000,Aliado,900,0.1886,Automática,Activo,0,0,0,0.75,0,39,F,4,Técnico/Tecnólogo,Empleado,9200000.0,812.0,Campaña digital,False,1,Android,0,0,16,326,5,2,1,0,5,1,1,0.9375,0.0,201.9375,0.5
CR001192,CL01101,2025-07-17,Crédito libre inversión,1350000,12,0.028,134000,App,792,0.0713,Automática,Mora severa,0,1,112,0.5,3,46,F,5,Posgrado,Desempleado,1880000.0,616.0,Aliado comercial,True,1,Web,0,0,13,657,8,2,0,0,2,0,0,0.8461538461538461,0.15384615384615385,145.92307692307693,0.0
CR001193,CL01101,2024-11-30,Microcrédito,1500000,12,0.028,149000,App,770,0.0793,Automática,Mora severa,0,1,49,0.6666666666666666,2,46,F,5,Posgrado,Desempleado,1880000.0,616.0,Aliado comercial,True,1,Web,0,0,13,657,8,2,0,0,2,0,0,0.8461538461538461,0.15384615384615385,145.92307692307693,0.0
CR001195,CL01103,2025-10-21,Avance de nómina,1150000,12,0.0183,108000,App,848,0.0262,Automática,Activo,0,0,6,0.8333333333333334,1,57,M,2,Universitario,Conductor/Repartidor,4130000.0,668.0,App orgánico,True,1,Android,0,0,9,233,4,1,1,0,2,0,1,0.7777777777777778,0.1111111111111111,181.0,1.0
CR001196,CL01104,2023-05-17,Crédito libre inversión,1050000,18,0.0271,75000,App,787,0.0636,Automática,Mora severa,0,1,99,0.5,3,35,F,2,Técnico/Tecnólogo,Independiente,1180000.0,484.0,App orgánico,False,0,Android,0,0,6,603,2,1,1,0,1,0,0,0.8333333333333334,0.16666666666666666,168.83333333333334,1.0
CR001197,CL01106,2025-08-16,Microcrédito,1300000,3,0.0369,466000,Aliado,779,0.3128,Automática,Mora moderada,0,1,43,0.6666666666666666,1,26,M,2,Técnico/Tecnólogo,Conductor/Repartidor,1490000.0,469.0,Campaña digital,False,2,Android,0,0,10,186,2,1,2,1,2,1,0,0.8,0.1,210.1,2.0
CR001198,CL01107,2024-01-06,Microcrédito,1350000,12,0.0325,138000,Call center,779,0.1211,Automática,Mora severa,0,0,7,0.6666666666666666,2,42,M,2,Sin información,Conductor/Repartidor,1140000.0,567.0,Campaña digital,False,0,Android,0,0,6,235,1,0,1,0,1,1,2,0.5,0.16666666666666666,120.16666666666667,0.0
CR001199,CL01108,2023-05-18,Crédito consumo digital,450000,12,0.0322,46000,App,741,0.039,Automática,Mora moderada,0,1,43,0.8333333333333334,1,25,M,2,Universitario,Estudiante,1180000.0,488.0,Campaña digital,True,1,iOS,0,0,9,786,2,2,1,0,2,0,0,1.0,0.0,131.77777777777777,0.5
CR001200,CL01109,2025-02-01,Microcrédito,4850000,12,0.0354,503000,Web,666,0.2177,Automática,Finalizado,0,0,0,1.0,0,30,F,2,Universitario,Empleado,2310000.0,588.0,Campaña digital,False,0,Android,1,0,13,1048,7,1,0,1,4,0,0,0.8461538461538461,0.07692307692307693,121.15384615384616,0.0
CR001201,CL01111,2025-09-20,Crédito libre inversión,4500000,3,0.0172,1552000,App,760,0.7838,Excepción,Mora severa,0,1,78,0.0,3,34,M,2,Universitario,Independiente,1980000.0,398.0,Referido,True,1,Android,0,0,12,235,2,1,1,0,6,1,0,0.75,0.25,167.25,1.0
CR001202,CL01111,2025-10-24,Microcrédito,1500000,3,0.0328,533000,App,688,0.2692,Automática,Mora moderada,0,1,42,0.0,3,34,M,2,Universitario,Independiente,1980000.0,398.0,Referido,True,1,Android,0,0,12,235,2,1,1,0,6,1,0,0.75,0.25,167.25,1.0
CR001205,CL01114,2025-12-12,Crédito libre inversión,4750000,12,0.0332,486000,Web,755,0.1442,Automática,Activo,0,0,0,0.8,0,41,M,2,Universitario,Empleado,3370000.0,527.0,Referido,False,1,Android,0,0,5,59,2,0,0,0,2,0,1,0.6,0.2,160.2,0.0
CR001206,CL01115,2023-11-24,Crédito consumo digital,1500000,12,0.0235,145000,App,653,0.0662,Automática,Mora severa,0,1,73,0.6666666666666666,2,38,M,2,Universitario,Independiente,2190000.0,535.0,Campaña digital,False,1,Android,0,0,7,831,5,1,0,0,0,1,0,1.0,0.0,145.85714285714286,0.0
CR001207,CL01116,2024-11-25,Microcrédito,2900000,6,0.0409,555000,App,679,0.216,Automática,Mora moderada,0,1,50,0.6666666666666666,2,40,M,2,Universitario,Estudiante,1120000.0,449.0,Campaña digital,True,2,Android,0,0,14,594,3,3,1,1,4,1,1,0.7142857142857143,0.14285714285714285,166.35714285714286,0.3333333333333333
CR001208,CL01116,2025-10-03,Microcrédito,2200000,9,0.0446,302000,App,720,0.1175,Automática,Mora severa,0,1,90,0.6666666666666666,2,40,M,2,Universitario,Estudiante,1120000.0,449.0,Campaña digital,True,2,Android,0,0,14,594,3,3,1,1,4,1,1,0.7142857142857143,0.14285714285714285,166.35714285714286,0.3333333333333333
CR001209,CL01117,2024-07-14,Microcrédito,3400000,3,0.039,1223000,App,798,0.4873,Manual,Mora moderada,0,0,30,0.3333333333333333,2,60,F,3,Técnico/Tecnólogo,Conductor/Repartidor,2510000.0,576.0,Referido,False,2,Android,0,0,9,498,2,1,1,0,2,0,2,0.6666666666666666,0.1111111111111111,174.33333333333334,1.0
CR001210,CL01117,2025-08-26,Microcrédito,2950000,6,0.0438,570000,App,754,0.2271,Automática,Mora moderada,0,1,58,0.6666666666666666,2,60,F,3,Técnico/Tecnólogo,Conductor/Repartidor,2510000.0,576.0,Referido,False,2,Android,0,0,9,498,2,1,1,0,2,0,2,0.6666666666666666,0.1111111111111111,174.33333333333334,1.0
CR001211,CL01118,2024-12-06,Microcrédito,900000,3,0.0312,319000,Aliado,726,0.1933,Automática,Mora severa,0,1,119,0.6666666666666666,1,35,F,2,Universitario,Comerciante,1650000.0,573.0,App orgánico,False,2,Android,0,0,10,944,6,1,0,1,1,1,0,0.8,0.1,216.2,0.0
CR001212,CL01119,2026-02-06,Crédito consumo digital,650000,18,0.0334,49000,App,749,0.0521,Automática,Mora moderada,0,1,42,0.0,2,38,M,2,Técnico/Tecnólogo,Desempleado,940000.0,531.0,Aliado comercial,False,1,iOS,0,0,11,234,6,1,1,0,2,0,0,0.8181818181818182,0.18181818181818182,213.9090909090909,1.0
CR001213,CL01120,2024-12-07,Crédito consumo digital,650000,12,0.0267,64000,App,730,0.0464,Automática,Mora severa,0,0,0,1.0,0,47,No informa,1,Técnico/Tecnólogo,Comerciante,1380000.0,533.0,Campaña digital,True,4,iOS,0,0,7,804,2,1,2,0,2,0,0,1.0,0.0,255.42857142857142,2.0
CR001214,CL01121,2025-07-27,Crédito consumo digital,600000,9,0.0384,80000,App,852,0.0452,Automática,Finalizado,0,0,28,0.8333333333333334,1,47,M,3,Técnico/Tecnólogo,Conductor/Repartidor,1770000.0,547.0,Campaña digital,False,1,Android,0,0,13,809,5,2,2,0,1,1,2,0.8461538461538461,0.0,88.38461538461539,1.0
CR001215,CL01121,2024-03-02,Crédito consumo digital,1350000,6,0.0271,247000,App,900,0.1395,Automática,Finalizado,0,0,21,0.8333333333333334,1,47,M,3,Técnico/Tecnólogo,Conductor/Repartidor,1770000.0,547.0,Campaña digital,False,1,Android,0,0,13,809,5,2,2,0,1,1,2,0.8461538461538461,0.0,88.38461538461539,1.0
CR001216,CL01122,2024-02-03,Crédito libre inversión,2250000,12,0.0262,221000,Web,623,0.1381,Automática,Mora severa,0,1,68,0.16666666666666666,5,17,M,3,Bachiller,Estudiante,1600000.0,359.0,App orgánico,False,2,Android,0,1,9,693,2,0,0,1,4,1,1,0.7777777777777778,0.0,148.11111111111111,0.0
CR001217,CL01123,2026-01-02,Crédito libre inversión,6500000,18,0.0231,445000,Web,900,0.0873,Automática,Activo,0,0,0,0.75,0,42,M,6,Sin información,Empleado,5100000.0,738.0,App orgánico,False,2,iOS,0,0,8,506,3,1,1,0,3,0,0,1.0,0.0,145.875,1.0
CR001218,CL01124,2023-06-21,Crédito libre inversión,1400000,9,0.0257,176000,Call center,833,0.0786,Automática,Finalizado,0,0,5,0.8333333333333334,1,25,F,3,Técnico/Tecnólogo,Independiente,2240000.0,545.0,App orgánico,True,1,Android,0,0,13,912,2,2,2,3,3,0,1,0.38461538461538464,0.3076923076923077,152.30769230769232,1.0
CR001219,CL01124,2025-05-28,Avance de nómina,1800000,6,0.0287,331000,App,899,0.1478,Automática,Mora moderada,0,1,52,0.6666666666666666,2,25,F,3,Técnico/Tecnólogo,Independiente,2240000.0,545.0,App orgánico,True,1,Android,0,0,13,912,2,2,2,3,3,0,1,0.38461538461538464,0.3076923076923077,152.30769230769232,1.0
CR001220,CL01124,2023-11-16,Crédito consumo digital,1150000,6,0.0217,206000,Aliado,802,0.092,Automática,Finalizado,0,0,0,1.0,0,25,F,3,Técnico/Tecnólogo,Independiente,2240000.0,545.0,App orgánico,True,1,Android,0,0,13,912,2,2,2,3,3,0,1,0.38461538461538464,0.3076923076923077,152.30769230769232,1.0
CR001221,CL01125,2024-07-23,Crédito consumo digital,2750000,18,0.0376,213000,App,885,0.0819,Automática,Finalizado,0,0,10,0.6666666666666666,2,52,M,5,Técnico/Tecnólogo,Independiente,2600000.0,646.0,App orgánico,True,2,Android,0,0,10,888,3,3,1,0,1,0,0,0.7,0.3,203.4,0.3333333333333333
CR001222,CL01127,2025-06-29,Avance de nómina,500000,12,0.0296,50000,App,885,0.02,Automática,Activo,0,0,0,1.0,0,39,F,4,Técnico/Tecnólogo,Comerciante,2500000.0,635.0,Aliado comercial,False,3,Android,0,0,15,320,5,2,1,0,4,0,2,0.6666666666666666,0.2,141.26666666666668,0.5
CR001223,CL01127,2025-06-12,Microcrédito,4450000,3,0.095,1615000,App,871,0.646,Excepción,Mora moderada,0,1,49,0.3333333333333333,2,39,F,4,Técnico/Tecnólogo,Comerciante,2500000.0,635.0,Aliado comercial,False,3,Android,0,0,15,320,5,2,1,0,4,0,2,0.6666666666666666,0.2,141.26666666666668,0.5
CR001224,CL01128,2024-09-17,Crédito libre inversión,5300000,6,0.017,937000,App,900,0.3052,Automática,Finalizado,0,0,0,1.0,0,28,F,2,Sin información,Empleado,3070000.0,654.0,App orgánico,True,3,Android,0,0,8,500,3,1,2,1,1,0,0,0.875,0.0,194.75,2.0
CR001225,CL01130,2023-04-17,Crédito consumo digital,4700000,9,0.0223,582000,Web,900,0.1302,Automática,Mora severa,0,1,86,0.8333333333333334,1,39,F,3,Técnico/Tecnólogo,Pensionado,4470000.0,730.0,Campaña digital,False,3,Android,0,0,14,1128,4,3,3,1,2,0,0,0.8571428571428571,0.07142857142857142,193.35714285714286,1.0
CR001226,CL01132,2025-12-26,Crédito consumo digital,1900000,9,0.0224,235000,App,763,0.0936,Automática,Activo,0,0,3,0.75,1,40,M,3,Técnico/Tecnólogo,Empleado,2510000.0,614.0,Referido,True,1,iOS,0,0,7,491,1,0,1,0,3,0,1,0.7142857142857143,0.14285714285714285,110.71428571428571,0.0
CR001227,CL01133,2026-02-07,Microcrédito,3500000,6,0.0395,667000,App,845,0.2417,Automática,Activo,0,0,0,0.6666666666666666,0,52,M,1,Universitario,Microempresario,2760000.0,668.0,Campaña digital,True,2,Android,0,0,5,209,0,2,1,0,2,0,0,1.0,0.0,183.0,0.5
CR001228,CL01134,2025-06-19,Crédito consumo digital,4600000,3,0.0257,1613000,App,835,0.4234,Manual,Finalizado,0,0,9,0.6666666666666666,1,41,F,3,Técnico/Tecnólogo,Microempresario,3810000.0,619.0,App orgánico,False,4,Android,0,0,8,450,3,0,3,0,1,1,0,0.75,0.25,194.0,0.0
CR001229,CL01135,2024-11-04,Crédito consumo digital,1050000,18,0.0285,75000,Web,847,0.0357,Automática,Activo,0,0,29,0.8333333333333334,1,34,F,3,Sin información,Empleado,2100000.0,532.0,Call center,False,0,iOS,0,0,10,571,2,1,2,3,2,0,0,0.7,0.0,186.5,2.0
CR001230,CL01136,2024-12-21,Crédito consumo digital,1350000,18,0.0221,92000,Web,888,0.0358,Automática,Activo,0,0,8,0.8333333333333334,1,46,M,3,Posgrado,Microempresario,3240000.0,644.0,App orgánico,False,0,iOS,0,0,13,654,3,1,1,0,7,1,0,0.9230769230769231,0.07692307692307693,198.76923076923077,1.0
CR001231,CL01136,2025-06-28,Crédito libre inversión,3250000,18,0.0206,218000,App,864,0.0848,Automática,Mora moderada,0,1,41,0.8333333333333334,1,46,M,3,Posgrado,Microempresario,3240000.0,644.0,App orgánico,False,0,iOS,0,0,13,654,3,1,1,0,7,1,0,0.9230769230769231,0.07692307692307693,198.76923076923077,1.0
CR001232,CL01137,2024-01-07,Crédito libre inversión,3450000,24,0.0335,212000,Web,769,0.1134,Automática,Mora severa,0,1,101,0.5,3,48,M,3,Técnico/Tecnólogo,Empleado,1870000.0,482.0,App orgánico,False,3,Android,0,0,13,852,5,0,3,0,4,0,0,0.8461538461538461,0.15384615384615385,149.07692307692307,0.0
CR001233,CL01137,2024-09-15,Crédito consumo digital,1000000,9,0.0216,123000,Web,805,0.0658,Automática,Finalizado,0,0,9,0.8333333333333334,1,48,M,3,Técnico/Tecnólogo,Empleado,1870000.0,482.0,App orgánico,False,3,Android,0,0,13,852,5,0,3,0,4,0,0,0.8461538461538461,0.15384615384615385,149.07692307692307,0.0
CR001234,CL01138,2025-07-07,Crédito consumo digital,1350000,12,0.0366,141000,App,862,0.0515,Automática,Activo,0,0,0,1.0,0,24,F,1,Universitario,Empleado,2740000.0,555.0,Call center,False,1,Android,0,0,11,105,3,3,2,0,3,0,0,0.9090909090909091,0.09090909090909091,131.36363636363637,0.6666666666666666
CR001235,CL01138,2025-12-30,Crédito consumo digital,1050000,12,0.0211,100000,App,805,0.0365,Automática,Activo,0,0,0,1.0,0,24,F,1,Universitario,Empleado,2740000.0,555.0,Call center,False,1,Android,0,0,11,105,3,3,2,0,3,0,0,0.9090909090909091,0.09090909090909091,131.36363636363637,0.6666666666666666
CR001236,CL01139,2025-06-04,Avance de nómina,300000,12,0.0262,29000,App,838,0.023,Automática,Activo,0,0,23,0.3333333333333333,4,42,M,3,Bachiller,Independiente,1260000.0,441.0,Campaña digital,True,0,Android,0,0,13,492,5,2,0,0,3,0,3,0.6923076923076923,0.07692307692307693,144.3846153846154,0.0
CR001237,CL01140,2024-08-25,Crédito libre inversión,3900000,18,0.02,260000,Call center,797,0.1187,Automática,Finalizado,0,0,0,1.0,0,43,F,3,Técnico/Tecnólogo,Empleado,2190000.0,556.0,Call center,True,1,Android,0,0,13,972,4,0,5,1,0,1,1,0.7692307692307693,0.07692307692307693,207.6153846153846,0.0
CR001238,CL01141,2025-11-13,Crédito consumo digital,2050000,9,0.03,263000,App,842,0.0802,Automática,Activo,0,0,0,0.8333333333333334,0,33,F,5,Universitario,Independiente,3280000.0,584.0,Campaña digital,False,2,Android,0,0,14,741,4,2,2,0,5,0,1,0.6428571428571429,0.2857142857142857,188.5,1.0
CR001239,CL01141,2023-11-18,Crédito consumo digital,1650000,18,0.0322,122000,Aliado,888,0.0372,Automática,Mora moderada,0,1,58,0.6666666666666666,2,33,F,5,Universitario,Independiente,3280000.0,584.0,Campaña digital,False,2,Android,0,0,14,741,4,2,2,0,5,0,1,0.6428571428571429,0.2857142857142857,188.5,1.0
CR001240,CL01142,2023-05-14,Crédito consumo digital,1250000,9,0.0341,164000,App,873,0.0522,Automática,Finalizado,0,0,0,1.0,0,50,M,3,Técnico/Tecnólogo,Comerciante,3140000.0,594.0,App orgánico,False,3,Web,0,0,16,1062,4,4,2,1,1,2,1,0.6875,0.1875,138.125,0.5
CR001241,CL01142,2023-12-07,Crédito consumo digital,1350000,9,0.0376,180000,App,852,0.0573,Automática,Finalizado,0,0,0,1.0,0,50,M,3,Técnico/Tecnólogo,Comerciante,3140000.0,594.0,App orgánico,False,3,Web,0,0,16,1062,4,4,2,1,1,2,1,0.6875,0.1875,138.125,0.5
CR001242,CL01142,2024-10-13,Crédito consumo digital,1200000,18,0.0217,81000,App,870,0.0258,Automática,Finalizado,0,0,0,1.0,0,50,M,3,Técnico/Tecnólogo,Comerciante,3140000.0,594.0,App orgánico,False,3,Web,0,0,16,1062,4,4,2,1,1,2,1,0.6875,0.1875,138.125,0.5
CR001243,CL01143,2025-05-13,Avance de nómina,650000,9,0.0192,79000,App,900,0.0282,Automática,Mora moderada,0,1,46,0.8333333333333334,1,34,M,3,Universitario,Microempresario,2800000.0,655.0,Campaña digital,False,4,Android,0,0,10,750,4,2,1,0,2,1,0,0.9,0.1,158.1,0.5
CR001244,CL01144,2025-12-29,Crédito libre inversión,4400000,9,0.0262,555000,Web,881,0.2382,Automática,Activo,0,0,0,1.0,0,37,F,2,Universitario,Empleado,2330000.0,654.0,Campaña digital,True,0,Web,0,0,10,364,4,3,1,0,1,1,0,0.9,0.1,182.3,0.3333333333333333
CR001245,CL01145,2024-03-23,Crédito consumo digital,850000,9,0.0329,111000,Web,736,0.081,Automática,Mora moderada,0,0,6,0.6666666666666666,2,34,F,2,Bachiller,Independiente,1370000.0,458.0,App orgánico,False,1,Android,0,0,14,1021,2,0,6,2,2,0,0,0.7142857142857143,0.14285714285714285,207.0,0.0
CR001246,CL01148,2024-12-06,Crédito consumo digital,4300000,6,0.038,815000,App,810,0.2763,Automática,Finalizado,0,0,0,1.0,0,22,M,2,Bachiller,Microempresario,2950000.0,464.0,App orgánico,False,2,Android,0,0,10,595,4,1,0,1,2,1,1,0.6,0.2,189.6,0.0
CR001247,CL01150,2024-06-04,Crédito consumo digital,1200000,6,0.032,223000,App,843,0.1077,Automática,Mora severa,0,1,104,0.8333333333333334,1,28,M,3,Universitario,Empleado,2070000.0,642.0,Campaña digital,False,0,Android,0,0,10,1100,1,2,2,1,1,2,1,0.7,0.1,122.3,1.0
CR001248,CL01152,2025-09-09,Avance de nómina,600000,24,0.0189,31000,App,863,0.0128,Automática,Activo,0,0,0,1.0,0,19,F,5,Universitario,Empleado,2430000.0,589.0,Aliado comercial,False,2,Web,0,0,7,229,2,1,1,1,2,0,0,0.8571428571428571,0.0,129.85714285714286,1.0
CR001249,CL01153,2024-05-06,Desconocido,3000000,6,0.0358,564000,Aliado,900,0.1253,Automática,Finalizado,0,0,26,0.8333333333333334,1,30,F,3,Técnico/Tecnólogo,Empleado,4500000.0,673.0,Campaña digital,False,0,iOS,0,0,8,989,2,1,0,1,1,0,1,0.5,0.25,175.375,0.0
CR001250,CL01155,2025-08-28,Avance de nómina,950000,9,0.0304,122000,Aliado,770,0.0498,Automática,Mora severa,0,1,85,0.3333333333333333,4,52,M,4,Posgrado,Conductor/Repartidor,2450000.0,506.0,Campaña digital,True,1,iOS,0,0,19,327,5,2,1,0,7,2,2,0.7894736842105263,0.10526315789473684,128.31578947368422,0.5
CR001251,CL01155,2026-01-30,Microcrédito,1600000,6,0.0311,296000,Aliado,824,0.1208,Automática,Activo,0,0,12,0.6666666666666666,1,52,M,4,Posgrado,Conductor/Repartidor,2450000.0,506.0,Campaña digital,True,1,iOS,0,0,19,327,5,2,1,0,7,2,2,0.7894736842105263,0.10526315789473684,128.31578947368422,0.5
CR001252,CL01155,2025-06-21,Crédito libre inversión,4700000,18,0.022,319000,Call center,816,0.1302,Automática,Mora severa,0,1,108,0.6666666666666666,2,52,M,4,Posgrado,Conductor/Repartidor,2450000.0,506.0,Campaña digital,True,1,iOS,0,0,19,327,5,2,1,0,7,2,2,0.7894736842105263,0.10526315789473684,128.31578947368422,0.5
CR001253,CL01156,2025-05-27,Avance de nómina,1050000,3,0.0287,370000,App,850,0.0976,Automática,Mora severa,0,1,80,0.6666666666666666,1,46,F,3,Bachiller,Independiente,3790000.0,526.0,App orgánico,False,0,Android,0,0,15,818,7,0,1,0,5,1,1,0.7333333333333333,0.2,142.06666666666666,0.0
CR001254,CL01156,2024-01-27,Crédito libre inversión,4100000,6,0.0307,759000,Web,900,0.2003,Automática,Mora moderada,0,1,35,0.5,3,46,F,3,Bachiller,Independiente,3790000.0,526.0,App orgánico,False,0,Android,0,0,15,818,7,0,1,0,5,1,1,0.7333333333333333,0.2,142.06666666666666,0.0
CR001255,CL01156,2024-09-27,Crédito consumo digital,1950000,6,0.0296,359000,Aliado,886,0.0947,Automática,Mora severa,0,1,111,0.6666666666666666,2,46,F,3,Bachiller,Independiente,3790000.0,526.0,App orgánico,False,0,Android,0,0,15,818,7,0,1,0,5,1,1,0.7333333333333333,0.2,142.06666666666666,0.0
CR001257,CL01159,2024-04-19,Microcrédito,750000,12,0.0301,75000,Aliado,771,0.0551,Automática,Finalizado,0,0,0,1.0,0,46,M,3,Universitario,Empleado,1360000.0,596.0,Aliado comercial,True,1,Android,0,0,20,1057,8,1,3,0,5,0,2,0.8,0.1,149.0,3.0
CR001258,CL01160,2024-06-20,Crédito consumo digital,2100000,3,0.0328,746000,App,854,0.1995,Automática,Finalizado,0,0,0,1.0,0,33,F,3,Universitario,Comerciante,3740000.0,633.0,App orgánico,False,0,Web,0,0,2,337,0,0,0,0,1,0,0,1.0,0.0,214.0,0.0
CR001259,CL01161,2025-09-19,Crédito consumo digital,1900000,24,0.032,115000,App,900,0.0294,Automática,Activo,0,0,0,1.0,0,19,F,2,Bachiller,Empleado,3910000.0,521.0,Aliado comercial,False,1,Android,0,0,11,340,5,1,1,0,2,0,1,0.6363636363636364,0.2727272727272727,138.0909090909091,1.0
CR001261,CL01165,2024-12-31,Microcrédito,3150000,6,0.0336,588000,Aliado,790,0.3063,Automática,Mora moderada,0,0,30,0.6666666666666666,2,46,F,4,Universitario,Independiente,1920000.0,597.0,Referido,False,3,iOS,0,0,15,647,5,0,2,0,3,2,3,0.7333333333333333,0.06666666666666667,191.13333333333333,0.0
CR001262,CL01165,2025-05-13,Crédito consumo digital,1900000,6,0.0319,353000,App,716,0.1839,Automática,Finalizado,0,0,14,0.6666666666666666,2,46,F,4,Universitario,Independiente,1920000.0,597.0,Referido,False,3,iOS,0,0,15,647,5,0,2,0,3,2,3,0.7333333333333333,0.06666666666666667,191.13333333333333,0.0
CR001263,CL01166,2025-05-15,Crédito libre inversión,5050000,24,0.0238,279000,App,900,0.0779,Automática,Activo,0,0,0,1.0,0,60,M,2,Universitario,Comerciante,3580000.0,696.0,Campaña digital,False,2,Android,0,0,10,708,8,1,0,0,0,1,0,0.7,0.3,191.5,0.0
CR001264,CL01166,2023-10-05,Crédito consumo digital,2600000,3,0.0359,930000,Call center,900,0.2598,Automática,Finalizado,0,0,0,1.0,0,60,M,2,Universitario,Comerciante,3580000.0,696.0,Campaña digital,False,2,Android,0,0,10,708,8,1,0,0,0,1,0,0.7,0.3,191.5,0.0
CR001265,CL01166,2025-04-20,Crédito consumo digital,2600000,24,0.025,145000,Web,900,0.0405,Automática,Activo,0,0,0,1.0,0,60,M,2,Universitario,Comerciante,3580000.0,696.0,Campaña digital,False,2,Android,0,0,10,708,8,1,0,0,0,1,0,0.7,0.3,191.5,0.0
CR001266,CL01168,2025-06-21,Crédito consumo digital,4850000,6,0.0315,900000,App,900,0.163,Automática,Finalizado,0,0,0,1.0,0,42,F,6,Bachiller,Empleado,5520000.0,745.0,Campaña digital,False,2,iOS,0,0,8,355,1,2,0,1,1,2,1,0.75,0.0,152.0,0.0
CR001267,CL01169,2024-02-17,Microcrédito,10650000,9,0.0292,1363000,Aliado,900,0.2776,Automática,Finalizado,0,0,16,0.8333333333333334,1,42,F,3,Universitario,Comerciante,4910000.0,740.0,Call center,False,2,iOS,0,0,12,866,3,3,0,1,3,0,0,0.9166666666666666,0.0,150.58333333333334,0.0
CR001268,CL01170,2025-04-07,Crédito consumo digital,2150000,6,0.0287,395000,App,819,0.1091,Automática,Finalizado,0,0,0,1.0,0,45,M,2,Técnico/Tecnólogo,Microempresario,3620000.0,624.0,Campaña digital,True,3,iOS,0,0,7,838,2,2,2,0,1,0,0,0.7142857142857143,0.2857142857142857,181.57142857142858,1.0
CR001269,CL01171,2025-08-17,Avance de nómina,550000,6,0.0213,99000,App,755,0.0604,Automática,Finalizado,0,0,2,0.8333333333333334,1,44,F,2,Bachiller,Independiente,1640000.0,549.0,Call center,False,2,iOS,0,0,7,207,1,1,1,1,1,0,0,0.8571428571428571,0.0,93.42857142857143,1.0
CR001270,CL01172,2025-10-15,Desconocido,2000000,9,0.0339,262000,Aliado,733,0.169,Automática,Activo,0,0,0,1.0,0,39,F,4,Universitario,Estudiante,1550000.0,603.0,Referido,False,2,iOS,0,0,11,522,3,2,0,0,3,0,2,0.6363636363636364,0.18181818181818182,117.81818181818181,0.0
CR001271,CL01173,2025-05-27,Crédito libre inversión,3000000,3,0.028,1057000,App,707,0.6525,Excepción,Finalizado,0,0,20,0.3333333333333333,2,37,M,2,Bachiller,Independiente,1620000.0,526.0,Referido,False,1,Android,0,0,8,180,0,2,0,1,2,2,0,0.875,0.0,131.5,0.0
CR001272,CL01174,2024-12-04,Crédito libre inversión,7250000,12,0.023,698000,App,900,0.1772,Automática,Mora moderada,0,1,46,0.6666666666666666,2,35,F,3,Técnico/Tecnólogo,Empleado,3940000.0,593.0,Campaña digital,True,0,Android,0,0,11,1104,2,1,3,1,3,1,0,0.8181818181818182,0.09090909090909091,144.72727272727272,3.0
CR001273,CL01175,2025-06-13,Crédito libre inversión,3500000,12,0.0251,341000,App,862,0.0808,Automática,Activo,0,0,0,1.0,0,28,M,1,Universitario,Microempresario,4220000.0,594.0,Aliado comercial,False,4,iOS,0,0,22,517,4,4,4,0,5,2,2,0.8181818181818182,0.09090909090909091,190.86363636363637,1.0
CR001274,CL01175,2025-05-30,Avance de nómina,900000,9,0.0305,116000,Web,900,0.0275,Automática,Finalizado,0,0,0,1.0,0,28,M,1,Universitario,Microempresario,4220000.0,594.0,Aliado comercial,False,4,iOS,0,0,22,517,4,4,4,0,5,2,2,0.8181818181818182,0.09090909090909091,190.86363636363637,1.0
CR001275,CL01175,2024-11-15,Crédito consumo digital,5100000,6,0.0291,939000,App,880,0.2225,Automática,Mora severa,0,1,98,0.8333333333333334,1,28,M,1,Universitario,Microempresario,4220000.0,594.0,Aliado comercial,False,4,iOS,0,0,22,517,4,4,4,0,5,2,2,0.8181818181818182,0.09090909090909091,190.86363636363637,1.0
CR001276,CL01177,2025-11-11,Crédito libre inversión,1600000,18,0.0294,116000,App,705,0.1234,Automática,Mora severa,0,1,111,0.3333333333333333,3,19,F,2,Posgrado,Estudiante,940000.0,492.0,Campaña digital,False,1,iOS,0,0,9,441,3,0,1,0,3,0,2,0.5555555555555556,0.2222222222222222,227.66666666666666,0.0
CR001277,CL01178,2024-08-11,Crédito consumo digital,1150000,6,0.0268,210000,Aliado,889,0.0764,Automática,Finalizado,0,0,0,1.0,0,35,F,3,Sin información,Comerciante,2750000.0,644.0,App orgánico,True,3,iOS,0,0,14,764,5,2,1,1,5,0,0,0.7142857142857143,0.21428571428571427,145.85714285714286,0.5
CR001278,CL01180,2024-04-07,Crédito libre inversión,4800000,18,0.0211,323000,App,900,0.0976,Automática,Mora moderada,0,0,0,1.0,0,25,M,4,Bachiller,Empleado,3310000.0,646.0,Aliado comercial,False,0,Android,0,0,15,975,4,2,0,3,4,2,0,0.6666666666666666,0.13333333333333333,157.46666666666667,0.0
CR001279,CL01180,2024-07-23,Crédito libre inversión,2750000,9,0.0219,340000,App,892,0.1027,Automática,Finalizado,0,0,0,1.0,0,25,M,4,Bachiller,Empleado,3310000.0,646.0,Aliado comercial,False,0,Android,0,0,15,975,4,2,0,3,4,2,0,0.6666666666666666,0.13333333333333333,157.46666666666667,0.0
CR001280,CL01181,2024-05-06,Microcrédito,2150000,9,0.0434,294000,Web,795,0.1633,Automática,Mora severa,0,1,111,0.8333333333333334,1,38,F,1,Universitario,Empleado,1800000.0,569.0,App orgánico,True,1,Android,0,0,12,818,2,0,2,1,5,0,1,0.75,0.08333333333333333,220.33333333333334,0.0
CR001282,CL01183,2024-03-11,Crédito consumo digital,1150000,18,0.0357,88000,App,792,0.0328,Automática,Mora moderada,0,0,22,0.8333333333333334,1,45,M,4,Bachiller,Comerciante,2680000.0,600.0,App orgánico,False,1,Android,0,0,15,599,7,1,2,0,4,0,1,0.8,0.13333333333333333,107.73333333333333,2.0
CR001283,CL01183,2024-02-03,Crédito consumo digital,900000,12,0.022,86000,App,809,0.0321,Automática,Mora severa,0,1,94,0.8333333333333334,1,45,M,4,Bachiller,Comerciante,2680000.0,600.0,App orgánico,False,1,Android,0,0,15,599,7,1,2,0,4,0,1,0.8,0.13333333333333333,107.73333333333333,2.0
CR001284,CL01184,2025-03-29,Crédito consumo digital,850000,6,0.0236,154000,Call center,814,0.1027,Automática,Mora moderada,0,1,44,0.5,3,20,M,2,Bachiller,Independiente,1500000.0,585.0,App orgánico,False,2,Android,0,0,14,652,6,4,2,0,2,0,0,0.7857142857142857,0.21428571428571427,199.21428571428572,0.5
CR001285,CL01185,2025-08-12,Crédito libre inversión,5300000,6,0.027,969000,App,703,0.4195,Manual,Mora moderada,0,1,50,0.5,3,26,F,2,Bachiller,Empleado,2310000.0,508.0,App orgánico,False,2,Android,0,0,12,386,3,1,4,0,3,0,1,0.6666666666666666,0.25,169.5,4.0
CR001286,CL01186,2025-07-15,Crédito consumo digital,1400000,6,0.0228,252000,Web,811,0.0969,Automática,Mora severa,0,1,80,0.8333333333333334,1,45,M,3,Técnico/Tecnólogo,Empleado,2600000.0,660.0,Referido,False,1,Web,0,0,4,167,0,1,0,0,2,0,1,0.5,0.25,165.0,0.0
CR001287,CL01187,2026-01-09,Microcrédito,5850000,12,0.0417,629000,Web,840,0.2321,Automática,Activo,0,0,0,0.75,0,26,M,3,Posgrado,Pensionado,2710000.0,638.0,App orgánico,True,1,iOS,0,0,19,849,8,3,3,0,2,1,2,0.8421052631578947,0.05263157894736842,145.78947368421052,1.0
CR001288,CL01187,2025-07-18,Crédito libre inversión,2200000,12,0.0179,205000,Aliado,900,0.0756,Automática,Activo,0,0,21,0.8333333333333334,1,26,M,3,Posgrado,Pensionado,2710000.0,638.0,App orgánico,True,1,iOS,0,0,19,849,8,3,3,0,2,1,2,0.8421052631578947,0.05263157894736842,145.78947368421052,1.0
CR001289,CL01188,2026-02-03,Crédito libre inversión,3300000,3,0.0308,1169000,App,795,0.4549,Manual,Activo,0,0,6,0.3333333333333333,1,34,M,1,Bachiller,Comerciante,2640000.0,519.0,Campaña digital,True,0,Android,0,0,19,846,4,1,4,0,3,1,1,0.7368421052631579,0.21052631578947367,155.8421052631579,4.0
CR001290,CL01188,2023-12-31,Crédito consumo digital,1450000,3,0.0309,514000,Web,749,0.2,Automática,Finalizado,0,0,0,1.0,0,34,M,1,Bachiller,Comerciante,2640000.0,519.0,Campaña digital,True,0,Android,0,0,19,846,4,1,4,0,3,1,1,0.7368421052631579,0.21052631578947367,155.8421052631579,4.0
CR001291,CL01189,2026-02-03,Microcrédito,250000,9,0.0256,31000,Web,625,0.0721,Automática,Activo,0,0,27,0.3333333333333333,1,42,M,4,Bachiller,Desempleado,430000.0,467.0,Campaña digital,True,2,Android,0,0,10,456,5,2,1,0,1,0,1,0.9,0.0,178.8,0.5
CR001292,CL01190,2024-11-09,Crédito consumo digital,4500000,12,0.0228,433000,Aliado,900,0.0638,Automática,Mora moderada,0,0,0,1.0,0,26,M,4,Técnico/Tecnólogo,Empleado,6790000.0,688.0,Campaña digital,True,1,Android,0,0,21,1108,6,4,4,1,2,1,1,0.7619047619047619,0.14285714285714285,154.95238095238096,1.0
CR001293,CL01190,2024-02-05,Microcrédito,6050000,9,0.0263,764000,Aliado,900,0.1125,Automática,Finalizado,0,0,0,1.0,0,26,M,4,Técnico/Tecnólogo,Empleado,6790000.0,688.0,Campaña digital,True,1,Android,0,0,21,1108,6,4,4,1,2,1,1,0.7619047619047619,0.14285714285714285,154.95238095238096,1.0
CR001294,CL01191,2025-10-07,Crédito consumo digital,800000,18,0.0232,55000,Aliado,900,0.0299,Automática,Mora severa,0,1,88,0.8333333333333334,1,37,F,4,Bachiller,Pensionado,1840000.0,612.0,App orgánico,False,3,Android,0,0,9,734,3,1,0,1,3,0,0,0.7777777777777778,0.1111111111111111,157.44444444444446,0.0
CR001295,CL01193,2026-02-05,Crédito consumo digital,1200000,12,0.0233,116000,Aliado,866,0.0396,Automática,Activo,0,0,0,0.6666666666666666,0,30,F,4,Técnico/Tecnólogo,Independiente,2930000.0,695.0,Aliado comercial,False,1,Android,0,0,10,647,2,3,1,0,1,0,2,0.7,0.1,211.2,0.3333333333333333
CR001296,CL01195,2024-08-07,Crédito consumo digital,1450000,6,0.0375,274000,Aliado,822,0.1015,Automática,Finalizado,0,0,0,1.0,0,20,M,5,Universitario,Empleado,2700000.0,543.0,Campaña digital,False,0,Web,0,0,7,424,2,1,1,1,0,0,2,0.42857142857142855,0.14285714285714285,202.57142857142858,1.0
CR001297,CL01199,2025-11-25,Avance de nómina,1800000,6,0.024,326000,Aliado,821,0.1331,Automática,Mora moderada,0,1,41,0.6,2,38,F,4,Universitario,Independiente,2450000.0,577.0,Campaña digital,True,1,Android,0,0,12,274,5,3,1,0,1,1,0,0.6666666666666666,0.3333333333333333,180.66666666666666,0.3333333333333333
CR001298,CL01199,2026-02-12,Microcrédito,1050000,18,0.0,74000,Aliado,863,0.0302,Automática,Activo,0,0,18,0.3333333333333333,1,38,F,4,Universitario,Independiente,2450000.0,577.0,Campaña digital,True,1,Android,0,0,12,274,5,3,1,0,1,1,0,0.6666666666666666,0.3333333333333333,180.66666666666666,0.3333333333333333
CR001299,CL01200,2025-07-26,Microcrédito,950000,12,0.0306,96000,Web,794,0.0578,Automática,Activo,0,0,9,0.8333333333333334,1,50,M,2,Universitario,Conductor/Repartidor,1660000.0,555.0,App orgánico,False,2,Android,0,0,11,397,4,2,1,0,3,1,0,0.8181818181818182,0.18181818181818182,159.27272727272728,0.5
CR001300,CL01200,2025-12-18,Avance de nómina,350000,18,0.018,23000,App,810,0.0139,Automática,Activo,0,0,0,1.0,0,50,M,2,Universitario,Conductor/Repartidor,1660000.0,555.0,App orgánico,False,2,Android,0,0,11,397,4,2,1,0,3,1,0,0.8181818181818182,0.18181818181818182,159.27272727272728,0.5
CR001301,CL01201,2025-10-08,Crédito consumo digital,450000,18,0.0322,33000,App,795,0.0136,Automática,Activo,0,0,22,0.8333333333333334,1,37,F,2,Técnico/Tecnólogo,Conductor/Repartidor,2430000.0,547.0,Referido,True,1,Android,0,0,3,772,1,0,1,0,0,0,0,0.3333333333333333,0.6666666666666666,190.33333333333334,0.0
CR001302,CL01202,2025-11-10,Microcrédito,8600000,3,0.0302,3042000,Aliado,808,0.6805,Excepción,Mora severa,0,1,65,0.6666666666666666,1,32,M,4,Bachiller,Microempresario,4470000.0,679.0,Aliado comercial,False,0,Android,0,0,12,137,4,1,2,1,2,1,1,0.75,0.08333333333333333,142.66666666666666,2.0
CR001303,CL01203,2025-10-03,Crédito consumo digital,1050000,18,0.0385,82000,Aliado,694,0.1051,Automática,Activo,0,0,8,0.6666666666666666,2,37,M,2,Técnico/Tecnólogo,Desempleado,780000.0,448.0,Referido,False,1,Android,0,0,8,690,1,4,1,0,2,0,0,1.0,0.0,180.125,0.25
CR001304,CL01204,2026-01-09,Crédito consumo digital,5600000,18,0.0235,385000,Aliado,829,0.1024,Automática,Activo,0,0,0,0.75,0,41,F,3,Bachiller,Independiente,3760000.0,671.0,Referido,False,1,iOS,0,0,8,172,3,0,0,0,3,0,2,0.75,0.0,176.625,0.0
CR001305,CL01205,2024-09-10,Crédito libre inversión,3050000,9,0.0186,371000,Web,783,0.1775,Automática,Mora severa,0,1,74,0.6666666666666666,2,36,F,2,Bachiller,Empleado,2090000.0,568.0,App orgánico,False,1,iOS,0,0,9,864,2,1,2,2,0,0,1,0.6666666666666666,0.0,174.22222222222223,2.0
CR001306,CL01207,2025-09-19,Crédito libre inversión,2050000,9,0.0315,265000,Web,878,0.096,Automática,Activo,0,0,25,0.8333333333333334,1,29,M,4,Técnico/Tecnólogo,Independiente,2760000.0,666.0,Aliado comercial,True,0,Android,0,0,9,486,2,1,2,0,1,0,1,0.7777777777777778,0.1111111111111111,201.66666666666666,2.0
CR001307,CL01208,2025-05-07,Microcrédito,1700000,3,0.0348,607000,App,682,0.2362,Automática,Finalizado,0,0,11,0.6666666666666666,1,29,M,1,Bachiller,Desempleado,760000.0,436.0,Aliado comercial,False,2,iOS,0,0,2,35,2,0,0,0,0,0,0,1.0,0.0,62.5,0.0
CR001308,CL01209,2025-04-29,Crédito consumo digital,950000,24,0.0293,56000,App,866,0.0206,Automática,Mora moderada,0,1,50,0.8333333333333334,1,22,F,3,Bachiller,Independiente,2720000.0,564.0,App orgánico,True,2,Android,0,0,24,1056,9,1,3,1,4,2,2,0.75,0.125,163.16666666666666,3.0
CR001309,CL01209,2023-09-09,Microcrédito,3150000,3,0.0391,1133000,Aliado,807,0.4165,Manual,Finalizado,0,0,4,0.3333333333333333,2,22,F,3,Bachiller,Independiente,2720000.0,564.0,App orgánico,True,2,Android,0,0,24,1056,9,1,3,1,4,2,2,0.75,0.125,163.16666666666666,3.0
CR001310,CL01210,2025-12-20,Crédito libre inversión,1100000,24,0.0206,59000,Aliado,732,0.0573,Automática,Activo,0,0,0,1.0,0,53,M,1,Universitario,Desempleado,1030000.0,544.0,Campaña digital,False,1,iOS,0,0,19,124,8,4,3,1,2,0,1,0.7894736842105263,0.10526315789473684,162.6315789473684,0.75
CR001311,CL01211,2025-03-12,Crédito libre inversión,4450000,9,0.0218,550000,App,753,0.3642,Manual,Mora severa,0,1,79,0.5,3,24,M,3,Universitario,Conductor/Repartidor,1510000.0,499.0,App orgánico,False,1,Android,0,0,16,651,5,2,3,0,3,0,2,0.8125,0.0625,184.125,1.5
CR001312,CL01211,2025-11-29,Crédito consumo digital,1150000,24,0.0255,65000,App,769,0.043,Automática,Mora moderada,0,1,37,0.4,3,24,M,3,Universitario,Conductor/Repartidor,1510000.0,499.0,App orgánico,False,1,Android,0,0,16,651,5,2,3,0,3,0,2,0.8125,0.0625,184.125,1.5
CR001313,CL01214,2024-04-26,Avance de nómina,550000,12,0.0308,56000,Web,900,0.0201,Automática,Finalizado,0,0,0,1.0,0,45,M,3,Técnico/Tecnólogo,Empleado,2780000.0,642.0,Campaña digital,False,0,Android,0,0,21,785,8,3,1,0,6,1,0,0.7619047619047619,0.23809523809523808,153.76190476190476,0.3333333333333333
CR001315,CL01214,2024-03-04,Crédito consumo digital,1700000,12,0.0253,166000,Aliado,882,0.0597,Automática,Finalizado,0,0,0,1.0,0,45,M,3,Técnico/Tecnólogo,Empleado,2780000.0,642.0,Campaña digital,False,0,Android,0,0,21,785,8,3,1,0,6,1,0,0.7619047619047619,0.23809523809523808,153.76190476190476,0.3333333333333333
CR001316,CL01215,2023-11-16,Crédito libre inversión,2850000,9,0.0263,360000,App,794,0.1731,Automática,Finalizado,0,0,0,1.0,0,33,F,5,Técnico/Tecnólogo,Independiente,2080000.0,573.0,Campaña digital,True,3,iOS,0,0,8,1029,2,3,1,1,0,0,1,0.75,0.0,144.75,0.3333333333333333
CR001317,CL01216,2025-08-10,Crédito libre inversión,9800000,9,0.0223,1214000,App,877,0.2836,Automática,Activo,0,0,0,1.0,0,48,F,5,Técnico/Tecnólogo,Conductor/Repartidor,4280000.0,621.0,Campaña digital,False,1,Android,0,0,17,408,10,1,1,0,4,1,0,0.9411764705882353,0.058823529411764705,172.23529411764707,1.0
CR001318,CL01216,2025-12-28,Microcrédito,3850000,6,0.0386,731000,App,871,0.1708,Automática,Activo,0,0,2,0.75,1,48,F,5,Técnico/Tecnólogo,Conductor/Repartidor,4280000.0,621.0,Campaña digital,False,1,Android,0,0,17,408,10,1,1,0,4,1,0,0.9411764705882353,0.058823529411764705,172.23529411764707,1.0
CR001319,CL01217,2025-10-03,Microcrédito,6000000,6,0.0408,1148000,Aliado,765,0.4467,Manual,Finalizado,0,0,28,0.5,3,29,F,3,Bachiller,Microempresario,3240000.0,658.0,Aliado comercial,False,0,iOS,0,0,6,518,1,3,1,0,0,0,0,0.8333333333333334,0.16666666666666666,165.33333333333334,0.3333333333333333
CR001320,CL01219,2026-01-22,Microcrédito,4450000,9,0.0335,581000,App,900,0.0937,Automática,Mora moderada,0,1,39,0.6666666666666666,1,28,F,6,Universitario,Comerciante,6200000.0,742.0,Referido,False,2,Android,0,0,21,219,4,1,5,2,3,3,1,0.6190476190476191,0.23809523809523808,190.95238095238096,5.0
CR001321,CL01219,2025-11-29,Crédito consumo digital,3600000,12,0.0258,353000,Aliado,900,0.0569,Automática,Activo,0,0,0,1.0,0,28,F,6,Universitario,Comerciante,6200000.0,742.0,Referido,False,2,Android,0,0,21,219,4,1,5,2,3,3,1,0.6190476190476191,0.23809523809523808,190.95238095238096,5.0
CR001322,CL01220,2024-06-06,Crédito consumo digital,500000,12,0.0374,52000,App,705,0.0416,Automática,Mora severa,0,1,39,0.3333333333333333,4,57,M,4,Técnico/Tecnólogo,Desempleado,1250000.0,518.0,Referido,False,3,Android,0,0,16,1059,4,2,4,1,2,0,1,0.8125,0.0625,200.125,2.0
CR001323,CL01220,2023-12-25,Crédito consumo digital,900000,9,0.0251,113000,App,723,0.0904,Automática,Mora moderada,0,1,40,0.3333333333333333,4,57,M,4,Técnico/Tecnólogo,Desempleado,1250000.0,518.0,Referido,False,3,Android,0,0,16,1059,4,2,4,1,2,0,1,0.8125,0.0625,200.125,2.0
CR001324,CL01221,2023-12-29,Crédito consumo digital,1500000,6,0.0389,285000,Aliado,828,0.0916,Automática,Finalizado,0,0,20,0.5,3,24,F,3,Universitario,Conductor/Repartidor,3110000.0,575.0,App orgánico,False,0,iOS,0,0,12,891,7,2,2,0,0,0,0,0.9166666666666666,0.08333333333333333,175.75,1.0
CR001325,CL01221,2024-07-25,Crédito consumo digital,1250000,9,0.0287,160000,App,855,0.0514,Automática,Mora moderada,0,0,30,0.6666666666666666,2,24,F,3,Universitario,Conductor/Repartidor,3110000.0,575.0,App orgánico,False,0,iOS,0,0,12,891,7,2,2,0,0,0,0,0.9166666666666666,0.08333333333333333,175.75,1.0
CR001326,CL01222,2025-04-16,Microcrédito,850000,6,0.0362,160000,App,699,0.1649,Automática,Finalizado,0,0,13,0.5,3,39,F,4,Técnico/Tecnólogo,Desempleado,970000.0,501.0,Referido,False,1,iOS,0,0,14,700,2,2,1,2,2,1,1,0.6428571428571429,0.14285714285714285,130.14285714285714,0.5
CR001327,CL01224,2025-01-11,Crédito consumo digital,300000,12,0.0264,29000,App,766,0.058,Automática,Finalizado,0,0,0,1.0,0,40,M,2,Técnico/Tecnólogo,Estudiante,500000.0,477.0,Campaña digital,False,1,Android,0,0,9,370,1,2,1,1,1,1,1,0.6666666666666666,0.1111111111111111,219.66666666666666,0.5
CR001328,CL01225,2025-07-25,Crédito consumo digital,1850000,6,0.0276,339000,Aliado,523,0.1389,Excepción,Finalizado,0,0,18,0.6666666666666666,2,34,M,3,Técnico/Tecnólogo,Empleado,2440000.0,588.0,Aliado comercial,True,3,Android,1,0,9,248,1,1,1,0,2,0,1,0.7777777777777778,0.1111111111111111,103.55555555555556,1.0
CR001329,CL01226,2024-09-05,Crédito consumo digital,1600000,6,0.0265,292000,App,783,0.1321,Automática,Finalizado,0,0,26,0.8333333333333334,1,35,M,2,Universitario,Empleado,2210000.0,508.0,Campaña digital,False,2,Android,0,0,10,1167,2,1,1,1,1,0,1,0.8,0.0,142.2,1.0
CR001330,CL01227,2024-01-16,Microcrédito,1800000,18,0.0333,135000,Call center,810,0.0443,Automática,Mora severa,0,0,0,1.0,0,36,M,4,Posgrado,Empleado,3050000.0,581.0,Campaña digital,True,3,Web,0,0,7,863,0,4,0,1,2,0,0,0.5714285714285714,0.2857142857142857,180.28571428571428,0.0
CR001331,CL01228,2024-12-14,Microcrédito,700000,12,0.0383,74000,App,692,0.1156,Automática,Finalizado,0,0,23,0.6666666666666666,2,35,M,1,Universitario,Estudiante,640000.0,457.0,Aliado comercial,False,4,Android,0,0,11,521,1,1,3,1,4,1,0,0.8181818181818182,0.09090909090909091,196.36363636363637,3.0
CR001332,CL01229,2026-01-04,Crédito libre inversión,3400000,3,0.0204,1180000,App,873,0.3907,Manual,Finalizado,0,0,0,1.0,0,46,F,2,Bachiller,Empleado,3020000.0,665.0,Aliado comercial,False,4,Android,0,0,7,381,2,1,2,0,2,0,0,1.0,0.0,205.28571428571428,2.0
CR001333,CL01230,2024-09-22,Microcrédito,5300000,6,0.0265,967000,Call center,779,0.3996,Manual,Mora moderada,0,1,42,0.6666666666666666,2,58,F,2,Sin información,Empleado,2420000.0,592.0,Campaña digital,False,0,Android,0,0,20,984,10,0,2,1,6,1,0,0.75,0.2,133.55,0.0
CR001334,CL01230,2023-10-01,Crédito libre inversión,5400000,24,0.0202,286000,Aliado,897,0.1182,Automática,Mora moderada,0,0,0,1.0,0,58,F,2,Sin información,Empleado,2420000.0,592.0,Campaña digital,False,0,Android,0,0,20,984,10,0,2,1,6,1,0,0.75,0.2,133.55,0.0
CR001335,CL01233,2024-11-14,Crédito consumo digital,1150000,24,0.0351,72000,App,900,0.0321,Automática,Activo,0,0,0,1.0,0,75,F,3,Bachiller,Empleado,2240000.0,705.0,Campaña digital,True,0,iOS,0,0,8,448,1,2,2,0,2,1,0,0.875,0.125,90.25,1.0
CR001336,CL01234,2025-04-12,Crédito consumo digital,2350000,6,0.032,437000,App,783,0.1917,Automática,Finalizado,0,0,0,1.0,0,62,M,1,Bachiller,Microempresario,2280000.0,598.0,Aliado comercial,False,0,Web,0,0,16,277,7,4,4,0,1,0,0,0.875,0.125,208.0,1.0
CR001337,CL01234,2025-12-13,Crédito consumo digital,1850000,24,0.0384,119000,Aliado,850,0.0522,Automática,Activo,0,0,0,0.8,0,62,M,1,Bachiller,Microempresario,2280000.0,598.0,Aliado comercial,False,0,Web,0,0,16,277,7,4,4,0,1,0,0,0.875,0.125,208.0,1.0
CR001338,CL01235,2025-01-18,Crédito libre inversión,2600000,3,0.0307,920000,Aliado,852,0.3206,Automática,Finalizado,0,0,0,1.0,0,28,M,3,Universitario,Empleado,2870000.0,635.0,Referido,False,3,Android,0,0,13,632,5,3,0,0,4,1,0,0.6923076923076923,0.3076923076923077,114.61538461538461,0.0
CR001339,CL01235,2026-02-11,Crédito consumo digital,2200000,6,0.037,416000,Call center,817,0.1449,Automática,Activo,0,0,0,0.6666666666666666,0,28,M,3,Universitario,Empleado,2870000.0,635.0,Referido,False,3,Android,0,0,13,632,5,3,0,0,4,1,0,0.6923076923076923,0.3076923076923077,114.61538461538461,0.0
CR001340,CL01236,2025-05-22,Crédito consumo digital,550000,9,0.0214,68000,App,698,0.1046,Automática,Mora severa,0,1,63,0.6666666666666666,2,52,M,3,Técnico/Tecnólogo,Estudiante,650000.0,586.0,App orgánico,False,1,Android,0,0,13,524,2,2,1,0,6,0,1,0.7692307692307693,0.15384615384615385,126.6923076923077,0.5
CR001341,CL01237,2025-07-12,Crédito consumo digital,2150000,6,0.0266,392000,App,900,0.1037,Automática,Finalizado,0,0,0,1.0,0,53,F,3,Técnico/Tecnólogo,Empleado,3780000.0,703.0,Campaña digital,True,2,Android,0,0,13,136,2,1,0,0,6,2,2,0.6923076923076923,0.15384615384615385,167.0,0.0
CR001342,CL01237,2025-08-02,Microcrédito,3600000,6,0.0409,689000,App,889,0.1823,Automática,Finalizado,0,0,0,1.0,0,53,F,3,Técnico/Tecnólogo,Empleado,3780000.0,703.0,Campaña digital,True,2,Android,0,0,13,136,2,1,0,0,6,2,2,0.6923076923076923,0.15384615384615385,167.0,0.0
CR001343,CL01238,2025-04-30,Crédito consumo digital,1600000,6,0.0215,287000,App,900,0.0744,Automática,Finalizado,0,0,0,1.0,0,30,M,4,Técnico/Tecnólogo,Empleado,3860000.0,649.0,Campaña digital,False,0,Android,0,0,13,713,1,4,0,0,3,2,2,0.7692307692307693,0.07692307692307693,179.15384615384616,0.0
CR001344,CL01239,2025-09-21,Crédito consumo digital,950000,6,0.024,172000,Web,900,0.0669,Automática,Finalizado,0,0,0,1.0,0,42,F,3,Bachiller,Empleado,2950000.0,652.0,Aliado comercial,False,2,iOS,0,0,8,273,1,3,1,0,1,2,0,1.0,0.0,198.25,0.3333333333333333
CR001345,CL01240,2025-10-28,Microcrédito,2700000,3,0.0369,967000,App,782,0.3719,Manual,Mora moderada,0,0,30,0.6666666666666666,1,52,No informa,1,Bachiller,Comerciante,2600000.0,576.0,Campaña digital,False,1,Web,0,0,12,105,3,1,5,1,2,0,0,0.8333333333333334,0.08333333333333333,139.08333333333334,5.0
CR001346,CL01240,2025-09-07,Crédito consumo digital,1050000,9,0.0379,140000,App,825,0.0538,Automática,Mora moderada,0,1,50,0.8333333333333334,1,52,No informa,1,Bachiller,Comerciante,2600000.0,576.0,Campaña digital,False,1,Web,0,0,12,105,3,1,5,1,2,0,0,0.8333333333333334,0.08333333333333333,139.08333333333334,5.0
CR001347,CL01241,2024-07-11,Microcrédito,1900000,9,0.0392,255000,Web,758,0.1294,Automática,Finalizado,0,0,21,0.3333333333333333,4,32,F,3,Posgrado,Comerciante,1970000.0,565.0,Referido,False,2,iOS,0,0,12,922,3,1,4,0,2,1,0,0.9166666666666666,0.08333333333333333,107.75,4.0
CR001348,CL01242,2023-12-18,Microcrédito,1500000,3,0.0407,541000,Aliado,698,0.2245,Automática,Finalizado,0,0,4,0.3333333333333333,2,34,M,1,Bachiller,Empleado,2410000.0,474.0,Campaña digital,False,1,iOS,0,0,5,605,3,0,0,0,2,0,0,1.0,0.0,82.6,0.0
CR001349,CL01243,2025-06-13,Crédito libre inversión,3050000,9,0.0315,394000,App,856,0.1615,Automática,Mora moderada,0,1,45,0.8333333333333334,1,30,F,1,Bachiller,Empleado,2440000.0,561.0,Referido,False,0,Web,0,0,10,322,1,3,1,0,2,2,1,0.8,0.1,161.6,0.3333333333333333
CR001350,CL01244,2023-04-11,Microcrédito,2250000,3,0.0379,808000,App,748,0.4321,Manual,Mora moderada,0,1,54,0.3333333333333333,2,26,M,1,Posgrado,Independiente,1870000.0,564.0,Aliado comercial,False,3,Android,0,0,11,893,5,1,2,0,0,2,0,0.9090909090909091,0.09090909090909091,140.9090909090909,2.0
CR001351,CL01244,2023-06-04,Crédito libre inversión,3600000,12,0.0288,359000,Web,794,0.192,Automática,Mora moderada,0,1,43,0.3333333333333333,4,26,M,1,Posgrado,Independiente,1870000.0,564.0,Aliado comercial,False,3,Android,0,0,11,893,5,1,2,0,0,2,0,0.9090909090909091,0.09090909090909091,140.9090909090909,2.0
CR001352,CL01246,2025-11-08,Avance de nómina,700000,6,0.0216,126000,App,820,0.049,Automática,Activo,0,0,0,0.8333333333333334,0,24,M,2,Sin información,Empleado,2950000.0,526.0,App orgánico,True,4,Android,0,0,20,707,6,0,3,0,6,1,4,0.65,0.15,112.15,0.0
CR001353,CL01246,2024-08-18,Microcrédito,1650000,9,0.0375,219000,App,751,0.0852,Automática,Finalizado,0,0,15,0.8333333333333334,1,24,M,2,Sin información,Empleado,2950000.0,526.0,App orgánico,True,4,Android,0,0,20,707,6,0,3,0,6,1,4,0.65,0.15,112.15,0.0
CR001354,CL01246,2024-05-27,Microcrédito,3000000,3,0.0352,1071000,App,706,0.4167,Manual,Finalizado,0,0,23,0.6666666666666666,1,24,M,2,Sin información,Empleado,2950000.0,526.0,App orgánico,True,4,Android,0,0,20,707,6,0,3,0,6,1,4,0.65,0.15,112.15,0.0
CR001355,CL01247,2024-04-17,Crédito consumo digital,650000,12,0.0306,66000,App,856,0.0282,Automática,Mora moderada,0,0,0,1.0,0,36,M,1,Universitario,Empleado,2340000.0,596.0,Referido,True,2,Android,0,0,11,889,3,2,2,2,1,0,1,0.5454545454545454,0.18181818181818182,160.27272727272728,1.0
CR001356,CL01249,2023-05-17,Microcrédito,1350000,18,0.0372,104000,App,726,0.0963,Automática,Mora severa,0,0,15,0.8333333333333334,1,38,M,5,Bachiller,Desempleado,1080000.0,544.0,App orgánico,True,0,Android,0,0,12,1057,5,2,2,0,2,0,1,0.75,0.16666666666666666,146.33333333333334,1.0
CR001357,CL01249,2025-03-23,Crédito libre inversión,650000,12,0.0179,61000,App,744,0.0565,Automática,Finalizado,0,0,0,1.0,0,38,M,5,Bachiller,Desempleado,1080000.0,544.0,App orgánico,True,0,Android,0,0,12,1057,5,2,2,0,2,0,1,0.75,0.16666666666666666,146.33333333333334,1.0
CR001358,CL01250,2026-02-12,Crédito consumo digital,950000,6,0.0253,173000,App,609,0.0896,Manual,Activo,0,0,0,0.6666666666666666,0,20,F,2,Técnico/Tecnólogo,Empleado,1930000.0,588.0,Referido,False,2,Web,1,0,7,141,4,1,0,0,1,0,1,0.42857142857142855,0.42857142857142855,121.14285714285714,0.0
CR001359,CL01252,2025-11-11,Microcrédito,1400000,9,0.0376,186000,Web,790,0.0974,Automática,Activo,0,0,8,0.6666666666666666,1,44,M,2,Técnico/Tecnólogo,Empleado,1910000.0,514.0,Referido,False,1,Web,0,0,11,249,2,2,2,0,2,2,1,0.8181818181818182,0.09090909090909091,138.36363636363637,1.0
CR001360,CL01252,2025-10-30,Crédito consumo digital,1150000,6,0.0324,214000,App,900,0.112,Automática,Finalizado,0,0,16,0.6666666666666666,2,44,M,2,Técnico/Tecnólogo,Empleado,1910000.0,514.0,Referido,False,1,Web,0,0,11,249,2,2,2,0,2,2,1,0.8181818181818182,0.09090909090909091,138.36363636363637,1.0
CR001361,CL01253,2024-02-16,Crédito consumo digital,1050000,6,0.0377,199000,Aliado,814,0.0732,Automática,Finalizado,0,0,2,0.8333333333333334,1,19,F,2,Universitario,Empleado,2720000.0,685.0,Campaña digital,False,2,iOS,0,0,10,508,3,2,0,1,2,2,0,0.8,0.1,173.9,0.0
CR001362,CL01254,2025-03-24,Microcrédito,2550000,12,0.0286,254000,Web,853,0.0638,Automática,Mora moderada,0,1,45,0.5,3,40,F,2,Universitario,Microempresario,3980000.0,644.0,Aliado comercial,False,3,Android,0,0,13,943,2,1,2,0,2,2,2,0.7692307692307693,0.07692307692307693,135.53846153846155,2.0
CR001363,CL01256,2023-04-28,Avance de nómina,2200000,6,0.0256,400000,App,849,0.125,Automática,Finalizado,0,0,5,0.8333333333333334,1,24,F,3,Bachiller,Conductor/Repartidor,3200000.0,580.0,App orgánico,True,2,Android,0,0,9,917,2,0,0,1,3,1,2,0.6666666666666666,0.0,225.22222222222223,0.0
CR001364,CL01258,2024-03-17,Avance de nómina,700000,6,0.0269,128000,App,795,0.1,Automática,Finalizado,0,0,6,0.8333333333333334,1,40,M,3,Bachiller,Independiente,1280000.0,517.0,Aliado comercial,False,3,iOS,0,0,11,840,6,0,2,1,2,0,0,0.9090909090909091,0.0,154.8181818181818,0.0
CR001365,CL01259,2025-05-31,Crédito consumo digital,4900000,12,0.0332,502000,Call center,900,0.0864,Automática,Activo,0,0,0,1.0,0,29,M,3,Bachiller,Conductor/Repartidor,5810000.0,707.0,Campaña digital,False,0,Android,0,0,9,322,3,0,0,0,3,1,1,0.6666666666666666,0.2222222222222222,146.66666666666666,0.0
CR001366,CL01260,2025-08-05,Crédito libre inversión,2650000,18,0.02,177000,App,900,0.043,Automática,Activo,0,0,0,1.0,0,35,M,4,Sin información,Comerciante,4120000.0,694.0,Referido,False,0,iOS,0,0,23,230,10,2,4,1,3,1,1,0.6956521739130435,0.21739130434782608,182.34782608695653,2.0
CR001367,CL01260,2026-01-26,Crédito consumo digital,1150000,12,0.037,120000,Aliado,900,0.0291,Automática,Activo,0,0,0,1.0,0,35,M,4,Sin información,Comerciante,4120000.0,694.0,Referido,False,0,iOS,0,0,23,230,10,2,4,1,3,1,1,0.6956521739130435,0.21739130434782608,182.34782608695653,2.0
CR001368,CL01260,2025-07-25,Crédito libre inversión,10400000,6,0.0309,1926000,App,825,0.4675,Manual,Finalizado,0,0,0,1.0,0,35,M,4,Sin información,Comerciante,4120000.0,694.0,Referido,False,0,iOS,0,0,23,230,10,2,4,1,3,1,1,0.6956521739130435,0.21739130434782608,182.34782608695653,2.0
CR001369,CL01261,2024-03-10,Crédito consumo digital,1750000,12,0.0297,175000,App,837,0.0745,Automática,Mora severa,0,1,60,0.6666666666666666,2,42,F,3,Técnico/Tecnólogo,Microempresario,2350000.0,536.0,App orgánico,False,3,iOS,0,0,8,871,3,0,0,0,2,2,1,0.75,0.125,211.625,0.0
CR001370,CL01262,2025-08-04,Crédito consumo digital,4750000,6,0.0275,870000,App,900,0.1299,Automática,Finalizado,0,0,2,0.8333333333333334,1,37,F,5,Técnico/Tecnólogo,Empleado,6700000.0,806.0,Campaña digital,False,1,Android,0,0,19,466,7,2,3,0,2,0,3,0.6842105263157895,0.15789473684210525,150.94736842105263,1.5
CR001371,CL01262,2025-12-15,Microcrédito,2600000,24,0.0299,153000,Call center,900,0.0228,Automática,Activo,0,0,0,0.8,0,37,F,5,Técnico/Tecnólogo,Empleado,6700000.0,806.0,Campaña digital,False,1,Android,0,0,19,466,7,2,3,0,2,0,3,0.6842105263157895,0.15789473684210525,150.94736842105263,1.5
CR001372,CL01263,2025-06-16,Crédito consumo digital,2200000,12,0.0345,227000,App,855,0.0692,Automática,Activo,0,0,0,1.0,0,41,No informa,4,Sin información,Conductor/Repartidor,3280000.0,539.0,Aliado comercial,True,4,Android,0,0,5,512,1,1,2,0,0,0,0,0.8,0.2,150.0,2.0
CR001373,CL01264,2026-01-21,Crédito consumo digital,1000000,9,0.0267,126000,App,816,0.067,Automática,Activo,0,0,9,0.6666666666666666,1,27,F,1,Bachiller,Empleado,1880000.0,617.0,Campaña digital,False,1,Android,0,0,7,540,3,2,0,0,2,0,0,1.0,0.0,80.42857142857143,0.0
CR001374,CL01266,2025-10-02,Crédito libre inversión,5650000,9,0.0174,684000,Aliado,844,0.2288,Automática,Mora severa,0,1,83,0.5,3,22,M,2,Universitario,Empleado,2990000.0,500.0,App orgánico,False,2,iOS,0,0,15,606,5,1,1,3,1,1,3,0.6,0.0,173.86666666666667,1.0
CR001375,CL01266,2025-04-07,Crédito consumo digital,1750000,18,0.0353,133000,Call center,845,0.0445,Automática,Activo,0,0,25,0.6666666666666666,2,22,M,2,Universitario,Empleado,2990000.0,500.0,App orgánico,False,2,iOS,0,0,15,606,5,1,1,3,1,1,3,0.6,0.0,173.86666666666667,1.0
CR001376,CL01267,2025-12-26,Crédito consumo digital,2950000,18,0.0266,208000,App,865,0.0448,Automática,Activo,0,0,0,1.0,0,35,M,5,Bachiller,Microempresario,4640000.0,637.0,Campaña digital,False,1,Android,0,0,13,515,4,1,1,1,4,1,1,0.8461538461538461,0.0,148.69230769230768,1.0
CR001377,CL01268,2025-12-26,Crédito libre inversión,6350000,18,0.0216,429000,Web,873,0.1292,Automática,Mora moderada,0,1,33,0.75,1,27,M,2,Sin información,Independiente,3320000.0,599.0,Aliado comercial,False,0,iOS,0,0,8,574,2,1,1,1,1,1,1,0.625,0.125,172.125,1.0
CR001378,CL01269,2024-09-07,Crédito consumo digital,400000,12,0.0229,39000,Aliado,749,0.0513,Automática,Finalizado,0,0,20,0.5,3,29,F,3,Universitario,Desempleado,760000.0,505.0,App orgánico,False,1,Android,0,0,11,833,5,1,1,0,2,1,0,0.6363636363636364,0.36363636363636365,253.36363636363637,1.0
CR001379,CL01270,2025-01-08,Crédito consumo digital,3400000,24,0.0311,203000,Aliado,900,0.0505,Automática,Activo,0,0,21,0.8333333333333334,1,48,M,3,Técnico/Tecnólogo,Microempresario,4020000.0,704.0,Campaña digital,False,2,iOS,0,0,5,473,1,0,0,1,2,0,1,0.6,0.0,162.0,0.0
CR001380,CL01270,2025-11-18,Crédito consumo digital,2100000,6,0.0296,387000,App,900,0.0963,Automática,Activo,0,0,0,1.0,0,48,M,3,Técnico/Tecnólogo,Microempresario,4020000.0,704.0,Campaña digital,False,2,iOS,0,0,5,473,1,0,0,1,2,0,1,0.6,0.0,162.0,0.0
CR001381,CL01271,2025-07-14,Microcrédito,4700000,6,0.035,882000,App,900,0.1913,Automática,Finalizado,0,0,0,1.0,0,47,M,2,Sin información,Comerciante,4610000.0,704.0,Aliado comercial,True,2,Android,0,0,8,955,3,1,3,0,1,0,0,0.875,0.125,213.75,3.0
CR001382,CL01272,2024-04-25,Crédito libre inversión,2150000,6,0.0298,397000,Web,737,0.3254,Automática,Mora severa,0,1,108,0.6666666666666666,2,42,F,2,Técnico/Tecnólogo,Estudiante,1220000.0,540.0,App orgánico,True,2,iOS,0,0,9,918,3,0,1,0,3,0,2,0.5555555555555556,0.2222222222222222,135.66666666666666,0.0
CR001383,CL01273,2025-02-12,Crédito consumo digital,950000,18,0.0201,63000,App,900,0.0227,Automática,Activo,0,0,16,0.8333333333333334,1,25,F,2,Bachiller,Conductor/Repartidor,2770000.0,580.0,Campaña digital,True,2,Android,0,0,22,783,9,3,2,1,4,0,3,0.7727272727272727,0.045454545454545456,147.8181818181818,0.6666666666666666
CR001384,CL01273,2025-07-13,Crédito consumo digital,2050000,18,0.0348,155000,App,900,0.056,Automática,Activo,0,0,0,1.0,0,25,F,2,Bachiller,Conductor/Repartidor,2770000.0,580.0,Campaña digital,True,2,Android,0,0,22,783,9,3,2,1,4,0,3,0.7727272727272727,0.045454545454545456,147.8181818181818,0.6666666666666666
CR001385,CL01273,2025-12-23,Microcrédito,1600000,18,0.0293,116000,App,767,0.0419,Automática,Activo,0,0,0,1.0,0,25,F,2,Bachiller,Conductor/Repartidor,2770000.0,580.0,Campaña digital,True,2,Android,0,0,22,783,9,3,2,1,4,0,3,0.7727272727272727,0.045454545454545456,147.8181818181818,0.6666666666666666
CR001386,CL01274,2025-10-26,Crédito libre inversión,2950000,3,0.0266,1036000,App,776,0.3754,Manual,Finalizado,0,0,0,1.0,0,33,F,4,Técnico/Tecnólogo,Independiente,2760000.0,663.0,Aliado comercial,False,3,iOS,0,0,13,407,5,0,1,1,4,0,2,0.6153846153846154,0.15384615384615385,147.0,0.0
CR001387,CL01275,2024-02-07,Crédito libre inversión,1800000,9,0.0215,222000,Aliado,866,0.0851,Automática,Finalizado,0,0,0,1.0,0,48,M,4,Bachiller,Comerciante,2610000.0,697.0,Campaña digital,True,1,Android,0,0,15,1059,7,4,0,0,2,1,0,0.9333333333333333,0.06666666666666667,178.93333333333334,0.0
CR001388,CL01275,2024-10-27,Crédito libre inversión,5550000,12,0.0278,550000,Aliado,824,0.2107,Automática,Finalizado,0,0,0,1.0,0,48,M,4,Bachiller,Comerciante,2610000.0,697.0,Campaña digital,True,1,Android,0,0,15,1059,7,4,0,0,2,1,0,0.9333333333333333,0.06666666666666667,178.93333333333334,0.0
CR001389,CL01276,2025-12-17,Microcrédito,2950000,6,0.0291,543000,Call center,832,0.1296,Automática,Activo,0,0,13,0.75,1,37,F,3,Bachiller,Empleado,4190000.0,551.0,App orgánico,False,3,Web,0,0,10,223,3,0,4,0,3,0,0,0.7,0.3,171.6,0.0
CR001390,CL01277,2025-07-23,Avance de nómina,300000,3,0.0216,104000,App,758,0.1405,Automática,Mora severa,0,1,60,0.6666666666666666,1,59,M,3,Bachiller,Pensionado,740000.0,545.0,Referido,False,4,Web,0,0,9,673,5,1,0,0,1,0,1,0.8888888888888888,0.0,186.22222222222223,0.0
CR001391,CL01279,2025-11-02,Microcrédito,1750000,12,0.0402,187000,Aliado,755,0.1062,Automática,Mora moderada,0,1,46,0.3333333333333333,3,38,M,3,Técnico/Tecnólogo,Pensionado,1760000.0,521.0,Referido,False,0,Android,0,0,10,150,2,2,1,0,4,0,0,0.7,0.3,76.0,0.5
CR001393,CL01282,2025-11-12,Crédito libre inversión,1950000,9,0.0269,247000,Web,574,0.358,Manual,Mora moderada,0,1,31,0.16666666666666666,4,34,M,2,Sin información,Desempleado,690000.0,397.0,Aliado comercial,False,1,Android,0,0,8,704,2,1,0,0,2,1,0,0.75,0.25,143.5,0.0
CR001395,CL01283,2025-09-29,Crédito consumo digital,1300000,6,0.0235,235000,App,766,0.1257,Automática,Finalizado,0,0,7,0.8333333333333334,1,43,F,3,Técnico/Tecnólogo,Empleado,1870000.0,527.0,Campaña digital,False,0,Android,0,0,19,143,6,2,2,1,4,1,2,0.7368421052631579,0.10526315789473684,177.78947368421052,1.0
CR001396,CL01284,2025-08-01,Crédito consumo digital,4150000,24,0.0237,229000,App,900,0.0631,Automática,Activo,0,0,0,1.0,0,46,F,1,Universitario,Empleado,3630000.0,702.0,Aliado comercial,False,1,Android,0,0,17,906,4,1,2,0,5,0,4,0.47058823529411764,0.29411764705882354,143.11764705882354,2.0
CR001397,CL01284,2025-01-18,Crédito libre inversión,7150000,12,0.0257,700000,Call center,890,0.1928,Automática,Finalizado,0,0,0,1.0,0,46,F,1,Universitario,Empleado,3630000.0,702.0,Aliado comercial,False,1,Android,0,0,17,906,4,1,2,0,5,0,4,0.47058823529411764,0.29411764705882354,143.11764705882354,2.0
CR001398,CL01285,2025-11-28,Crédito libre inversión,4150000,6,0.033,774000,Aliado,895,0.2037,Automática,Activo,0,0,0,1.0,0,28,M,3,Bachiller,Comerciante,3800000.0,656.0,Referido,False,0,Android,0,0,14,335,3,1,3,1,4,1,1,0.7142857142857143,0.14285714285714285,160.5,3.0
CR001399,CL01285,2025-09-22,Avance de nómina,1500000,3,0.0199,520000,App,900,0.1368,Automática,Finalizado,0,0,0,1.0,0,28,M,3,Bachiller,Comerciante,3800000.0,656.0,Referido,False,0,Android,0,0,14,335,3,1,3,1,4,1,1,0.7142857142857143,0.14285714285714285,160.5,3.0
CR001400,CL01286,2026-01-08,Crédito libre inversión,1450000,12,0.0265,143000,App,857,0.0556,Automática,Activo,0,0,0,0.75,0,23,F,2,Bachiller,Empleado,2950000.0,505.0,Call center,True,2,Android,0,0,10,227,3,4,0,1,2,0,0,0.8,0.1,158.2,0.0
CR001401,CL01287,2025-09-14,Crédito consumo digital,1750000,6,0.0331,326000,App,792,0.1567,Automática,Mora moderada,0,1,45,0.3333333333333333,4,19,M,1,Universitario,Conductor/Repartidor,2080000.0,496.0,App orgánico,False,1,Android,0,0,5,724,2,0,2,0,0,0,1,0.4,0.4,292.4,0.0
CR001403,CL01288,2025-10-05,Crédito consumo digital,2050000,6,0.0361,386000,App,803,0.1322,Automática,Finalizado,0,0,0,1.0,0,41,M,3,Posgrado,Microempresario,2920000.0,597.0,App orgánico,False,0,Android,0,0,20,260,7,2,2,1,4,1,3,0.7,0.1,172.5,1.0
CR001404,CL01289,2026-01-21,Crédito libre inversión,2700000,3,0.0308,956000,App,646,0.6978,Excepción,Finalizado,0,0,16,0.0,3,25,F,1,Bachiller,Comerciante,1370000.0,457.0,App orgánico,False,1,Android,0,0,9,290,5,0,2,0,0,0,2,0.7777777777777778,0.0,206.11111111111111,0.0
CR001405,CL01290,2025-08-04,Crédito consumo digital,850000,12,0.0214,81000,Call center,733,0.0455,Automática,Mora severa,0,1,85,0.16666666666666666,5,19,M,2,Bachiller,Conductor/Repartidor,1780000.0,370.0,App orgánico,False,2,Web,0,0,15,826,4,6,1,0,0,2,2,0.6666666666666666,0.2,185.73333333333332,0.16666666666666666
CR001406,CL01290,2024-09-17,Microcrédito,3000000,18,0.0407,238000,Web,694,0.1337,Automática,Mora moderada,0,0,28,0.16666666666666666,5,19,M,2,Bachiller,Conductor/Repartidor,1780000.0,370.0,App orgánico,False,2,Web,0,0,15,826,4,6,1,0,0,2,2,0.6666666666666666,0.2,185.73333333333332,0.16666666666666666
CR001407,CL01291,2025-09-23,Avance de nómina,250000,9,0.0234,31000,App,739,0.05,Automática,Activo,0,0,9,0.8333333333333334,1,40,F,2,Bachiller,Desempleado,620000.0,524.0,App orgánico,False,3,Android,0,0,11,326,4,3,2,1,0,0,1,0.8181818181818182,0.0,204.45454545454547,0.6666666666666666
CR001408,CL01294,2025-05-23,Microcrédito,850000,12,0.025,83000,Aliado,724,0.0585,Automática,Activo,0,0,22,0.8333333333333334,1,44,M,2,Universitario,Estudiante,1420000.0,521.0,App orgánico,False,1,Android,0,0,17,223,6,2,1,0,6,0,2,0.7058823529411765,0.17647058823529413,144.8235294117647,0.5
CR001409,CL01294,2025-05-31,Avance de nómina,650000,6,0.0223,117000,Web,787,0.0824,Automática,Finalizado,0,0,0,1.0,0,44,M,2,Universitario,Estudiante,1420000.0,521.0,App orgánico,False,1,Android,0,0,17,223,6,2,1,0,6,0,2,0.7058823529411765,0.17647058823529413,144.8235294117647,0.5
CR001410,CL01294,2025-10-20,Crédito libre inversión,3700000,9,0.0295,474000,App,751,0.3338,Automática,Mora moderada,0,1,39,0.3333333333333333,4,44,M,2,Universitario,Estudiante,1420000.0,521.0,App orgánico,False,1,Android,0,0,17,223,6,2,1,0,6,0,2,0.7058823529411765,0.17647058823529413,144.8235294117647,0.5
CR001411,CL01295,2024-12-31,Crédito consumo digital,1600000,12,0.02,151000,App,891,0.0377,Automática,Finalizado,0,0,0,1.0,0,37,F,2,Bachiller,Empleado,4010000.0,606.0,Referido,False,2,Android,0,0,8,927,0,2,0,0,2,0,2,0.75,0.0,171.125,0.0
CR001412,CL01296,2025-10-25,Crédito consumo digital,2200000,6,0.0361,414000,App,810,0.124,Automática,Finalizado,0,0,22,0.8333333333333334,1,35,F,2,Técnico/Tecnólogo,Empleado,3340000.0,543.0,App orgánico,True,0,Android,0,0,8,486,1,2,1,0,1,2,1,0.75,0.125,120.125,0.5
CR001413,CL01297,2025-08-19,Crédito consumo digital,700000,18,0.0259,49000,Web,798,0.0462,Automática,Activo,0,0,0,1.0,0,45,M,3,Universitario,Empleado,1060000.0,577.0,Call center,False,0,Web,0,0,9,415,3,1,1,1,1,0,0,0.8888888888888888,0.0,177.88888888888889,1.0
CR001414,CL01299,2025-12-08,Crédito libre inversión,2150000,6,0.0318,399000,App,848,0.1669,Automática,Activo,0,0,0,0.8,0,39,F,3,Sin información,Empleado,2390000.0,579.0,Campaña digital,False,1,Android,0,0,3,313,0,0,0,1,1,0,0,0.3333333333333333,0.3333333333333333,128.0,0.0
CR001415,CL01300,2025-12-21,Crédito libre inversión,2150000,9,0.0182,261000,Web,760,0.3262,Automática,Mora moderada,0,1,57,0.25,3,39,M,2,Bachiller,Independiente,800000.0,502.0,App orgánico,False,2,Android,0,0,15,323,5,0,3,0,4,0,2,0.6,0.26666666666666666,171.86666666666667,0.0
CR001417,CL01302,2025-05-15,Avance de nómina,1000000,6,0.0263,182000,Aliado,855,0.0613,Automática,Mora moderada,0,1,32,0.8333333333333334,1,46,F,4,Bachiller,Conductor/Repartidor,2970000.0,609.0,Campaña digital,False,1,Android,0,0,6,530,2,0,1,0,2,0,1,0.8333333333333334,0.0,106.33333333333333,0.0
CR001418,CL01303,2025-08-26,Avance de nómina,750000,6,0.0277,137000,Web,755,0.0617,Automática,Mora moderada,0,1,35,0.5,3,34,F,3,Técnico/Tecnólogo,Empleado,2220000.0,518.0,App orgánico,True,3,Android,0,0,20,926,7,4,1,0,5,2,1,0.9,0.05,135.65,0.25
CR001419,CL01303,2024-01-04,Crédito libre inversión,6250000,6,0.0333,1166000,App,827,0.5252,Manual,Mora moderada,0,1,42,0.8333333333333334,1,34,F,3,Técnico/Tecnólogo,Empleado,2220000.0,518.0,App orgánico,True,3,Android,0,0,20,926,7,4,1,0,5,2,1,0.9,0.05,135.65,0.25
CR001420,CL01303,2025-07-05,Crédito consumo digital,1650000,12,0.0308,167000,Web,824,0.0752,Automática,Activo,0,0,23,0.6666666666666666,2,34,F,3,Técnico/Tecnólogo,Empleado,2220000.0,518.0,App orgánico,True,3,Android,0,0,20,926,7,4,1,0,5,2,1,0.9,0.05,135.65,0.25
CR001421,CL01304,2025-08-14,Microcrédito,2700000,9,0.0427,368000,Web,721,0.1432,Automática,Mora moderada,0,1,49,0.5,3,28,M,3,Sin información,Desempleado,760000.0,490.0,Campaña digital,False,1,Android,0,0,11,679,1,4,1,2,2,0,0,0.6363636363636364,0.18181818181818182,145.9090909090909,0.25
CR001422,CL01306,2025-08-08,Avance de nómina,1450000,12,0.0291,145000,Web,846,0.0363,Automática,Activo,0,0,0,1.0,0,27,M,5,Universitario,Empleado,3990000.0,623.0,App orgánico,False,1,Android,0,0,17,197,5,0,3,0,5,1,1,0.8235294117647058,0.11764705882352941,212.64705882352942,0.0
CR001423,CL01306,2025-12-09,Crédito consumo digital,2500000,9,0.0355,329000,App,900,0.0825,Automática,Activo,0,0,0,0.8,0,27,M,5,Universitario,Empleado,3990000.0,623.0,App orgánico,False,1,Android,0,0,17,197,5,0,3,0,5,1,1,0.8235294117647058,0.11764705882352941,212.64705882352942,0.0
CR001424,CL01307,2025-07-02,Crédito consumo digital,500000,6,0.0252,91000,Web,829,0.0548,Automática,Mora moderada,0,1,43,0.8333333333333334,1,36,F,2,Técnico/Tecnólogo,Independiente,1660000.0,561.0,Campaña digital,True,1,iOS,0,0,6,830,2,2,0,0,2,0,0,1.0,0.0,164.16666666666666,0.0
CR001425,CL01308,2025-09-21,Avance de nómina,2200000,12,0.0251,215000,Aliado,807,0.0551,Automática,Activo,0,0,0,1.0,0,36,M,5,Bachiller,Comerciante,3900000.0,595.0,Campaña digital,False,0,Android,0,0,14,843,5,3,1,0,3,2,0,0.8571428571428571,0.14285714285714285,156.5,0.3333333333333333
CR001426,CL01308,2024-03-24,Crédito libre inversión,4500000,12,0.0236,435000,Aliado,824,0.1115,Automática,Finalizado,0,0,29,0.8333333333333334,1,36,M,5,Bachiller,Comerciante,3900000.0,595.0,Campaña digital,False,0,Android,0,0,14,843,5,3,1,0,3,2,0,0.8571428571428571,0.14285714285714285,156.5,0.3333333333333333
CR001427,CL01309,2025-07-18,Crédito consumo digital,2350000,9,0.0389,315000,App,805,0.1514,Automática,Finalizado,0,0,0,1.0,0,47,M,3,Posgrado,Independiente,2080000.0,655.0,Campaña digital,True,0,Android,0,0,11,385,3,0,1,2,3,0,1,0.6363636363636364,0.09090909090909091,159.72727272727272,0.0
CR001428,CL01310,2026-02-06,Crédito consumo digital,1250000,9,0.0387,167000,App,827,0.0839,Automática,Mora moderada,0,1,54,0.0,2,41,F,3,Posgrado,Conductor/Repartidor,1990000.0,525.0,Call center,False,2,Web,0,0,4,170,2,1,0,0,1,0,0,0.75,0.25,87.25,0.0
CR001429,CL01311,2026-01-23,Crédito consumo digital,750000,18,0.0253,52000,App,732,0.0473,Automática,Activo,0,0,0,1.0,0,36,M,4,Universitario,Estudiante,1100000.0,542.0,App orgánico,False,1,Android,0,0,8,131,4,1,1,1,1,0,0,0.75,0.125,161.125,1.0
CR001430,CL01312,2025-06-25,Crédito consumo digital,950000,9,0.0342,124000,Aliado,831,0.053,Automática,Finalizado,0,0,8,0.8333333333333334,1,44,M,3,Sin información,Conductor/Repartidor,2340000.0,567.0,App orgánico,False,0,Android,0,0,19,513,3,3,3,3,4,2,0,0.8421052631578947,0.0,212.57894736842104,1.0
CR001431,CL01312,2025-03-20,Crédito consumo digital,750000,18,0.0279,54000,App,900,0.0231,Automática,Mora moderada,0,0,0,1.0,0,44,M,3,Sin información,Conductor/Repartidor,2340000.0,567.0,App orgánico,False,0,Android,0,0,19,513,3,3,3,3,4,2,0,0.8421052631578947,0.0,212.57894736842104,1.0
CR001432,CL01313,2023-06-29,Crédito libre inversión,7100000,9,0.0306,915000,Aliado,757,0.5027,Manual,Mora moderada,0,1,31,0.5,3,50,M,1,Bachiller,Empleado,1820000.0,580.0,Campaña digital,False,0,Android,0,0,20,968,7,3,2,0,3,2,2,0.7,0.2,133.15,0.6666666666666666
CR001433,CL01313,2023-05-12,Crédito consumo digital,1200000,6,0.0386,228000,App,799,0.1253,Automática,Finalizado,0,0,6,0.8333333333333334,1,50,M,1,Bachiller,Empleado,1820000.0,580.0,Campaña digital,False,0,Android,0,0,20,968,7,3,2,0,3,2,2,0.7,0.2,133.15,0.6666666666666666
CR001434,CL01313,2024-04-29,Crédito libre inversión,4050000,9,0.0228,503000,App,815,0.2764,Automática,Mora moderada,0,0,8,0.8333333333333334,1,50,M,1,Bachiller,Empleado,1820000.0,580.0,Campaña digital,False,0,Android,0,0,20,968,7,3,2,0,3,2,2,0.7,0.2,133.15,0.6666666666666666
CR001435,CL01314,2023-07-04,Crédito consumo digital,1300000,12,0.0254,127000,Web,893,0.0502,Automática,Finalizado,0,0,20,0.8333333333333334,1,42,M,4,Posgrado,Conductor/Repartidor,2530000.0,606.0,Aliado comercial,False,0,iOS,0,0,10,853,2,2,2,0,2,0,2,0.7,0.1,116.1,1.0
CR001436,CL01314,2023-10-20,Avance de nómina,400000,18,0.0247,28000,Call center,900,0.0111,Automática,Mora severa,0,1,73,0.8333333333333334,1,42,M,4,Posgrado,Conductor/Repartidor,2530000.0,606.0,Aliado comercial,False,0,iOS,0,0,10,853,2,2,2,0,2,0,2,0.7,0.1,116.1,1.0
CR001437,CL01315,2026-02-12,Crédito consumo digital,350000,6,0.0281,64000,App,742,0.0771,Automática,Activo,0,0,18,0.0,2,36,M,1,Técnico/Tecnólogo,Empleado,830000.0,527.0,App orgánico,False,1,Android,0,0,7,499,3,1,0,0,0,1,2,0.7142857142857143,0.0,125.14285714285714,0.0
CR001438,CL01316,2025-01-29,Crédito consumo digital,2050000,12,0.0226,197000,Aliado,762,0.0925,Automática,Finalizado,0,0,0,1.0,0,23,F,5,Bachiller,Estudiante,2130000.0,507.0,Aliado comercial,False,2,Android,0,0,12,876,3,1,3,0,1,1,3,0.6666666666666666,0.08333333333333333,142.58333333333334,3.0
CR001439,CL01317,2025-09-18,Crédito consumo digital,5550000,9,0.0338,726000,App,845,0.1429,Automática,Mora moderada,0,1,53,0.6666666666666666,2,25,M,3,Bachiller,Empleado,5080000.0,531.0,Aliado comercial,True,1,iOS,0,0,6,577,1,1,0,0,2,0,0,0.8333333333333334,0.16666666666666666,149.5,0.0
CR001440,CL01318,2025-11-06,Microcrédito,2500000,12,0.027,247000,Call center,900,0.0475,Automática,Activo,0,0,24,0.6666666666666666,1,33,M,6,Técnico/Tecnólogo,Empleado,5200000.0,753.0,App orgánico,False,3,Android,0,0,24,604,8,5,1,3,4,1,1,0.625,0.20833333333333334,164.5,0.2
CR001441,CL01318,2026-01-06,Microcrédito,4100000,9,0.0385,548000,App,900,0.1054,Automática,Activo,0,0,0,0.75,0,33,M,6,Técnico/Tecnólogo,Empleado,5200000.0,753.0,App orgánico,False,3,Android,0,0,24,604,8,5,1,3,4,1,1,0.625,0.20833333333333334,164.5,0.2
CR001442,CL01319,2025-06-22,Crédito consumo digital,1000000,6,0.0229,180000,Aliado,842,0.07,Automática,Finalizado,0,0,0,1.0,0,30,M,1,Universitario,Empleado,2950000.0,573.0,App orgánico,False,3,iOS,0,0,13,305,2,2,3,0,1,1,1,0.7692307692307693,0.15384615384615385,196.30769230769232,1.5
CR001443,CL01319,2025-11-05,Crédito libre inversión,3400000,9,0.0253,427000,Call center,818,0.1661,Automática,Activo,0,0,0,0.8333333333333334,0,30,M,1,Universitario,Empleado,2950000.0,573.0,App orgánico,False,3,iOS,0,0,13,305,2,2,3,0,1,1,1,0.7692307692307693,0.15384615384615385,196.30769230769232,1.5
CR001444,CL01320,2025-03-29,Microcrédito,3250000,6,0.0363,612000,Aliado,847,0.1394,Automática,Finalizado,0,0,0,1.0,0,34,M,4,Universitario,Independiente,4390000.0,658.0,Campaña digital,False,1,Android,0,0,25,918,13,6,1,0,2,0,2,0.84,0.08,165.68,0.16666666666666666
CR001445,CL01320,2024-09-13,Microcrédito,3100000,6,0.036,584000,Aliado,879,0.133,Automática,Finalizado,0,0,0,1.0,0,34,M,4,Universitario,Independiente,4390000.0,658.0,Campaña digital,False,1,Android,0,0,25,918,13,6,1,0,2,0,2,0.84,0.08,165.68,0.16666666666666666
CR001446,CL01320,2024-01-10,Microcrédito,2600000,6,0.0279,477000,App,846,0.1087,Automática,Finalizado,0,0,0,1.0,0,34,M,4,Universitario,Independiente,4390000.0,658.0,Campaña digital,False,1,Android,0,0,25,918,13,6,1,0,2,0,2,0.84,0.08,165.68,0.16666666666666666
CR001447,CL01321,2025-09-24,Crédito libre inversión,5900000,18,0.0184,388000,Aliado,869,0.1687,Automática,Mora severa,0,1,109,0.5,3,37,F,1,Sin información,Conductor/Repartidor,2300000.0,510.0,Campaña digital,True,4,iOS,0,0,8,678,0,1,1,0,4,0,2,0.75,0.0,124.375,1.0
CR001448,CL01322,2025-06-21,Crédito libre inversión,2900000,3,0.0292,1024000,Call center,795,0.3122,Automática,Finalizado,0,0,0,1.0,0,41,F,3,Bachiller,Comerciante,3280000.0,587.0,App orgánico,False,1,iOS,0,0,7,333,2,0,0,0,2,2,0,0.8571428571428571,0.14285714285714285,161.42857142857142,0.0
CR001449,CL01323,2025-08-25,Microcrédito,2300000,6,0.0402,439000,Aliado,787,0.1852,Automática,Finalizado,0,0,24,0.8333333333333334,1,35,M,1,Técnico/Tecnólogo,Empleado,2370000.0,573.0,App orgánico,False,0,Android,0,0,7,293,0,2,0,0,3,0,1,0.7142857142857143,0.14285714285714285,283.14285714285717,0.0
CR001450,CL01325,2024-06-30,Microcrédito,2150000,12,0.0312,218000,Web,725,0.109,Automática,Finalizado,0,0,6,0.6666666666666666,2,37,M,4,Sin información,Independiente,2000000.0,542.0,App orgánico,False,1,Android,0,0,8,476,4,1,1,0,1,0,0,0.375,0.625,171.375,1.0
CR001451,CL01326,2024-06-04,Crédito consumo digital,600000,12,0.0302,60000,App,551,0.0349,Manual,Mora moderada,0,1,50,0.8333333333333334,1,19,F,4,Sin información,Estudiante,1720000.0,588.0,Referido,False,1,Android,1,0,11,614,2,3,0,1,3,0,1,0.7272727272727273,0.09090909090909091,134.1818181818182,0.0
CR001452,CL01327,2026-01-13,Microcrédito,2300000,24,0.0396,150000,Aliado,900,0.0338,Automática,Activo,0,0,0,0.75,0,27,F,3,Bachiller,Empleado,4440000.0,680.0,App orgánico,False,0,Android,0,0,22,479,9,2,1,0,7,0,2,0.7727272727272727,0.13636363636363635,121.86363636363636,0.5
CR001453,CL01327,2025-11-15,Avance de nómina,1650000,12,0.0245,160000,Call center,860,0.036,Automática,Activo,0,0,0,0.8333333333333334,0,27,F,3,Bachiller,Empleado,4440000.0,680.0,App orgánico,False,0,Android,0,0,22,479,9,2,1,0,7,0,2,0.7727272727272727,0.13636363636363635,121.86363636363636,0.5
CR001454,CL01328,2025-12-14,Crédito consumo digital,700000,9,0.0378,93000,App,842,0.0592,Automática,Activo,0,0,2,0.6,1,35,M,1,Técnico/Tecnólogo,Microempresario,1570000.0,535.0,Campaña digital,False,2,Android,0,0,13,491,1,3,2,3,2,0,2,0.46153846153846156,0.15384615384615385,141.76923076923077,0.6666666666666666
CR001455,CL01328,2025-10-03,Crédito libre inversión,2450000,12,0.0265,241000,Aliado,759,0.1535,Automática,Mora moderada,0,1,58,0.6666666666666666,2,35,M,1,Técnico/Tecnólogo,Microempresario,1570000.0,535.0,Campaña digital,False,2,Android,0,0,13,491,1,3,2,3,2,0,2,0.46153846153846156,0.15384615384615385,141.76923076923077,0.6666666666666666
CR001456,CL01328,2025-02-12,Microcrédito,2500000,6,0.0278,458000,Web,834,0.2917,Automática,Mora moderada,0,1,46,0.8333333333333334,1,35,M,1,Técnico/Tecnólogo,Microempresario,1570000.0,535.0,Campaña digital,False,2,Android,0,0,13,491,1,3,2,3,2,0,2,0.46153846153846156,0.15384615384615385,141.76923076923077,0.6666666666666666
CR001457,CL01329,2025-05-31,Microcrédito,1450000,6,0.0385,275000,Aliado,900,0.1355,Automática,Finalizado,0,0,0,1.0,0,24,M,1,Bachiller,Comerciante,2030000.0,639.0,Aliado comercial,False,2,Android,0,0,17,328,3,3,4,1,3,1,1,0.8235294117647058,0.058823529411764705,133.1764705882353,1.3333333333333333
CR001458,CL01329,2026-02-13,Crédito consumo digital,600000,9,0.0288,77000,App,846,0.0379,Automática,Activo,0,0,0,0.6666666666666666,0,24,M,1,Bachiller,Comerciante,2030000.0,639.0,Aliado comercial,False,2,Android,0,0,17,328,3,3,4,1,3,1,1,0.8235294117647058,0.058823529411764705,133.1764705882353,1.3333333333333333
CR001459,CL01330,2024-03-28,Crédito consumo digital,1350000,24,0.0277,78000,App,835,0.0316,Automática,Finalizado,0,0,0,1.0,0,42,F,3,Técnico/Tecnólogo,Empleado,2470000.0,601.0,Campaña digital,False,4,Android,0,0,9,1045,3,0,1,0,1,3,0,1.0,0.0,127.44444444444444,0.0
CR001460,CL01331,2023-06-04,Crédito libre inversión,4500000,12,0.0271,444000,App,844,0.1428,Automática,Finalizado,0,0,0,1.0,0,51,M,3,Bachiller,Independiente,3110000.0,643.0,Referido,False,3,Android,0,0,7,1035,3,0,2,1,1,0,0,0.5714285714285714,0.2857142857142857,277.57142857142856,0.0
CR001461,CL01332,2025-05-16,Microcrédito,2350000,12,0.0422,254000,App,900,0.0966,Automática,Activo,0,0,4,0.8333333333333334,1,48,M,2,Universitario,Microempresario,2630000.0,630.0,Campaña digital,False,0,Android,0,0,13,587,5,2,0,1,2,0,2,0.7692307692307693,0.0,234.30769230769232,0.0
CR001462,CL01333,2025-12-28,Crédito consumo digital,1850000,3,0.0289,653000,App,867,0.1458,Automática,Finalizado,0,0,0,1.0,0,34,F,2,Universitario,Empleado,4480000.0,588.0,Call center,False,2,Android,0,0,12,231,1,2,0,1,6,2,0,0.75,0.16666666666666666,100.0,0.0
CR001464,CL01335,2025-10-06,Crédito libre inversión,450000,18,0.0321,33000,App,687,0.055,Automática,Activo,0,0,0,1.0,0,37,M,3,Técnico/Tecnólogo,Estudiante,600000.0,408.0,App orgánico,True,0,iOS,0,0,10,555,3,0,1,0,4,1,1,0.8,0.1,168.6,0.0
CR001465,CL01336,2024-06-26,Avance de nómina,250000,12,0.0286,25000,Aliado,852,0.0234,Automática,Mora severa,0,1,97,0.6666666666666666,2,33,M,1,Bachiller,Independiente,1070000.0,492.0,Aliado comercial,False,0,Android,0,0,12,939,6,2,1,0,2,0,0,0.9166666666666666,0.08333333333333333,174.08333333333334,0.5
CR001466,CL01336,2024-04-19,Crédito consumo digital,250000,24,0.0336,15000,App,799,0.014,Automática,Mora moderada,0,1,51,0.3333333333333333,4,33,M,1,Bachiller,Independiente,1070000.0,492.0,Aliado comercial,False,0,Android,0,0,12,939,6,2,1,0,2,0,0,0.9166666666666666,0.08333333333333333,174.08333333333334,0.5
CR001467,CL01337,2025-12-02,Crédito libre inversión,7700000,6,0.0227,1387000,App,863,0.352,Manual,Activo,0,0,0,1.0,0,30,F,2,Técnico/Tecnólogo,Microempresario,3940000.0,677.0,Aliado comercial,False,2,Android,0,0,5,551,1,1,1,1,1,0,0,0.6,0.2,107.8,1.0
CR001468,CL01338,2023-09-01,Crédito consumo digital,2100000,24,0.0249,117000,App,686,0.0557,Automática,Mora severa,0,1,85,0.6666666666666666,2,33,F,1,Bachiller,Empleado,2100000.0,590.0,Campaña digital,False,2,Android,0,0,7,863,0,3,0,0,4,0,0,0.8571428571428571,0.14285714285714285,101.28571428571429,0.0
CR001469,CL01339,2023-07-11,Avance de nómina,600000,12,0.0183,56000,App,846,0.0218,Automática,Mora moderada,0,1,39,0.8333333333333334,1,17,F,2,Bachiller,Empleado,2950000.0,583.0,Aliado comercial,False,2,Android,0,1,14,1024,7,1,1,0,4,1,0,0.9285714285714286,0.07142857142857142,171.07142857142858,1.0
CR001470,CL01340,2024-12-12,Crédito libre inversión,5950000,6,0.032,1106000,App,780,0.5317,Manual,Mora moderada,0,1,43,0.6666666666666666,2,38,M,1,Técnico/Tecnólogo,Empleado,2080000.0,579.0,Referido,False,0,Web,0,0,13,569,3,2,0,0,3,2,1,0.8461538461538461,0.07692307692307693,148.07692307692307,0.0
CR001471,CL01341,2025-08-30,Crédito libre inversión,6350000,3,0.0311,2250000,App,830,0.5952,Excepción,Mora severa,0,1,73,0.6666666666666666,1,38,F,3,Universitario,Comerciante,3780000.0,642.0,Referido,False,0,Android,0,0,7,392,4,1,0,0,0,1,1,0.8571428571428571,0.0,132.0,0.0
CR001472,CL01342,2025-10-17,Microcrédito,5000000,12,0.0366,522000,Call center,858,0.1491,Automática,Activo,0,0,14,0.6666666666666666,2,36,F,3,Bachiller,Empleado,3500000.0,588.0,Aliado comercial,False,0,Android,0,0,16,589,2,4,0,0,6,2,1,0.75,0.1875,125.5,0.0
CR001473,CL01342,2025-03-14,Crédito consumo digital,1250000,6,0.0341,234000,App,820,0.0669,Automática,Finalizado,0,0,0,1.0,0,36,F,3,Bachiller,Empleado,3500000.0,588.0,Aliado comercial,False,0,Android,0,0,16,589,2,4,0,0,6,2,1,0.75,0.1875,125.5,0.0
CR001474,CL01343,2026-02-01,Crédito consumo digital,1800000,9,0.0342,236000,Call center,897,0.0992,Automática,Activo,0,0,0,0.6666666666666666,0,40,M,1,Técnico/Tecnólogo,Empleado,2380000.0,573.0,Aliado comercial,False,0,iOS,0,0,13,178,5,2,0,1,3,1,1,0.6153846153846154,0.23076923076923078,153.15384615384616,0.0
CR001475,CL01344,2024-08-11,Crédito consumo digital,1250000,3,0.0313,443000,Web,807,0.1765,Automática,Finalizado,0,0,0,1.0,0,48,F,1,Universitario,Empleado,2510000.0,584.0,Campaña digital,False,0,Android,0,0,12,850,3,1,3,0,2,1,1,0.9166666666666666,0.0,98.5,3.0
CR001476,CL01345,2025-06-01,Crédito libre inversión,2150000,9,0.0291,275000,App,818,0.1239,Automática,Mora moderada,0,1,37,0.8333333333333334,1,45,M,3,Universitario,Empleado,2220000.0,587.0,App orgánico,False,2,Android,0,0,2,251,0,2,0,0,0,0,0,0.5,0.5,155.0,0.0
CR001477,CL01346,2024-11-27,Crédito libre inversión,750000,9,0.0172,91000,Aliado,798,0.0901,Automática,Mora moderada,0,1,49,0.16666666666666666,5,21,F,2,Técnico/Tecnólogo,Independiente,1010000.0,510.0,Aliado comercial,False,2,Android,0,0,9,617,2,2,2,0,2,0,0,1.0,0.0,185.22222222222223,1.0
CR001478,CL01347,2025-07-31,Crédito libre inversión,1500000,6,0.0312,278000,App,779,0.1426,Automática,Finalizado,0,0,14,0.3333333333333333,4,19,M,1,Sin información,Conductor/Repartidor,1950000.0,470.0,App orgánico,False,0,Android,0,0,13,219,2,2,2,1,3,1,2,0.7692307692307693,0.0,223.3846153846154,1.0
CR001480,CL01349,2026-01-05,Crédito libre inversión,1550000,9,0.0245,194000,Aliado,682,0.2519,Automática,Mora severa,0,1,84,0.5,1,22,M,2,Bachiller,Desempleado,770000.0,422.0,Referido,True,1,iOS,0,0,7,326,1,0,0,1,2,0,2,0.42857142857142855,0.14285714285714285,203.28571428571428,0.0
CR001481,CL01350,2025-07-06,Microcrédito,2000000,9,0.031,258000,App,848,0.1183,Automática,Mora moderada,0,0,3,0.8333333333333334,1,34,M,3,Técnico/Tecnólogo,Independiente,2180000.0,617.0,App orgánico,True,0,Android,0,0,8,236,3,3,1,0,0,0,1,0.875,0.0,200.875,0.3333333333333333
CR001482,CL01351,2025-10-20,Crédito consumo digital,1550000,6,0.0258,282000,Call center,835,0.1424,Automática,Finalizado,0,0,0,1.0,0,24,M,1,Universitario,Pensionado,1980000.0,489.0,App orgánico,True,2,Android,0,0,14,339,5,2,1,1,2,1,1,0.7142857142857143,0.14285714285714285,195.5,0.5
CR001483,CL01351,2025-11-22,Crédito libre inversión,1350000,12,0.0182,126000,App,799,0.0636,Automática,Mora severa,0,1,98,0.6,2,24,M,1,Universitario,Pensionado,1980000.0,489.0,App orgánico,True,2,Android,0,0,14,339,5,2,1,1,2,1,1,0.7142857142857143,0.14285714285714285,195.5,0.5
CR001484,CL01351,2025-08-04,Microcrédito,2800000,12,0.0337,287000,Aliado,758,0.1449,Automática,Mora moderada,0,0,30,0.5,3,24,M,1,Universitario,Pensionado,1980000.0,489.0,App orgánico,True,2,Android,0,0,14,339,5,2,1,1,2,1,1,0.7142857142857143,0.14285714285714285,195.5,0.5
CR001485,CL01352,2025-02-08,Crédito libre inversión,1450000,3,0.0214,504000,App,743,0.42,Manual,Finalizado,0,0,29,0.3333333333333333,2,19,F,3,Técnico/Tecnólogo,Pensionado,1200000.0,414.0,Campaña digital,False,2,Android,0,0,9,700,4,2,1,0,2,0,0,0.7777777777777778,0.2222222222222222,182.0,0.5
CR001486,CL01353,2026-01-05,Crédito libre inversión,1450000,6,0.0176,257000,Web,808,0.1152,Automática,Activo,0,0,0,0.75,0,41,M,2,Universitario,Comerciante,2230000.0,608.0,Campaña digital,False,1,Android,0,0,11,408,1,3,1,0,4,2,0,0.8181818181818182,0.18181818181818182,189.45454545454547,0.3333333333333333
CR001487,CL01354,2025-09-21,Microcrédito,3500000,6,0.0352,657000,App,835,0.2066,Automática,Mora moderada,0,0,30,0.8333333333333334,1,44,M,4,Universitario,Independiente,3180000.0,603.0,Campaña digital,True,3,Android,0,0,7,418,3,1,0,0,2,0,1,0.7142857142857143,0.14285714285714285,196.28571428571428,0.0
CR001488,CL01356,2025-08-29,Microcrédito,4300000,9,0.0373,571000,Aliado,867,0.1252,Automática,Mora moderada,0,1,44,0.8333333333333334,1,19,M,5,Técnico/Tecnólogo,Empleado,4560000.0,696.0,Referido,False,0,Android,0,0,14,267,4,1,4,1,3,0,0,0.7857142857142857,0.14285714285714285,135.64285714285714,4.0
CR001489,CL01356,2025-11-07,Desconocido,3150000,9,0.0371,418000,App,900,0.0917,Automática,Activo,0,0,0,0.8333333333333334,0,19,M,5,Técnico/Tecnólogo,Empleado,4560000.0,696.0,Referido,False,0,Android,0,0,14,267,4,1,4,1,3,0,0,0.7857142857142857,0.14285714285714285,135.64285714285714,4.0
CR001490,CL01359,2025-12-15,Microcrédito,3000000,18,0.0446,246000,App,751,0.0885,Automática,Mora moderada,0,1,31,0.4,2,21,M,3,Universitario,Empleado,2780000.0,575.0,Call center,True,0,Web,0,0,15,603,5,3,3,1,3,0,0,0.7333333333333333,0.2,152.46666666666667,1.0
CR001491,CL01359,2025-11-15,Crédito consumo digital,1950000,6,0.025,354000,Call center,842,0.1273,Automática,Mora severa,0,1,103,0.6666666666666666,1,21,M,3,Universitario,Empleado,2780000.0,575.0,Call center,True,0,Web,0,0,15,603,5,3,3,1,3,0,0,0.7333333333333333,0.2,152.46666666666667,1.0
CR001492,CL01360,2026-01-17,Crédito consumo digital,750000,12,0.0343,77000,Aliado,588,0.03,Manual,Activo,0,0,18,0.6666666666666666,1,38,M,2,Técnico/Tecnólogo,Comerciante,2640000.0,588.0,Referido,False,2,iOS,1,0,18,639,2,3,2,1,10,0,0,0.7777777777777778,0.16666666666666666,194.0,0.6666666666666666
CR001493,CL01360,2024-09-25,Crédito consumo digital,700000,9,0.0317,91000,Aliado,603,0.0354,Manual,Mora moderada,0,1,50,0.6666666666666666,2,38,M,2,Técnico/Tecnólogo,Comerciante,2640000.0,588.0,Referido,False,2,iOS,1,0,18,639,2,3,2,1,10,0,0,0.7777777777777778,0.16666666666666666,194.0,0.6666666666666666
CR001494,CL01362,2025-09-05,Microcrédito,2150000,6,0.0391,409000,App,867,0.1591,Automática,Mora severa,0,1,74,0.6666666666666666,2,42,M,3,Bachiller,Empleado,2950000.0,569.0,Referido,True,2,Android,0,0,16,108,4,6,4,0,1,1,0,1.0,0.0,161.625,0.6666666666666666
CR001495,CL01362,2025-11-22,Microcrédito,1050000,6,0.0318,195000,Web,811,0.0759,Automática,Activo,0,0,0,1.0,0,42,M,3,Bachiller,Empleado,2950000.0,569.0,Referido,True,2,Android,0,0,16,108,4,6,4,0,1,1,0,1.0,0.0,161.625,0.6666666666666666
CR001497,CL01364,2025-07-12,Crédito consumo digital,1050000,3,0.0362,376000,Aliado,854,0.188,Automática,Finalizado,0,0,0,1.0,0,26,M,2,Técnico/Tecnólogo,Empleado,2000000.0,617.0,App orgánico,False,0,iOS,0,0,7,315,2,0,2,0,0,0,2,0.7142857142857143,0.0,171.28571428571428,0.0
CR001499,CL01366,2025-05-30,Crédito consumo digital,2100000,6,0.0298,387000,Web,607,0.1106,Manual,Mora moderada,0,1,32,0.6666666666666666,2,34,F,3,Técnico/Tecnólogo,Empleado,3500000.0,588.0,Aliado comercial,False,1,iOS,1,0,6,241,3,0,2,0,0,0,1,0.5,0.3333333333333333,111.66666666666667,0.0
CR001500,CL01367,2025-07-05,Crédito libre inversión,7900000,6,0.026,1439000,App,857,0.327,Automática,Finalizado,0,0,0,1.0,0,36,M,3,Sin información,Microempresario,4400000.0,674.0,Aliado comercial,True,4,Android,0,0,11,107,1,0,2,1,1,2,3,0.5454545454545454,0.09090909090909091,166.27272727272728,0.0
CR001501,CL01368,2024-07-15,Crédito consumo digital,650000,6,0.0293,120000,Web,497,0.0652,Excepción,Finalizado,0,0,0,1.0,0,27,F,2,Técnico/Tecnólogo,Empleado,1840000.0,588.0,Aliado comercial,False,1,Android,1,0,14,663,4,1,7,1,0,1,0,0.9285714285714286,0.0,106.71428571428571,7.0
CR001502,CL01368,2025-04-28,Microcrédito,1850000,9,0.0388,247000,App,511,0.1342,Excepción,Finalizado,0,0,6,0.8333333333333334,1,27,F,2,Técnico/Tecnólogo,Empleado,1840000.0,588.0,Aliado comercial,False,1,Android,1,0,14,663,4,1,7,1,0,1,0,0.9285714285714286,0.0,106.71428571428571,7.0
CR001503,CL01369,2025-09-04,Crédito consumo digital,1550000,9,0.0206,190000,App,841,0.0819,Automática,Activo,0,0,0,1.0,0,32,M,3,Bachiller,Empleado,2320000.0,547.0,Referido,False,1,iOS,0,0,13,645,5,1,1,0,5,0,0,0.9230769230769231,0.07692307692307693,192.76923076923077,1.0
CR001505,CL01371,2023-06-26,Crédito libre inversión,2700000,18,0.0336,202000,Web,900,0.0596,Automática,Finalizado,0,0,0,1.0,0,34,M,4,Técnico/Tecnólogo,Empleado,3390000.0,621.0,Referido,False,2,iOS,0,0,14,1047,5,2,1,0,3,0,1,0.7857142857142857,0.14285714285714285,156.85714285714286,0.5
CR001507,CL01373,2025-04-30,Avance de nómina,900000,12,0.0214,86000,App,900,0.0345,Automática,Finalizado,0,0,0,1.0,0,22,M,1,Universitario,Comerciante,2490000.0,585.0,App orgánico,True,1,Android,0,0,11,400,6,1,1,0,1,0,2,0.8181818181818182,0.0,109.0909090909091,1.0
CR001508,CL01373,2025-09-24,Microcrédito,1800000,6,0.0437,348000,App,887,0.1398,Automática,Mora moderada,0,1,37,0.6666666666666666,2,22,M,1,Universitario,Comerciante,2490000.0,585.0,App orgánico,True,1,Android,0,0,11,400,6,1,1,0,1,0,2,0.8181818181818182,0.0,109.0909090909091,1.0
CR001509,CL01374,2025-11-16,Avance de nómina,450000,6,0.0248,82000,Aliado,900,0.0309,Automática,Activo,0,0,14,0.6,2,20,M,3,Universitario,Independiente,2650000.0,582.0,App orgánico,False,2,iOS,0,0,7,191,1,2,1,0,2,1,0,0.8571428571428571,0.14285714285714285,84.0,0.5
CR001510,CL01375,2024-03-17,Crédito libre inversión,2000000,18,0.0286,144000,Call center,829,0.0526,Automática,Finalizado,0,0,0,1.0,0,51,F,2,Bachiller,Conductor/Repartidor,2740000.0,500.0,Referido,False,0,Android,0,0,10,902,1,0,0,1,3,1,2,0.6,0.1,137.7,0.0
CR001511,CL01379,2025-12-14,Crédito consumo digital,850000,12,0.0229,82000,App,805,0.0429,Automática,Activo,0,0,27,0.4,2,30,M,3,Técnico/Tecnólogo,Pensionado,1910000.0,488.0,App orgánico,False,1,Android,0,0,11,127,2,2,1,3,1,2,0,0.7272727272727273,0.0,142.54545454545453,0.5
CR001512,CL01382,2023-08-20,Microcrédito,1150000,12,0.0271,114000,App,873,0.0418,Automática,Mora moderada,0,0,0,1.0,0,31,M,4,Bachiller,Empleado,2730000.0,636.0,Aliado comercial,True,2,Android,0,0,10,1021,5,2,1,0,2,0,0,0.8,0.2,129.5,0.5
CR001513,CL01383,2025-10-11,Crédito consumo digital,2050000,12,0.0218,196000,App,900,0.0563,Automática,Activo,0,0,28,0.6666666666666666,2,58,M,3,Bachiller,Comerciante,3480000.0,767.0,App orgánico,False,0,iOS,0,0,16,393,6,3,2,0,3,0,0,1.0,0.0,168.6875,0.6666666666666666
CR001514,CL01383,2025-12-12,Crédito libre inversión,3400000,18,0.0248,236000,Aliado,900,0.0678,Automática,Activo,0,0,0,0.8,0,58,M,3,Bachiller,Comerciante,3480000.0,767.0,App orgánico,False,0,iOS,0,0,16,393,6,3,2,0,3,0,0,1.0,0.0,168.6875,0.6666666666666666
CR001515,CL01385,2025-10-13,Crédito consumo digital,2800000,18,0.0285,201000,App,900,0.0419,Automática,Activo,0,0,0,1.0,0,43,F,4,Universitario,Empleado,4800000.0,700.0,Call center,False,1,Web,0,0,2,136,1,1,0,0,0,0,0,1.0,0.0,33.5,0.0
CR001517,CL01386,2025-07-30,Crédito consumo digital,700000,9,0.0379,93000,Web,824,0.0534,Automática,Activo,0,0,21,0.6666666666666666,2,39,M,4,Bachiller,Conductor/Repartidor,1740000.0,485.0,Aliado comercial,False,2,iOS,0,0,25,388,8,2,2,1,7,2,2,0.76,0.12,153.64,1.0
CR001518,CL01386,2025-11-26,Crédito libre inversión,1850000,9,0.0194,226000,App,755,0.1299,Automática,Activo,0,0,29,0.6,2,39,M,4,Bachiller,Conductor/Repartidor,1740000.0,485.0,Aliado comercial,False,2,iOS,0,0,25,388,8,2,2,1,7,2,2,0.76,0.12,153.64,1.0
CR001519,CL01388,2026-02-01,Crédito consumo digital,3600000,9,0.0384,481000,App,898,0.1276,Automática,Activo,0,0,0,0.6666666666666666,0,52,F,4,Bachiller,Empleado,3770000.0,710.0,Aliado comercial,False,3,Android,0,0,5,481,1,0,0,0,3,1,0,0.8,0.2,143.8,0.0
CR001520,CL01389,2026-02-14,Crédito consumo digital,850000,3,0.0351,303000,App,900,0.1464,Automática,Activo,0,0,0,0.6666666666666666,0,36,M,2,Bachiller,Empleado,2070000.0,639.0,Referido,False,2,Android,0,0,14,239,4,2,1,1,2,1,1,0.7857142857142857,0.07142857142857142,150.57142857142858,0.5
CR001521,CL01390,2024-04-25,Microcrédito,500000,6,0.0443,97000,Web,755,0.1902,Automática,Mora severa,0,1,108,0.3333333333333333,4,28,M,1,Universitario,Desempleado,510000.0,482.0,App orgánico,False,0,Android,0,0,14,951,7,2,2,0,0,2,1,0.8571428571428571,0.07142857142857142,197.78571428571428,1.0
CR001522,CL01391,2025-11-01,Crédito libre inversión,3000000,6,0.0247,544000,Web,888,0.1902,Automática,Activo,0,0,0,0.8333333333333334,0,41,M,3,Universitario,Empleado,2860000.0,632.0,Campaña digital,False,0,iOS,0,0,13,403,5,5,1,0,1,1,0,0.9230769230769231,0.07692307692307693,143.15384615384616,0.2
CR001524,CL01394,2025-10-01,Crédito consumo digital,1050000,12,0.0321,107000,App,586,0.045,Manual,Activo,0,0,0,1.0,0,37,M,1,Universitario,Empleado,2380000.0,588.0,App orgánico,False,0,Android,1,0,14,645,4,2,1,1,2,1,2,0.6428571428571429,0.14285714285714285,155.28571428571428,0.5
CR001525,CL01394,2025-06-11,Crédito consumo digital,1150000,3,0.0226,401000,App,591,0.1685,Manual,Finalizado,0,0,0,1.0,0,37,M,1,Universitario,Empleado,2380000.0,588.0,App orgánico,False,0,Android,1,0,14,645,4,2,1,1,2,1,2,0.6428571428571429,0.14285714285714285,155.28571428571428,0.5
CR001526,CL01396,2025-07-04,Crédito consumo digital,3900000,6,0.0292,718000,App,900,0.1425,Automática,Finalizado,0,0,1,0.8333333333333334,1,38,M,5,Bachiller,Independiente,5040000.0,659.0,App orgánico,False,0,Web,0,0,11,884,5,1,0,0,1,2,1,0.8181818181818182,0.09090909090909091,168.72727272727272,0.0
CR001527,CL01400,2026-01-12,Crédito consumo digital,2100000,6,0.036,395000,App,900,0.1606,Automática,Activo,0,0,18,0.25,2,29,F,2,Universitario,Independiente,2460000.0,575.0,Referido,False,0,Android,0,0,5,683,1,0,1,0,1,0,2,0.4,0.2,128.4,0.0
